fmid,activity_code,name,type_code,type_label,reg_event,reg_opens_at,date_start,date_end,days,time_start,time_end,location,ages,cost,status,last_seen_ts,enrolled,waitlist,counts_ts,first_scarce_ts,last_open_ts,sold_out_within_seconds,sold_out_within_human,sold_out_start_source
350201492,410404-A,Fin 1,AQUAT,Aquatics,ENJOYSUMMER,2026-05-14T16:00:00+00:00,06/22/2026,08/10/2026,M,10:25 am,10:55 am,Long Bridge Aquatics Center,3.25-5.99,$80.00/$100.00,Waitlist,2026-05-26T15:55:59+00:00,6,0,2026-05-26T15:55:59+00:00,2026-05-26T15:55:59+00:00,2026-05-25T15:21:17+00:00,1036559,11d 23h,reg-open
350201503,410404-B,Fin 1,AQUAT,Aquatics,ENJOYSUMMER,,06/22/2026,08/10/2026,M,11:35 am,12:05 pm,Long Bridge Aquatics Center,3.25-5.99,$80.00/$100.00,Available,2026-05-26T15:55:59+00:00,4,0,2026-05-26T15:55:59+00:00,,,,,
350201514,410404-C,Fin 1,AQUAT,Aquatics,ENJOYSUMMER,2026-05-13T16:00:00+00:00,06/22/2026,08/10/2026,M,4:25 pm,4:55 pm,Long Bridge Aquatics Center,3.25-5.99,$80.00/$100.00,Waitlist,2026-05-26T15:55:59+00:00,6,0,2026-05-26T15:55:59+00:00,2026-05-13T17:35:40+00:00,2026-05-13T17:25:41+00:00,5740,1h 35m,reg-open
350201525,410404-D,Fin 1,AQUAT,Aquatics,ENJOYSUMMER,2026-05-14T16:00:00+00:00,06/22/2026,08/10/2026,M,7:15 pm,7:45 pm,Long Bridge Aquatics Center,3.25-5.99,$80.00/$100.00,Waitlist,2026-05-26T15:55:59+00:00,6,1,2026-05-26T15:55:59+00:00,2026-05-15T14:01:15+00:00,2026-05-15T11:54:30+00:00,79275,22h 1m,reg-open
350201536,410404-E,Fin 1,AQUAT,Aquatics,ENJOYSUMMER,,06/23/2026,08/11/2026,Tu,10:25 am,10:55 am,Long Bridge Aquatics Center,3.25-5.99,$80.00/$100.00,Available,2026-05-26T15:55:59+00:00,4,0,2026-05-26T15:55:59+00:00,,,,,
350201547,410404-F,Fin 1,AQUAT,Aquatics,ENJOYSUMMER,2026-05-13T16:00:00+00:00,06/23/2026,08/11/2026,Tu,4:00 pm,4:30 pm,Long Bridge Aquatics Center,3.25-5.99,$80.00/$100.00,Waitlist,2026-05-26T15:55:59+00:00,6,2,2026-05-26T15:55:59+00:00,2026-05-13T16:16:10+00:00,2026-05-13T13:11:00+00:00,970,16m 10s,reg-open
350201558,410404-G,Fin 1,AQUAT,Aquatics,ENJOYSUMMER,2026-05-13T16:00:00+00:00,06/23/2026,08/11/2026,Tu,5:00 pm,5:30 pm,Long Bridge Aquatics Center,3.25-5.99,$80.00/$100.00,Waitlist,2026-05-26T15:55:59+00:00,5,2,2026-05-26T15:55:59+00:00,2026-05-13T16:22:11+00:00,2026-05-13T16:16:10+00:00,1331,22m 11s,reg-open
350201569,410404-H,Fin 1,AQUAT,Aquatics,ENJOYSUMMER,2026-05-13T16:00:00+00:00,06/23/2026,08/11/2026,Tu,6:45 pm,7:15 pm,Long Bridge Aquatics Center,3.25-5.99,$80.00/$100.00,Waitlist,2026-05-26T15:55:59+00:00,6,1,2026-05-26T15:55:59+00:00,2026-05-13T16:16:10+00:00,2026-05-13T13:11:00+00:00,970,16m 10s,reg-open
350201580,410404-I,Fin 1,AQUAT,Aquatics,ENJOYSUMMER,2026-05-13T16:00:00+00:00,06/24/2026,08/12/2026,W,4:25 pm,4:55 pm,Long Bridge Aquatics Center,3.25-5.99,$80.00/$100.00,Waitlist,2026-05-26T15:55:59+00:00,5,1,2026-05-26T15:55:59+00:00,2026-05-13T17:00:12+00:00,2026-05-13T16:55:11+00:00,3612,1h,reg-open
350201591,410404-J,Fin 1,AQUAT,Aquatics,ENJOYSUMMER,2026-05-13T16:00:00+00:00,06/24/2026,08/12/2026,W,7:15 pm,7:45 pm,Long Bridge Aquatics Center,3.25-5.99,$80.00/$100.00,Waitlist,2026-05-26T15:55:59+00:00,6,1,2026-05-26T15:55:59+00:00,2026-05-13T17:05:41+00:00,2026-05-13T17:00:12+00:00,3941,1h 5m,reg-open
350201602,410404-K,Fin 1,AQUAT,Aquatics,ENJOYSUMMER,2026-05-14T16:00:00+00:00,06/25/2026,08/13/2026,Th,4:00 pm,4:30 pm,Long Bridge Aquatics Center,3.25-5.99,$80.00/$100.00,Waitlist,2026-05-26T15:55:59+00:00,6,0,2026-05-26T15:55:59+00:00,2026-05-15T20:14:32+00:00,2026-05-15T18:20:42+00:00,101672,1d 4h,reg-open
350201613,410404-L,Fin 1,AQUAT,Aquatics,ENJOYSUMMER,2026-05-13T16:00:00+00:00,06/25/2026,08/13/2026,Th,5:00 pm,5:30 pm,Long Bridge Aquatics Center,3.25-5.99,$80.00/$100.00,Waitlist,2026-05-26T15:55:59+00:00,6,2,2026-05-26T15:55:59+00:00,2026-05-13T16:50:11+00:00,2026-05-13T16:45:10+00:00,3011,50m 11s,reg-open
350201624,410404-M,Fin 1,AQUAT,Aquatics,ENJOYSUMMER,2026-05-14T16:00:00+00:00,06/25/2026,08/13/2026,Th,6:45 pm,7:15 pm,Long Bridge Aquatics Center,3.25-5.99,$80.00/$100.00,Waitlist,2026-05-26T15:55:59+00:00,6,4,2026-05-26T15:55:59+00:00,2026-05-14T19:07:07+00:00,2026-05-14T14:04:11+00:00,11227,3h 7m,reg-open
350201635,410404-N,Fin 1,AQUAT,Aquatics,ENJOYSUMMER,2026-05-13T16:00:00+00:00,06/26/2026,08/14/2026 *,F,4:25 pm,4:55 pm,Long Bridge Aquatics Center,3.25-5.99,$70.00/$90.00,Waitlist,2026-05-26T15:55:59+00:00,6,3,2026-05-26T15:55:59+00:00,2026-05-13T16:27:11+00:00,2026-05-13T16:22:11+00:00,1631,27m 11s,reg-open
350201646,410404-O,Fin 1,AQUAT,Aquatics,ENJOYSUMMER,2026-05-13T16:00:00+00:00,06/26/2026,08/14/2026 *,F,6:15 pm,6:45 pm,Long Bridge Aquatics Center,3.25-5.99,$70.00/$90.00,Waitlist,2026-05-26T15:55:59+00:00,5,5,2026-05-26T15:55:59+00:00,2026-05-13T16:16:10+00:00,2026-05-13T13:11:00+00:00,970,16m 10s,reg-open
350201657,410404-P,Fin 1,AQUAT,Aquatics,ENJOYSUMMER,2026-05-13T16:00:00+00:00,06/27/2026,08/15/2026 *,Sa,8:30 am,9:00 am,Long Bridge Aquatics Center,3.25-5.99,$70.00/$90.00,Waitlist,2026-05-26T15:55:59+00:00,6,4,2026-05-26T15:55:59+00:00,2026-05-13T16:16:10+00:00,2026-05-13T13:11:00+00:00,970,16m 10s,reg-open
350201668,410404-Q,Fin 1,AQUAT,Aquatics,ENJOYSUMMER,2026-05-13T16:00:00+00:00,06/27/2026,08/15/2026 *,Sa,8:55 am,9:25 am,Long Bridge Aquatics Center,3.25-5.99,$70.00/$90.00,Waitlist,2026-05-26T15:55:59+00:00,6,9,2026-05-26T15:55:59+00:00,2026-05-13T16:16:10+00:00,2026-05-13T13:11:00+00:00,970,16m 10s,reg-open
350201679,410404-R,Fin 1,AQUAT,Aquatics,ENJOYSUMMER,2026-05-13T16:00:00+00:00,06/27/2026,08/15/2026 *,Sa,11:50 am,12:20 pm,Long Bridge Aquatics Center,3.25-5.99,$70.00/$90.00,Waitlist,2026-05-26T15:55:59+00:00,6,6,2026-05-26T15:55:59+00:00,2026-05-13T16:16:10+00:00,2026-05-13T13:11:00+00:00,970,16m 10s,reg-open
350201690,410404-S,Fin 1,AQUAT,Aquatics,ENJOYSUMMER,2026-05-13T16:00:00+00:00,06/28/2026,08/16/2026 *,Su,8:30 am,9:00 am,Long Bridge Aquatics Center,3.25-5.99,$70.00/$90.00,Waitlist,2026-05-26T15:55:59+00:00,6,4,2026-05-26T15:55:59+00:00,2026-05-13T17:45:40+00:00,2026-05-13T17:35:40+00:00,6340,1h 45m,reg-open
350201701,410404-T,Fin 1,AQUAT,Aquatics,ENJOYSUMMER,2026-05-13T16:00:00+00:00,06/28/2026,08/16/2026 *,Su,9:30 am,10:00 am,Long Bridge Aquatics Center,3.25-5.99,$70.00/$90.00,Waitlist,2026-05-26T15:55:59+00:00,5,12,2026-05-26T15:55:59+00:00,2026-05-13T16:16:10+00:00,2026-05-13T13:11:00+00:00,970,16m 10s,reg-open
350201712,410404-U,Fin 1,AQUAT,Aquatics,ENJOYSUMMER,2026-05-13T16:00:00+00:00,06/28/2026,08/16/2026 *,Su,10:35 am,11:05 am,Long Bridge Aquatics Center,3.25-5.99,$70.00/$90.00,Waitlist,2026-05-26T15:55:59+00:00,6,15,2026-05-26T15:55:59+00:00,2026-05-13T16:16:10+00:00,2026-05-13T13:11:00+00:00,970,16m 10s,reg-open
350201723,410405-A,Fin 2,AQUAT,Aquatics,ENJOYSUMMER,2026-05-13T16:00:00+00:00,06/22/2026,08/10/2026,M,11:00 am,11:30 am,Long Bridge Aquatics Center,3.25-5.99,$80.00/$100.00,Waitlist,2026-05-26T15:55:59+00:00,6,2,2026-05-26T15:55:59+00:00,2026-05-13T16:22:11+00:00,2026-05-13T16:16:10+00:00,1331,22m 11s,reg-open
350201735,410405-B,Fin 2,AQUAT,Aquatics,ENJOYSUMMER,2026-05-13T16:00:00+00:00,06/22/2026,08/10/2026,M,5:00 pm,5:30 pm,Long Bridge Aquatics Center,3.25-5.99,$80.00/$100.00,Waitlist,2026-05-26T15:55:59+00:00,6,1,2026-05-26T15:55:59+00:00,2026-05-13T23:55:59+00:00,2026-05-13T22:09:13+00:00,28559,7h 55m,reg-open
350201746,410405-C,Fin 2,AQUAT,Aquatics,ENJOYSUMMER,2026-05-13T16:00:00+00:00,06/22/2026,08/10/2026,M,6:00 pm,6:30 pm,Long Bridge Aquatics Center,3.25-5.99,$80.00/$100.00,Waitlist,2026-05-26T15:55:59+00:00,5,1,2026-05-26T15:55:59+00:00,2026-05-13T17:55:41+00:00,2026-05-13T17:45:40+00:00,6941,1h 55m,reg-open
350201757,410405-D,Fin 2,AQUAT,Aquatics,ENJOYSUMMER,2026-05-14T16:00:00+00:00,06/23/2026,08/11/2026,Tu,11:35 am,12:05 pm,Long Bridge Aquatics Center,3.25-5.99,$80.00/$100.00,Waitlist,2026-05-26T15:55:59+00:00,6,0,2026-05-26T15:55:59+00:00,2026-05-18T15:46:50+00:00,2026-05-17T13:45:24+00:00,344810,3d 23h,reg-open
350201768,410405-E,Fin 2,AQUAT,Aquatics,ENJOYSUMMER,2026-05-13T16:00:00+00:00,06/23/2026,08/11/2026,Tu,4:00 pm,4:30 pm,Long Bridge Aquatics Center,3.25-5.99,$80.00/$100.00,Waitlist,2026-05-26T15:55:59+00:00,4,3,2026-05-26T15:55:59+00:00,2026-05-13T16:16:10+00:00,2026-05-13T13:11:00+00:00,970,16m 10s,reg-open
350201779,410405-F,Fin 2,AQUAT,Aquatics,ENJOYSUMMER,2026-05-14T16:00:00+00:00,06/23/2026,08/11/2026,Tu,5:35 pm,6:05 pm,Long Bridge Aquatics Center,3.25-5.99,$80.00/$100.00,Waitlist,2026-05-26T15:55:59+00:00,6,0,2026-05-26T15:55:59+00:00,2026-05-14T22:09:19+00:00,2026-05-14T20:28:57+00:00,22159,6h 9m,reg-open
350201790,410405-G,Fin 2,AQUAT,Aquatics,ENJOYSUMMER,2026-05-13T16:00:00+00:00,06/23/2026,08/11/2026,Tu,6:30 pm,7:00 pm,Long Bridge Aquatics Center,3.25-5.99,$80.00/$100.00,Waitlist,2026-05-26T15:55:59+00:00,6,0,2026-05-26T15:55:59+00:00,2026-05-13T16:45:10+00:00,2026-05-13T16:28:10+00:00,2710,45m 10s,reg-open
350201801,410405-H,Fin 2,AQUAT,Aquatics,ENJOYSUMMER,2026-05-14T16:00:00+00:00,06/23/2026,08/11/2026,Tu,7:20 pm,7:50 pm,Long Bridge Aquatics Center,3.25-5.99,$80.00/$100.00,Waitlist,2026-05-26T15:55:59+00:00,6,0,2026-05-26T15:55:59+00:00,2026-05-23T13:50:28+00:00,2026-05-22T14:55:40+00:00,769828,8d 21h,reg-open
350201812,410405-I,Fin 2,AQUAT,Aquatics,ENJOYSUMMER,2026-05-13T16:00:00+00:00,06/24/2026,08/12/2026,W,5:00 pm,5:30 pm,Long Bridge Aquatics Center,3.25-5.99,$80.00/$100.00,Waitlist,2026-05-26T15:55:59+00:00,6,4,2026-05-26T15:55:59+00:00,2026-05-13T16:45:10+00:00,2026-05-13T16:28:10+00:00,2710,45m 10s,reg-open
350201823,410405-J,Fin 2,AQUAT,Aquatics,ENJOYSUMMER,2026-05-13T16:00:00+00:00,06/24/2026,08/12/2026,W,6:00 pm,6:30 pm,Long Bridge Aquatics Center,3.25-5.99,$80.00/$100.00,Waitlist,2026-05-26T15:55:59+00:00,6,2,2026-05-26T15:55:59+00:00,2026-05-13T17:05:41+00:00,2026-05-13T17:00:12+00:00,3941,1h 5m,reg-open
350201834,410405-K,Fin 2,AQUAT,Aquatics,ENJOYSUMMER,2026-05-14T16:00:00+00:00,06/25/2026,08/13/2026,Th,4:00 pm,4:30 pm,Long Bridge Aquatics Center,3.25-5.99,$80.00/$100.00,Waitlist,2026-05-26T15:55:59+00:00,6,1,2026-05-26T15:55:59+00:00,2026-05-14T19:07:07+00:00,2026-05-14T14:04:11+00:00,11227,3h 7m,reg-open
350201845,410405-L,Fin 2,AQUAT,Aquatics,ENJOYSUMMER,2026-05-13T16:00:00+00:00,06/25/2026,08/13/2026,Th,5:35 pm,6:05 pm,Long Bridge Aquatics Center,3.25-5.99,$80.00/$100.00,Waitlist,2026-05-26T15:55:59+00:00,6,1,2026-05-26T15:55:59+00:00,2026-05-13T17:25:41+00:00,2026-05-13T17:15:41+00:00,5141,1h 25m,reg-open
350201856,410405-M,Fin 2,AQUAT,Aquatics,ENJOYSUMMER,2026-05-14T16:00:00+00:00,06/25/2026,08/13/2026,Th,6:30 pm,7:00 pm,Long Bridge Aquatics Center,3.25-5.99,$80.00/$100.00,Waitlist,2026-05-26T15:55:59+00:00,6,0,2026-05-26T15:55:59+00:00,2026-05-15T18:20:42+00:00,2026-05-15T16:07:21+00:00,94842,1d 2h,reg-open
350201867,410405-N,Fin 2,AQUAT,Aquatics,ENJOYSUMMER,2026-05-14T16:00:00+00:00,06/25/2026,08/13/2026,Th,7:20 pm,7:50 pm,Long Bridge Aquatics Center,3.25-5.99,$80.00/$100.00,Waitlist,2026-05-26T15:55:59+00:00,6,0,2026-05-26T15:55:59+00:00,2026-05-26T15:55:59+00:00,2026-05-25T15:21:17+00:00,1036559,11d 23h,reg-open
350201879,410405-O,Fin 2,AQUAT,Aquatics,ENJOYSUMMER,2026-05-13T16:00:00+00:00,06/26/2026,08/14/2026 *,F,5:00 pm,5:30 pm,Long Bridge Aquatics Center,3.25-5.99,$70.00/$90.00,Waitlist,2026-05-26T15:55:59+00:00,6,2,2026-05-26T15:55:59+00:00,2026-05-13T16:27:11+00:00,2026-05-13T16:22:11+00:00,1631,27m 11s,reg-open
350201890,410405-P,Fin 2,AQUAT,Aquatics,ENJOYSUMMER,2026-05-14T16:00:00+00:00,06/26/2026,08/14/2026 *,F,6:50 pm,7:20 pm,Long Bridge Aquatics Center,3.25-5.99,$70.00/$90.00,Waitlist,2026-05-26T15:55:59+00:00,6,1,2026-05-26T15:55:59+00:00,2026-05-14T19:07:07+00:00,2026-05-14T14:04:11+00:00,11227,3h 7m,reg-open
350201901,410405-Q,Fin 2,AQUAT,Aquatics,ENJOYSUMMER,2026-05-14T16:00:00+00:00,06/27/2026,08/15/2026 *,Sa,8:30 am,9:00 am,Long Bridge Aquatics Center,3.25-5.99,$70.00/$90.00,Waitlist,2026-05-26T15:55:59+00:00,6,1,2026-05-26T15:55:59+00:00,2026-05-20T15:39:07+00:00,2026-05-19T15:39:28+00:00,517147,5d 23h,reg-open
350201912,410405-R,Fin 2,AQUAT,Aquatics,ENJOYSUMMER,2026-05-13T16:00:00+00:00,06/27/2026,08/15/2026 *,Sa,9:05 am,9:35 am,Long Bridge Aquatics Center,3.25-5.99,$70.00/$90.00,Waitlist,2026-05-26T15:55:59+00:00,6,2,2026-05-26T15:55:59+00:00,2026-05-13T16:16:10+00:00,2026-05-13T13:11:00+00:00,970,16m 10s,reg-open
350201924,410405-S,Fin 2,AQUAT,Aquatics,ENJOYSUMMER,2026-05-13T16:00:00+00:00,06/27/2026,08/15/2026 *,Sa,9:55 am,10:25 am,Long Bridge Aquatics Center,3.25-5.99,$70.00/$90.00,Waitlist,2026-05-26T15:55:59+00:00,6,2,2026-05-26T15:55:59+00:00,2026-05-13T16:16:10+00:00,2026-05-13T13:11:00+00:00,970,16m 10s,reg-open
350201935,410405-T,Fin 2,AQUAT,Aquatics,ENJOYSUMMER,2026-05-13T16:00:00+00:00,06/27/2026,08/15/2026 *,Sa,10:40 am,11:10 am,Long Bridge Aquatics Center,3.25-5.99,$70.00/$90.00,Waitlist,2026-05-26T15:55:59+00:00,6,2,2026-05-26T15:55:59+00:00,2026-05-13T16:16:10+00:00,2026-05-13T13:11:00+00:00,970,16m 10s,reg-open
350201947,410405-U,Fin 2,AQUAT,Aquatics,ENJOYSUMMER,2026-05-13T16:00:00+00:00,06/27/2026,08/15/2026 *,Sa,11:50 am,12:20 pm,Long Bridge Aquatics Center,3.25-5.99,$70.00/$90.00,Waitlist,2026-05-26T15:55:59+00:00,6,0,2026-05-26T15:55:59+00:00,2026-05-13T17:25:41+00:00,2026-05-13T17:15:41+00:00,5141,1h 25m,reg-open
350201958,410405-V,Fin 2,AQUAT,Aquatics,ENJOYSUMMER,2026-05-13T16:00:00+00:00,06/28/2026,08/16/2026 *,Su,8:30 am,9:00 am,Long Bridge Aquatics Center,3.25-5.99,$70.00/$90.00,Waitlist,2026-05-26T15:55:59+00:00,6,0,2026-05-26T15:55:59+00:00,2026-05-14T02:50:17+00:00,2026-05-13T23:55:59+00:00,39017,10h 50m,reg-open
350201969,410405-W,Fin 2,AQUAT,Aquatics,ENJOYSUMMER,2026-05-13T16:00:00+00:00,06/28/2026,08/16/2026 *,Su,8:55 am,9:25 am,Long Bridge Aquatics Center,3.25-5.99,$70.00/$90.00,Waitlist,2026-05-26T15:55:59+00:00,6,1,2026-05-26T15:55:59+00:00,2026-05-13T16:45:10+00:00,2026-05-13T16:28:10+00:00,2710,45m 10s,reg-open
350201980,410405-X,Fin 2,AQUAT,Aquatics,ENJOYSUMMER,2026-05-13T16:00:00+00:00,06/28/2026,08/16/2026 *,Su,9:50 am,10:20 am,Long Bridge Aquatics Center,3.25-5.99,$70.00/$90.00,Waitlist,2026-05-26T15:55:59+00:00,5,2,2026-05-26T15:55:59+00:00,2026-05-13T16:16:10+00:00,2026-05-13T13:11:00+00:00,970,16m 10s,reg-open
350201991,410405-Y,Fin 2,AQUAT,Aquatics,ENJOYSUMMER,2026-05-13T16:00:00+00:00,06/28/2026,08/16/2026 *,Su,11:10 am,11:40 am,Long Bridge Aquatics Center,3.25-5.99,$70.00/$90.00,Waitlist,2026-05-26T15:55:59+00:00,7,2,2026-05-26T15:55:59+00:00,2026-05-13T16:16:10+00:00,2026-05-13T13:11:00+00:00,970,16m 10s,reg-open
350202003,410406-A,Fin 3,AQUAT,Aquatics,ENJOYSUMMER,2026-05-14T16:00:00+00:00,06/22/2026,08/10/2026,M,4:00 pm,4:30 pm,Long Bridge Aquatics Center,4-5.99,$80.00/$100.00,Waitlist,2026-05-26T15:55:59+00:00,6,0,2026-05-26T15:55:59+00:00,2026-05-22T14:55:40+00:00,2026-05-21T15:42:38+00:00,687340,7d 22h,reg-open
350202018,410406-B,Fin 3,AQUAT,Aquatics,ENJOYSUMMER,,06/22/2026,08/10/2026,M,6:40 pm,7:10 pm,Long Bridge Aquatics Center,4-5.99,$80.00/$100.00,Available,2026-05-26T15:55:59+00:00,5,0,2026-05-26T15:55:59+00:00,,,,,
350202032,410406-C,Fin 3,AQUAT,Aquatics,ENJOYSUMMER,2026-05-14T16:00:00+00:00,06/23/2026,08/11/2026,Tu,11:00 am,11:30 am,Long Bridge Aquatics Center,4-5.99,$80.00/$100.00,Available,2026-05-26T15:55:59+00:00,5,0,2026-05-26T15:55:59+00:00,2026-05-14T19:07:07+00:00,2026-05-14T14:04:11+00:00,11227,3h 7m,reg-open
350202045,410406-D,Fin 3,AQUAT,Aquatics,ENJOYSUMMER,2026-05-13T16:00:00+00:00,06/23/2026,08/11/2026,Tu,4:35 pm,5:05 pm,Long Bridge Aquatics Center,4-5.99,$80.00/$100.00,Waitlist,2026-05-26T15:55:59+00:00,6,1,2026-05-26T15:55:59+00:00,2026-05-13T16:16:10+00:00,2026-05-13T13:11:00+00:00,970,16m 10s,reg-open
350202056,410406-E,Fin 3,AQUAT,Aquatics,ENJOYSUMMER,2026-05-13T16:00:00+00:00,06/23/2026,08/11/2026,Tu,6:10 pm,6:40 pm,Long Bridge Aquatics Center,4-5.99,$80.00/$100.00,Waitlist,2026-05-26T15:55:59+00:00,6,1,2026-05-26T15:55:59+00:00,2026-05-13T16:16:10+00:00,2026-05-13T13:11:00+00:00,970,16m 10s,reg-open
350202069,410406-F,Fin 3,AQUAT,Aquatics,ENJOYSUMMER,2026-05-14T16:00:00+00:00,06/24/2026,08/12/2026,W,4:00 pm,4:30 pm,Long Bridge Aquatics Center,4-5.99,$80.00/$100.00,Waitlist,2026-05-26T15:55:59+00:00,6,0,2026-05-26T15:55:59+00:00,2026-05-22T14:55:40+00:00,2026-05-21T15:42:38+00:00,687340,7d 22h,reg-open
350202080,410406-G,Fin 3,AQUAT,Aquatics,ENJOYSUMMER,,06/24/2026,08/12/2026,W,6:40 pm,7:10 pm,Long Bridge Aquatics Center,4-5.99,$80.00/$100.00,Available,2026-05-26T15:55:59+00:00,4,0,2026-05-26T15:55:59+00:00,,,,,
350202091,410406-H,Fin 3,AQUAT,Aquatics,ENJOYSUMMER,2026-05-13T16:00:00+00:00,06/25/2026,08/13/2026,Th,4:35 pm,5:05 pm,Long Bridge Aquatics Center,4-5.99,$80.00/$100.00,Waitlist,2026-05-26T15:55:59+00:00,6,3,2026-05-26T15:55:59+00:00,2026-05-13T16:16:10+00:00,2026-05-13T13:11:00+00:00,970,16m 10s,reg-open
350202102,410406-I,Fin 3,AQUAT,Aquatics,ENJOYSUMMER,2026-05-14T16:00:00+00:00,06/25/2026,08/13/2026,Th,6:10 pm,6:40 pm,Long Bridge Aquatics Center,4-5.99,$80.00/$100.00,Waitlist,2026-05-26T15:55:59+00:00,6,2,2026-05-26T15:55:59+00:00,2026-05-17T13:45:24+00:00,2026-05-16T13:46:13+00:00,251124,2d 21h,reg-open
350202113,410406-J,Fin 3,AQUAT,Aquatics,ENJOYSUMMER,2026-05-14T16:00:00+00:00,06/26/2026,08/14/2026 *,F,5:30 pm,6:00 pm,Long Bridge Aquatics Center,4-5.99,$70.00/$90.00,Waitlist,2026-05-26T15:55:59+00:00,6,0,2026-05-26T15:55:59+00:00,2026-05-23T13:50:28+00:00,2026-05-22T14:55:40+00:00,769828,8d 21h,reg-open
350202124,410406-K,Fin 3,AQUAT,Aquatics,ENJOYSUMMER,2026-05-14T16:00:00+00:00,06/26/2026,08/14/2026 *,F,5:40 pm,6:10 pm,Long Bridge Aquatics Center,4-5.99,$70.00/$90.00,Waitlist,2026-05-26T15:55:59+00:00,6,0,2026-05-26T15:55:59+00:00,2026-05-20T15:39:07+00:00,2026-05-19T15:39:28+00:00,517147,5d 23h,reg-open
350202135,410406-L,Fin 3,AQUAT,Aquatics,ENJOYSUMMER,2026-05-13T16:00:00+00:00,06/27/2026,08/15/2026 *,Sa,9:50 am,10:20 am,Long Bridge Aquatics Center,4-5.99,$70.00/$90.00,Waitlist,2026-05-26T15:55:59+00:00,6,3,2026-05-26T15:55:59+00:00,2026-05-13T16:16:10+00:00,2026-05-13T13:11:00+00:00,970,16m 10s,reg-open
350202146,410406-M,Fin 3,AQUAT,Aquatics,ENJOYSUMMER,2026-05-13T16:00:00+00:00,06/27/2026,08/15/2026 *,Sa,11:15 am,11:45 am,Long Bridge Aquatics Center,4-5.99,$70.00/$90.00,Waitlist,2026-05-26T15:55:59+00:00,3,1,2026-05-26T15:55:59+00:00,2026-05-13T16:22:11+00:00,2026-05-13T16:16:10+00:00,1331,22m 11s,reg-open
350202157,410406-N,Fin 3,AQUAT,Aquatics,ENJOYSUMMER,2026-05-14T16:00:00+00:00,06/27/2026,08/15/2026 *,Sa,11:55 am,12:25 pm,Long Bridge Aquatics Center,4-5.99,$70.00/$90.00,Waitlist,2026-05-26T15:55:59+00:00,5,1,2026-05-26T15:55:59+00:00,2026-05-14T19:07:07+00:00,2026-05-14T14:04:11+00:00,11227,3h 7m,reg-open
350202168,410406-O,Fin 3,AQUAT,Aquatics,ENJOYSUMMER,2026-05-13T16:00:00+00:00,06/28/2026,08/16/2026 *,Su,9:50 am,10:20 am,Long Bridge Aquatics Center,4-5.99,$70.00/$90.00,Waitlist,2026-05-26T15:55:59+00:00,5,4,2026-05-26T15:55:59+00:00,2026-05-13T16:16:10+00:00,2026-05-13T13:11:00+00:00,970,16m 10s,reg-open
350202180,410406-P,Fin 3,AQUAT,Aquatics,ENJOYSUMMER,2026-05-13T16:00:00+00:00,06/28/2026,08/16/2026 *,Su,10:50 am,11:20 am,Long Bridge Aquatics Center,4-5.99,$70.00/$90.00,Waitlist,2026-05-26T15:55:59+00:00,5,3,2026-05-26T15:55:59+00:00,2026-05-13T17:15:41+00:00,2026-05-13T17:05:41+00:00,4541,1h 15m,reg-open
350202191,410406-Q,Fin 3,AQUAT,Aquatics,ENJOYSUMMER,2026-05-13T16:00:00+00:00,06/28/2026,08/16/2026 *,Su,11:55 am,12:25 pm,Long Bridge Aquatics Center,4-5.99,$70.00/$90.00,Available,2026-05-26T15:55:59+00:00,4,0,2026-05-26T15:55:59+00:00,2026-05-13T16:22:11+00:00,2026-05-13T16:16:10+00:00,1331,22m 11s,reg-open
350202202,410407-A,Fin 4,AQUAT,Aquatics,ENJOYSUMMER,2026-05-14T16:00:00+00:00,06/22/2026,08/10/2026,M,4:00 pm,4:30 pm,Long Bridge Aquatics Center,4.5-6.99,$80.00/$100.00,Waitlist,2026-05-26T15:55:59+00:00,6,0,2026-05-26T15:55:59+00:00,2026-05-20T15:39:07+00:00,2026-05-19T15:39:28+00:00,517147,5d 23h,reg-open
350202213,410407-B,Fin 4,AQUAT,Aquatics,ENJOYSUMMER,,06/22/2026,08/10/2026,M,5:20 pm,5:50 pm,Long Bridge Aquatics Center,4.5-6.99,$80.00/$100.00,Available,2026-05-26T15:55:59+00:00,3,0,2026-05-26T15:55:59+00:00,,,,,
350202224,410407-C,Fin 4,AQUAT,Aquatics,ENJOYSUMMER,2026-05-14T16:00:00+00:00,06/22/2026,08/10/2026,M,6:05 pm,6:35 pm,Long Bridge Aquatics Center,4.5-6.99,$80.00/$100.00,Waitlist,2026-05-26T15:55:59+00:00,6,1,2026-05-26T15:55:59+00:00,2026-05-19T15:39:28+00:00,2026-05-18T15:46:50+00:00,430768,4d 23h,reg-open
350202235,410407-D,Fin 4,AQUAT,Aquatics,ENJOYSUMMER,2026-05-13T16:00:00+00:00,06/23/2026,08/11/2026,Tu,5:55 pm,6:25 pm,Long Bridge Aquatics Center,4.5-6.99,$80.00/$100.00,Waitlist,2026-05-26T15:55:59+00:00,6,0,2026-05-26T15:55:59+00:00,2026-05-13T20:31:34+00:00,2026-05-13T19:08:09+00:00,16294,4h 31m,reg-open
350202246,410407-E,Fin 4,AQUAT,Aquatics,ENJOYSUMMER,2026-05-14T16:00:00+00:00,06/23/2026,08/11/2026,Tu,7:05 pm,7:35 pm,Long Bridge Aquatics Center,4.5-6.99,$80.00/$100.00,Waitlist,2026-05-26T15:55:59+00:00,6,0,2026-05-26T15:55:59+00:00,2026-05-26T15:55:59+00:00,2026-05-25T15:21:17+00:00,1036559,11d 23h,reg-open
350202257,410407-F,Fin 4,AQUAT,Aquatics,ENJOYSUMMER,2026-05-13T16:00:00+00:00,06/24/2026,08/12/2026,W,4:00 pm,4:30 pm,Long Bridge Aquatics Center,4.5-6.99,$80.00/$100.00,Waitlist,2026-05-26T15:55:59+00:00,6,0,2026-05-26T15:55:59+00:00,2026-05-13T20:31:34+00:00,2026-05-13T19:08:09+00:00,16294,4h 31m,reg-open
350202268,410407-G,Fin 4,AQUAT,Aquatics,ENJOYSUMMER,2026-05-14T16:00:00+00:00,06/24/2026,08/12/2026,W,5:20 pm,5:50 pm,Long Bridge Aquatics Center,4.5-6.99,$80.00/$100.00,Waitlist,2026-05-26T15:55:59+00:00,6,0,2026-05-26T15:55:59+00:00,2026-05-19T15:39:28+00:00,2026-05-18T15:46:50+00:00,430768,4d 23h,reg-open
350202279,410407-H,Fin 4,AQUAT,Aquatics,ENJOYSUMMER,2026-05-14T16:00:00+00:00,06/24/2026,08/12/2026,W,6:05 pm,6:35 pm,Long Bridge Aquatics Center,4.5-6.99,$80.00/$100.00,Waitlist,2026-05-26T15:55:59+00:00,6,1,2026-05-26T15:55:59+00:00,2026-05-19T15:39:28+00:00,2026-05-18T15:46:50+00:00,430768,4d 23h,reg-open
350202290,410407-I,Fin 4,AQUAT,Aquatics,ENJOYSUMMER,2026-05-14T16:00:00+00:00,06/25/2026,08/13/2026,Th,5:55 pm,6:25 pm,Long Bridge Aquatics Center,4.5-6.99,$80.00/$100.00,Waitlist,2026-05-26T15:55:59+00:00,6,0,2026-05-26T15:55:59+00:00,2026-05-22T14:55:40+00:00,2026-05-21T15:42:38+00:00,687340,7d 22h,reg-open
350202301,410407-J,Fin 4,AQUAT,Aquatics,ENJOYSUMMER,2026-05-13T16:00:00+00:00,06/25/2026,08/13/2026,Th,7:05 pm,7:35 pm,Long Bridge Aquatics Center,4.5-6.99,$80.00/$100.00,Waitlist,2026-05-26T15:55:59+00:00,6,1,2026-05-26T15:55:59+00:00,2026-05-13T22:09:13+00:00,2026-05-13T20:31:34+00:00,22153,6h 9m,reg-open
350202312,410407-K,Fin 4,AQUAT,Aquatics,ENJOYSUMMER,2026-05-14T16:00:00+00:00,06/26/2026,08/14/2026 *,F,4:00 pm,4:30 pm,Long Bridge Aquatics Center,4.5-6.99,$70.00/$90.00,Waitlist,2026-05-26T15:55:59+00:00,6,1,2026-05-26T15:55:59+00:00,2026-05-18T15:46:50+00:00,2026-05-17T13:45:24+00:00,344810,3d 23h,reg-open
350202323,410407-L,Fin 4,AQUAT,Aquatics,ENJOYSUMMER,2026-05-14T16:00:00+00:00,06/26/2026,08/14/2026 *,F,6:05 pm,6:35 pm,Long Bridge Aquatics Center,4.5-6.99,$70.00/$90.00,Waitlist,2026-05-26T15:55:59+00:00,6,0,2026-05-26T15:55:59+00:00,2026-05-19T15:39:28+00:00,2026-05-18T15:46:50+00:00,430768,4d 23h,reg-open
350202334,410407-M,Fin 4,AQUAT,Aquatics,ENJOYSUMMER,2026-05-14T16:00:00+00:00,06/27/2026,08/15/2026 *,Sa,9:40 am,10:10 am,Long Bridge Aquatics Center,4.5-6.99,$70.00/$90.00,Waitlist,2026-05-26T15:55:59+00:00,6,2,2026-05-26T15:55:59+00:00,2026-05-14T19:07:07+00:00,2026-05-14T14:04:11+00:00,11227,3h 7m,reg-open
350202347,410407-N,Fin 4,AQUAT,Aquatics,ENJOYSUMMER,2026-05-13T16:00:00+00:00,06/27/2026,08/15/2026 *,Sa,11:15 am,11:45 am,Long Bridge Aquatics Center,4.5-6.99,$70.00/$90.00,Waitlist,2026-05-26T15:55:59+00:00,6,3,2026-05-26T15:55:59+00:00,2026-05-13T16:16:10+00:00,2026-05-13T13:11:00+00:00,970,16m 10s,reg-open
350202361,410407-O,Fin 4,AQUAT,Aquatics,ENJOYSUMMER,2026-05-13T16:00:00+00:00,06/28/2026,08/16/2026 *,Su,11:15 am,11:45 am,Long Bridge Aquatics Center,4.5-6.99,$70.00/$90.00,Available,2026-05-26T15:55:59+00:00,5,0,2026-05-26T15:55:59+00:00,2026-05-13T16:16:10+00:00,2026-05-13T13:11:00+00:00,970,16m 10s,reg-open
350202372,410407-P,Fin 4,AQUAT,Aquatics,ENJOYSUMMER,,06/28/2026,08/16/2026 *,Su,11:50 am,12:20 pm,Long Bridge Aquatics Center,4.5-6.99,$70.00/$90.00,Available,2026-05-26T15:55:59+00:00,4,0,2026-05-26T15:55:59+00:00,,,,,
350202406,420400-A,Level 1: Youth Swim,AQUAT,Aquatics,ENJOYSUMMER2,,06/22/2026,08/10/2026,M,4:35 pm,5:15 pm,Long Bridge Aquatics Center,6-12.99,$96.00/$116.00,Available,2026-05-15T14:01:15+00:00,5,0,2026-05-15T14:01:15+00:00,,,,,
350202417,420400-B,Level 1: Youth Swim,AQUAT,Aquatics,ENJOYSUMMER2,,06/22/2026,08/10/2026,M,6:10 pm,6:50 pm,Long Bridge Aquatics Center,6-12.99,$96.00/$116.00,Available,2026-05-15T14:01:15+00:00,4,0,2026-05-15T14:01:15+00:00,,,,,
350202429,420400-C,Level 1: Youth Swim,AQUAT,Aquatics,ENJOYSUMMER2,,06/22/2026,08/10/2026,M,7:20 pm,8:00 pm,Long Bridge Aquatics Center,6-12.99,$96.00/$116.00,Available,2026-05-15T14:01:15+00:00,3,0,2026-05-15T14:01:15+00:00,,,,,
350202440,420400-D,Level 1: Youth Swim,AQUAT,Aquatics,ENJOYSUMMER2,,06/23/2026,08/11/2026,Tu,5:35 pm,6:15 pm,Long Bridge Aquatics Center,6-12.99,$96.00/$116.00,Available,2026-05-15T14:01:15+00:00,0,0,2026-05-15T14:01:15+00:00,,,,,
350202451,420400-E,Level 1: Youth Swim,AQUAT,Aquatics,ENJOYSUMMER2,,06/23/2026,08/11/2026,Tu,6:45 pm,7:25 pm,Long Bridge Aquatics Center,6-12.99,$96.00/$116.00,Available,2026-05-15T14:01:15+00:00,4,0,2026-05-15T14:01:15+00:00,,,,,
350202462,420400-F,Level 1: Youth Swim,AQUAT,Aquatics,ENJOYSUMMER2,,06/24/2026,08/12/2026,W,4:35 pm,5:15 pm,Long Bridge Aquatics Center,6-12.99,$96.00/$116.00,Available,2026-05-15T14:01:15+00:00,4,0,2026-05-15T14:01:15+00:00,,,,,
350202473,420400-G,Level 1: Youth Swim,AQUAT,Aquatics,ENJOYSUMMER2,,06/24/2026,08/12/2026,W,6:10 pm,6:50 pm,Long Bridge Aquatics Center,6-12.99,$96.00/$116.00,Available,2026-05-15T14:01:15+00:00,2,0,2026-05-15T14:01:15+00:00,,,,,
350202484,420400-H,Level 1: Youth Swim,AQUAT,Aquatics,ENJOYSUMMER2,,06/24/2026,08/12/2026,W,7:20 pm,8:00 pm,Long Bridge Aquatics Center,6-12.99,$96.00/$116.00,Available,2026-05-15T14:01:15+00:00,0,0,2026-05-15T14:01:15+00:00,,,,,
350202495,420400-I,Level 1: Youth Swim,AQUAT,Aquatics,ENJOYSUMMER2,,06/25/2026,08/13/2026,Th,5:35 pm,6:15 pm,Long Bridge Aquatics Center,6-12.99,$96.00/$116.00,Available,2026-05-15T14:01:15+00:00,2,0,2026-05-15T14:01:15+00:00,,,,,
350202506,420400-J,Level 1: Youth Swim,AQUAT,Aquatics,ENJOYSUMMER2,,06/25/2026,08/13/2026,Th,6:45 pm,7:25 pm,Long Bridge Aquatics Center,6-12.99,$96.00/$116.00,Available,2026-05-15T14:01:15+00:00,2,0,2026-05-15T14:01:15+00:00,,,,,
350202517,420400-K,Level 1: Youth Swim,AQUAT,Aquatics,ENJOYSUMMER2,,06/26/2026,08/14/2026 *,F,4:00 pm,4:40 pm,Long Bridge Aquatics Center,6-12.99,$84.00/$104.00,Available,2026-05-15T14:01:15+00:00,3,0,2026-05-15T14:01:15+00:00,,,,,
350202528,420400-L,Level 1: Youth Swim,AQUAT,Aquatics,ENJOYSUMMER2,,06/26/2026,08/14/2026 *,F,6:10 pm,6:50 pm,Long Bridge Aquatics Center,6-12.99,$84.00/$104.00,Available,2026-05-15T14:01:15+00:00,2,0,2026-05-15T14:01:15+00:00,,,,,
350202539,420400-M,Level 1: Youth Swim,AQUAT,Aquatics,ENJOYSUMMER2,2026-05-13T16:00:00+00:00,06/27/2026,08/15/2026 *,Sa,9:05 am,9:45 am,Long Bridge Aquatics Center,6-12.99,$84.00/$104.00,Waitlist,2026-05-15T14:01:15+00:00,8,0,2026-05-15T14:01:15+00:00,2026-05-13T16:22:11+00:00,2026-05-13T16:16:10+00:00,1331,22m 11s,reg-open
350202551,420400-N,Level 1: Youth Swim,AQUAT,Aquatics,ENJOYSUMMER2,,06/27/2026,08/15/2026 *,Sa,10:30 am,11:10 am,Long Bridge Aquatics Center,6-12.99,$84.00/$104.00,Available,2026-05-15T14:01:15+00:00,3,0,2026-05-15T14:01:15+00:00,,,,,
350202562,420400-O,Level 1: Youth Swim,AQUAT,Aquatics,ENJOYSUMMER2,,06/27/2026,08/15/2026 *,Sa,11:15 am,11:55 am,Long Bridge Aquatics Center,6-12.99,$84.00/$104.00,Available,2026-05-15T14:01:15+00:00,3,0,2026-05-15T14:01:15+00:00,,,,,
350202573,420400-P,Level 1: Youth Swim,AQUAT,Aquatics,ENJOYSUMMER2,,06/28/2026,08/16/2026 *,Su,9:05 am,9:45 am,Long Bridge Aquatics Center,6-12.99,$84.00/$104.00,Available,2026-05-15T14:01:15+00:00,3,0,2026-05-15T14:01:15+00:00,,,,,
350202584,420400-Q,Level 1: Youth Swim,AQUAT,Aquatics,ENJOYSUMMER2,,06/28/2026,08/16/2026 *,Su,10:00 am,10:40 am,Long Bridge Aquatics Center,6-12.99,$84.00/$104.00,Available,2026-05-15T14:01:15+00:00,4,0,2026-05-15T14:01:15+00:00,,,,,
350202595,420400-R,Level 1: Youth Swim,AQUAT,Aquatics,ENJOYSUMMER2,,06/28/2026,08/16/2026 *,Su,11:25 am,12:05 pm,Long Bridge Aquatics Center,6-12.99,$84.00/$104.00,Available,2026-05-15T14:01:15+00:00,3,0,2026-05-15T14:01:15+00:00,,,,,
350202607,420401-A,Level 2: Youth Swim,AQUAT,Aquatics,ENJOYSUMMER2,2026-05-13T16:00:00+00:00,06/22/2026,08/10/2026,M,5:20 pm,6:00 pm,Long Bridge Aquatics Center,6-12.99,$96.00/$116.00,Waitlist,2026-05-15T14:01:15+00:00,8,0,2026-05-15T14:01:15+00:00,2026-05-13T18:05:41+00:00,2026-05-13T17:55:41+00:00,7541,2h 5m,reg-open
350202618,420401-B,Level 2: Youth Swim,AQUAT,Aquatics,ENJOYSUMMER2,,06/22/2026,08/10/2026,M,6:35 pm,7:15 pm,Long Bridge Aquatics Center,6-12.99,$96.00/$116.00,Available,2026-05-15T14:01:15+00:00,7,0,2026-05-15T14:01:15+00:00,,,,,
350202631,420401-C,Level 2: Youth Swim,AQUAT,Aquatics,ENJOYSUMMER2,,06/22/2026,08/10/2026,M,6:55 pm,7:35 pm,Long Bridge Aquatics Center,6-12.99,$96.00/$116.00,Available,2026-05-15T14:01:15+00:00,5,0,2026-05-15T14:01:15+00:00,,,,,
350202642,420401-D,Level 2: Youth Swim,AQUAT,Aquatics,ENJOYSUMMER2,2026-05-13T16:00:00+00:00,06/23/2026,08/11/2026,Tu,4:45 pm,5:25 pm,Long Bridge Aquatics Center,6-12.99,$96.00/$116.00,Waitlist,2026-05-15T14:01:15+00:00,8,1,2026-05-15T14:01:15+00:00,2026-05-13T18:05:41+00:00,2026-05-13T17:55:41+00:00,7541,2h 5m,reg-open
350202654,420401-E,Level 2: Youth Swim,AQUAT,Aquatics,ENJOYSUMMER2,,06/23/2026,08/11/2026,Tu,6:15 pm,6:55 pm,Long Bridge Aquatics Center,6-12.99,$96.00/$116.00,Available,2026-05-15T14:01:15+00:00,3,0,2026-05-15T14:01:15+00:00,,,,,
350202665,420401-F,Level 2: Youth Swim,AQUAT,Aquatics,ENJOYSUMMER2,,06/23/2026,08/11/2026,Tu,7:30 pm,8:10 pm,Long Bridge Aquatics Center,6-12.99,$96.00/$116.00,Available,2026-05-15T14:01:15+00:00,1,0,2026-05-15T14:01:15+00:00,,,,,
350202676,420401-G,Level 2: Youth Swim,AQUAT,Aquatics,ENJOYSUMMER2,,06/24/2026,08/12/2026,W,5:20 pm,6:00 pm,Long Bridge Aquatics Center,6-12.99,$96.00/$116.00,Available,2026-05-15T14:01:15+00:00,3,0,2026-05-15T14:01:15+00:00,,,,,
350202687,420401-H,Level 2: Youth Swim,AQUAT,Aquatics,ENJOYSUMMER2,,06/24/2026,08/12/2026,W,6:35 pm,7:15 pm,Long Bridge Aquatics Center,6-12.99,$96.00/$116.00,Available,2026-05-15T14:01:15+00:00,3,0,2026-05-15T14:01:15+00:00,,,,,
350202698,420401-I,Level 2: Youth Swim,AQUAT,Aquatics,ENJOYSUMMER2,,06/24/2026,08/12/2026,W,6:55 pm,7:35 pm,Long Bridge Aquatics Center,6-12.99,$96.00/$116.00,Available,2026-05-15T14:01:15+00:00,1,0,2026-05-15T14:01:15+00:00,,,,,
350202709,420401-J,Level 2: Youth Swim,AQUAT,Aquatics,ENJOYSUMMER2,,06/25/2026,08/13/2026,Th,4:45 pm,5:25 pm,Long Bridge Aquatics Center,6-12.99,$96.00/$116.00,Available,2026-05-15T14:01:15+00:00,4,0,2026-05-15T14:01:15+00:00,,,,,
350202720,420401-K,Level 2: Youth Swim,AQUAT,Aquatics,ENJOYSUMMER2,,06/25/2026,08/13/2026,Th,6:15 pm,6:55 pm,Long Bridge Aquatics Center,6-12.99,$96.00/$116.00,Available,2026-05-15T14:01:15+00:00,4,0,2026-05-15T14:01:15+00:00,,,,,
350202731,420401-L,Level 2: Youth Swim,AQUAT,Aquatics,ENJOYSUMMER2,,06/25/2026,08/13/2026,Th,7:30 pm,8:10 pm,Long Bridge Aquatics Center,6-12.99,$96.00/$116.00,Available,2026-05-15T14:01:15+00:00,1,0,2026-05-15T14:01:15+00:00,,,,,
350202742,420401-M,Level 2: Youth Swim,AQUAT,Aquatics,ENJOYSUMMER2,,06/26/2026,08/14/2026 *,F,4:45 pm,5:25 pm,Long Bridge Aquatics Center,6-12.99,$84.00/$104.00,Available,2026-05-15T14:01:15+00:00,4,0,2026-05-15T14:01:15+00:00,,,,,
350202753,420401-N,Level 2: Youth Swim,AQUAT,Aquatics,ENJOYSUMMER2,,06/26/2026,08/14/2026 *,F,6:55 pm,7:35 pm,Long Bridge Aquatics Center,6-12.99,$84.00/$104.00,Available,2026-05-15T14:01:15+00:00,6,0,2026-05-15T14:01:15+00:00,,,,,
350202764,420401-O,Level 2: Youth Swim,AQUAT,Aquatics,ENJOYSUMMER2,2026-05-14T16:00:00+00:00,06/27/2026,08/15/2026 *,Sa,9:15 am,9:55 am,Long Bridge Aquatics Center,6-12.99,$84.00/$104.00,Waitlist,2026-05-15T14:01:15+00:00,8,0,2026-05-15T14:01:15+00:00,2026-05-15T02:50:44+00:00,2026-05-14T23:56:20+00:00,39044,10h 50m,reg-open
350202775,420401-P,Level 2: Youth Swim,AQUAT,Aquatics,ENJOYSUMMER2,2026-05-13T16:00:00+00:00,06/27/2026,08/15/2026 *,Sa,10:25 am,11:05 am,Long Bridge Aquatics Center,6-12.99,$84.00/$104.00,Waitlist,2026-05-15T14:01:15+00:00,8,0,2026-05-15T14:01:15+00:00,2026-05-13T16:22:11+00:00,2026-05-13T16:16:10+00:00,1331,22m 11s,reg-open
350202786,420401-Q,Level 2: Youth Swim,AQUAT,Aquatics,ENJOYSUMMER2,,06/27/2026,08/15/2026 *,Sa,10:50 am,11:30 am,Long Bridge Aquatics Center,6-12.99,$84.00/$104.00,Available,2026-05-15T14:01:15+00:00,4,0,2026-05-15T14:01:15+00:00,,,,,
350202797,420401-R,Level 2: Youth Swim,AQUAT,Aquatics,ENJOYSUMMER2,,06/28/2026,08/16/2026 *,Su,9:05 am,9:45 am,Long Bridge Aquatics Center,6-12.99,$84.00/$104.00,Available,2026-05-15T14:01:15+00:00,7,0,2026-05-15T14:01:15+00:00,,,,,
350202808,420401-S,Level 2: Youth Swim,AQUAT,Aquatics,ENJOYSUMMER2,2026-05-13T16:00:00+00:00,06/28/2026,08/16/2026 *,Su,10:25 am,11:05 am,Long Bridge Aquatics Center,6-12.99,$84.00/$104.00,Waitlist,2026-05-15T14:01:15+00:00,8,0,2026-05-15T14:01:15+00:00,2026-05-13T16:16:10+00:00,2026-05-13T13:11:00+00:00,970,16m 10s,reg-open
350202819,420401-T,Level 2: Youth Swim,AQUAT,Aquatics,ENJOYSUMMER2,2026-05-13T16:00:00+00:00,06/28/2026,08/16/2026 *,Su,11:10 am,11:50 am,Long Bridge Aquatics Center,6-12.99,$84.00/$104.00,Waitlist,2026-05-15T14:01:15+00:00,8,0,2026-05-15T14:01:15+00:00,2026-05-13T20:31:34+00:00,2026-05-13T19:08:09+00:00,16294,4h 31m,reg-open
350202830,420402-A,Level 3: Youth Swim,AQUAT,Aquatics,ENJOYSUMMER2,2026-05-13T16:00:00+00:00,06/22/2026,08/10/2026,M,4:35 pm,5:15 pm,Long Bridge Aquatics Center,6-12.99,$96.00/$116.00,Available,2026-05-15T14:01:15+00:00,7,0,2026-05-15T14:01:15+00:00,2026-05-13T16:27:11+00:00,2026-05-13T16:22:11+00:00,1631,27m 11s,reg-open
350202841,420402-B,Level 3: Youth Swim,AQUAT,Aquatics,ENJOYSUMMER2,2026-05-13T16:00:00+00:00,06/22/2026,08/10/2026,M,5:55 pm,6:35 pm,Long Bridge Aquatics Center,6-12.99,$96.00/$116.00,Waitlist,2026-05-15T14:01:15+00:00,8,0,2026-05-15T14:01:15+00:00,2026-05-13T17:35:40+00:00,2026-05-13T17:25:41+00:00,5740,1h 35m,reg-open
350202852,420402-C,Level 3: Youth Swim,AQUAT,Aquatics,ENJOYSUMMER2,,06/22/2026,08/10/2026,M,7:25 pm,8:05 pm,Long Bridge Aquatics Center,6-12.99,$96.00/$116.00,Available,2026-05-15T14:01:15+00:00,6,0,2026-05-15T14:01:15+00:00,,,,,
350202863,420402-D,Level 3: Youth Swim,AQUAT,Aquatics,ENJOYSUMMER2,,06/23/2026,08/11/2026,Tu,4:00 pm,4:40 pm,Long Bridge Aquatics Center,6-12.99,$96.00/$116.00,Available,2026-05-15T14:01:15+00:00,3,0,2026-05-15T14:01:15+00:00,,,,,
350202874,420402-E,Level 3: Youth Swim,AQUAT,Aquatics,ENJOYSUMMER2,2026-05-13T16:00:00+00:00,06/23/2026,08/11/2026,Tu,5:10 pm,5:50 pm,Long Bridge Aquatics Center,6-12.99,$96.00/$116.00,Waitlist,2026-05-15T14:01:15+00:00,8,0,2026-05-15T14:01:15+00:00,2026-05-13T20:31:34+00:00,2026-05-13T19:08:09+00:00,16294,4h 31m,reg-open
350202885,420402-F,Level 3: Youth Swim,AQUAT,Aquatics,ENJOYSUMMER2,,06/23/2026,08/11/2026,Tu,5:30 pm,6:10 pm,Long Bridge Aquatics Center,6-12.99,$96.00/$116.00,Available,2026-05-15T14:01:15+00:00,7,0,2026-05-15T14:01:15+00:00,,,,,
350202896,420402-G,Level 3: Youth Swim,AQUAT,Aquatics,ENJOYSUMMER2,,06/23/2026,08/11/2026,Tu,7:00 pm,7:40 pm,Long Bridge Aquatics Center,6-12.99,$96.00/$116.00,Available,2026-05-15T14:01:15+00:00,7,0,2026-05-15T14:01:15+00:00,,,,,
350202908,420402-H,Level 3: Youth Swim,AQUAT,Aquatics,ENJOYSUMMER2,,06/24/2026,08/12/2026,W,4:35 pm,5:15 pm,Long Bridge Aquatics Center,6-12.99,$96.00/$116.00,Available,2026-05-15T14:01:15+00:00,7,0,2026-05-15T14:01:15+00:00,,,,,
350202919,420402-I,Level 3: Youth Swim,AQUAT,Aquatics,ENJOYSUMMER2,2026-05-13T16:00:00+00:00,06/24/2026,08/12/2026,W,5:55 pm,6:35 pm,Long Bridge Aquatics Center,6-12.99,$96.00/$116.00,Waitlist,2026-05-15T14:01:15+00:00,8,1,2026-05-15T14:01:15+00:00,2026-05-13T22:09:13+00:00,2026-05-13T20:31:34+00:00,22153,6h 9m,reg-open
350202930,420402-J,Level 3: Youth Swim,AQUAT,Aquatics,ENJOYSUMMER2,,06/24/2026,08/12/2026,W,7:25 pm,8:05 pm,Long Bridge Aquatics Center,6-12.99,$96.00/$116.00,Available,2026-05-15T14:01:15+00:00,5,0,2026-05-15T14:01:15+00:00,,,,,
350202941,420402-K,Level 3: Youth Swim,AQUAT,Aquatics,ENJOYSUMMER2,,06/25/2026,08/13/2026,Th,4:00 pm,4:40 pm,Long Bridge Aquatics Center,6-12.99,$96.00/$116.00,Available,2026-05-15T14:01:15+00:00,4,0,2026-05-15T14:01:15+00:00,,,,,
350202952,420402-L,Level 3: Youth Swim,AQUAT,Aquatics,ENJOYSUMMER2,,06/25/2026,08/13/2026,Th,5:10 pm,5:50 pm,Long Bridge Aquatics Center,6-12.99,$96.00/$116.00,Available,2026-05-15T14:01:15+00:00,2,0,2026-05-15T14:01:15+00:00,,,,,
350202963,420402-M,Level 3: Youth Swim,AQUAT,Aquatics,ENJOYSUMMER2,,06/25/2026,08/13/2026,Th,5:30 pm,6:10 pm,Long Bridge Aquatics Center,6-12.99,$96.00/$116.00,Available,2026-05-15T14:01:15+00:00,5,0,2026-05-15T14:01:15+00:00,,,,,
350202974,420402-N,Level 3: Youth Swim,AQUAT,Aquatics,ENJOYSUMMER2,,06/25/2026,08/13/2026,Th,7:00 pm,7:40 pm,Long Bridge Aquatics Center,6-12.99,$96.00/$116.00,Available,2026-05-15T14:01:15+00:00,3,0,2026-05-15T14:01:15+00:00,,,,,
350202985,420402-O,Level 3: Youth Swim,AQUAT,Aquatics,ENJOYSUMMER2,,06/26/2026,08/14/2026 *,F,4:00 pm,4:40 pm,Long Bridge Aquatics Center,6-12.99,$84.00/$104.00,Available,2026-05-15T14:01:15+00:00,6,0,2026-05-15T14:01:15+00:00,,,,,
350202996,420402-P,Level 3: Youth Swim,AQUAT,Aquatics,ENJOYSUMMER2,2026-05-14T16:00:00+00:00,06/26/2026,08/14/2026 *,F,5:30 pm,6:10 pm,Long Bridge Aquatics Center,6-12.99,$84.00/$104.00,Waitlist,2026-05-15T14:01:15+00:00,8,0,2026-05-15T14:01:15+00:00,2026-05-15T02:50:44+00:00,2026-05-14T23:56:20+00:00,39044,10h 50m,reg-open
350203007,420402-Q,Level 3: Youth Swim,AQUAT,Aquatics,ENJOYSUMMER2,,06/26/2026,08/14/2026 *,F,6:20 pm,7:00 pm,Long Bridge Aquatics Center,6-12.99,$84.00/$104.00,Available,2026-05-15T14:01:15+00:00,3,0,2026-05-15T14:01:15+00:00,,,,,
350203018,420402-R,Level 3: Youth Swim,AQUAT,Aquatics,ENJOYSUMMER2,,06/26/2026,08/14/2026 *,F,6:40 pm,7:20 pm,Long Bridge Aquatics Center,6-12.99,$84.00/$104.00,Available,2026-05-15T14:01:15+00:00,2,0,2026-05-15T14:01:15+00:00,,,,,
350203029,420402-S,Level 3: Youth Swim,AQUAT,Aquatics,ENJOYSUMMER2,,06/27/2026,08/15/2026 *,Sa,8:30 am,9:10 am,Long Bridge Aquatics Center,6-12.99,$84.00/$104.00,Available,2026-05-15T14:01:15+00:00,3,0,2026-05-15T14:01:15+00:00,,,,,
350203040,420402-T,Level 3: Youth Swim,AQUAT,Aquatics,ENJOYSUMMER2,2026-05-13T16:00:00+00:00,06/27/2026,08/15/2026 *,Sa,10:00 am,10:40 am,Long Bridge Aquatics Center,6-12.99,$84.00/$104.00,Waitlist,2026-05-15T14:01:15+00:00,7,2,2026-05-15T14:01:15+00:00,2026-05-13T16:16:10+00:00,2026-05-13T13:11:00+00:00,970,16m 10s,reg-open
350203051,420402-U,Level 3: Youth Swim,AQUAT,Aquatics,ENJOYSUMMER2,2026-05-14T16:00:00+00:00,06/27/2026,08/15/2026 *,Sa,11:35 am,12:15 pm,Long Bridge Aquatics Center,6-12.99,$84.00/$104.00,Waitlist,2026-05-15T14:01:15+00:00,8,0,2026-05-15T14:01:15+00:00,2026-05-14T19:07:07+00:00,2026-05-14T14:04:11+00:00,11227,3h 7m,reg-open
350203062,420402-V,Level 3: Youth Swim,AQUAT,Aquatics,ENJOYSUMMER2,,06/28/2026,08/16/2026 *,Su,8:30 am,9:10 am,Long Bridge Aquatics Center,6-12.99,$84.00/$104.00,Available,2026-05-15T14:01:15+00:00,3,0,2026-05-15T14:01:15+00:00,,,,,
350203073,420402-W,Level 3: Youth Swim,AQUAT,Aquatics,ENJOYSUMMER2,2026-05-13T16:00:00+00:00,06/28/2026,08/16/2026 *,Su,10:25 am,11:05 am,Long Bridge Aquatics Center,6-12.99,$84.00/$104.00,Waitlist,2026-05-15T14:01:15+00:00,8,1,2026-05-15T14:01:15+00:00,2026-05-13T16:16:10+00:00,2026-05-13T13:11:00+00:00,970,16m 10s,reg-open
350203084,420403-A,Level 4: Youth Swim,AQUAT,Aquatics,ENJOYSUMMER2,,06/22/2026,08/10/2026,M,4:00 pm,4:40 pm,Long Bridge Aquatics Center,6-12.99,$96.00/$116.00,Available,2026-05-15T14:01:15+00:00,4,0,2026-05-15T14:01:15+00:00,,,,,
350203095,420403-B,Level 4: Youth Swim,AQUAT,Aquatics,ENJOYSUMMER2,,06/22/2026,08/10/2026,M,5:45 pm,6:25 pm,Long Bridge Aquatics Center,6-12.99,$96.00/$116.00,Available,2026-05-15T14:01:15+00:00,6,0,2026-05-15T14:01:15+00:00,,,,,
350203106,420403-C,Level 4: Youth Swim,AQUAT,Aquatics,ENJOYSUMMER2,,06/22/2026,08/10/2026,M,7:15 pm,7:55 pm,Long Bridge Aquatics Center,6-12.99,$96.00/$116.00,Available,2026-05-15T14:01:15+00:00,5,0,2026-05-15T14:01:15+00:00,,,,,
350203117,420403-D,Level 4: Youth Swim,AQUAT,Aquatics,ENJOYSUMMER2,2026-05-13T16:00:00+00:00,06/23/2026,08/11/2026,Tu,4:45 pm,5:25 pm,Long Bridge Aquatics Center,6-12.99,$96.00/$116.00,Waitlist,2026-05-15T14:01:15+00:00,8,0,2026-05-15T14:01:15+00:00,2026-05-13T16:27:11+00:00,2026-05-13T16:22:11+00:00,1631,27m 11s,reg-open
350203128,420403-E,Level 4: Youth Swim,AQUAT,Aquatics,ENJOYSUMMER2,,06/23/2026,08/11/2026,Tu,7:15 pm,7:55 pm,Long Bridge Aquatics Center,6-12.99,$96.00/$116.00,Available,2026-05-15T14:01:15+00:00,7,0,2026-05-15T14:01:15+00:00,,,,,
350203139,420403-F,Level 4: Youth Swim,AQUAT,Aquatics,ENJOYSUMMER2,2026-05-13T16:00:00+00:00,06/24/2026,08/12/2026,W,4:00 pm,4:40 pm,Long Bridge Aquatics Center,6-12.99,$96.00/$116.00,Waitlist,2026-05-15T14:01:15+00:00,8,0,2026-05-15T14:01:15+00:00,2026-05-13T23:55:59+00:00,2026-05-13T22:09:13+00:00,28559,7h 55m,reg-open
350203150,420403-G,Level 4: Youth Swim,AQUAT,Aquatics,ENJOYSUMMER2,2026-05-13T16:00:00+00:00,06/24/2026,08/12/2026,W,5:45 pm,6:25 pm,Long Bridge Aquatics Center,6-12.99,$96.00/$116.00,Waitlist,2026-05-15T14:01:15+00:00,8,0,2026-05-15T14:01:15+00:00,2026-05-13T17:15:41+00:00,2026-05-13T17:05:41+00:00,4541,1h 15m,reg-open
350203162,420403-H,Level 4: Youth Swim,AQUAT,Aquatics,ENJOYSUMMER2,,06/24/2026,08/12/2026,W,7:15 pm,7:55 pm,Long Bridge Aquatics Center,6-12.99,$96.00/$116.00,Available,2026-05-15T14:01:15+00:00,6,0,2026-05-15T14:01:15+00:00,,,,,
350203173,420403-I,Level 4: Youth Swim,AQUAT,Aquatics,ENJOYSUMMER2,,06/25/2026,08/13/2026,Th,4:45 pm,5:25 pm,Long Bridge Aquatics Center,6-12.99,$96.00/$116.00,Available,2026-05-15T14:01:15+00:00,6,0,2026-05-15T14:01:15+00:00,,,,,
350203184,420403-J,Level 4: Youth Swim,AQUAT,Aquatics,ENJOYSUMMER2,,06/25/2026,08/13/2026,Th,7:15 pm,7:55 pm,Long Bridge Aquatics Center,6-12.99,$96.00/$116.00,Available,2026-05-15T14:01:15+00:00,3,0,2026-05-15T14:01:15+00:00,,,,,
350203195,420403-K,Level 4: Youth Swim,AQUAT,Aquatics,ENJOYSUMMER2,2026-05-13T16:00:00+00:00,06/26/2026,08/14/2026 *,F,4:45 pm,5:25 pm,Long Bridge Aquatics Center,6-12.99,$84.00/$104.00,Waitlist,2026-05-15T14:01:15+00:00,8,0,2026-05-15T14:01:15+00:00,2026-05-13T17:45:40+00:00,2026-05-13T17:35:40+00:00,6340,1h 45m,reg-open
350203206,420403-L,Level 4: Youth Swim,AQUAT,Aquatics,ENJOYSUMMER2,,06/26/2026,08/14/2026 *,F,7:05 pm,7:45 pm,Long Bridge Aquatics Center,6-12.99,$84.00/$104.00,Available,2026-05-15T14:01:15+00:00,7,0,2026-05-15T14:01:15+00:00,,,,,
350203217,420403-M,Level 4: Youth Swim,AQUAT,Aquatics,ENJOYSUMMER2,2026-05-14T16:00:00+00:00,06/27/2026,08/15/2026 *,Sa,9:15 am,9:55 am,Long Bridge Aquatics Center,6-12.99,$84.00/$104.00,Waitlist,2026-05-15T14:01:15+00:00,8,0,2026-05-15T14:01:15+00:00,2026-05-14T19:07:07+00:00,2026-05-14T14:04:11+00:00,11227,3h 7m,reg-open
350203228,420403-N,Level 4: Youth Swim,AQUAT,Aquatics,ENJOYSUMMER2,2026-05-13T16:00:00+00:00,06/27/2026,08/15/2026 *,Sa,11:05 am,11:45 am,Long Bridge Aquatics Center,6-12.99,$84.00/$104.00,Waitlist,2026-05-15T14:01:15+00:00,8,1,2026-05-15T14:01:15+00:00,2026-05-13T18:31:02+00:00,2026-05-13T18:21:01+00:00,9062,2h 31m,reg-open
350203239,420403-O,Level 4: Youth Swim,AQUAT,Aquatics,ENJOYSUMMER2,2026-05-13T16:00:00+00:00,06/28/2026,08/16/2026 *,Su,9:15 am,9:55 am,Long Bridge Aquatics Center,6-12.99,$84.00/$104.00,Waitlist,2026-05-15T14:01:15+00:00,8,0,2026-05-15T14:01:15+00:00,2026-05-13T16:16:10+00:00,2026-05-13T13:11:00+00:00,970,16m 10s,reg-open
350203250,420403-P,Level 4: Youth Swim,AQUAT,Aquatics,ENJOYSUMMER2,2026-05-13T16:00:00+00:00,06/28/2026,08/16/2026 *,Su,10:15 am,10:55 am,Long Bridge Aquatics Center,6-12.99,$84.00/$104.00,Waitlist,2026-05-15T14:01:15+00:00,8,0,2026-05-15T14:01:15+00:00,2026-05-13T18:31:02+00:00,2026-05-13T18:21:01+00:00,9062,2h 31m,reg-open
350203261,420403-Q,Level 4: Youth Swim,AQUAT,Aquatics,ENJOYSUMMER2,,06/28/2026,08/16/2026 *,Su,11:45 am,12:25 pm,Long Bridge Aquatics Center,6-12.99,$84.00/$104.00,Available,2026-05-15T14:01:15+00:00,5,0,2026-05-15T14:01:15+00:00,,,,,
350203272,420404-A,Level 5: Youth Swim,AQUAT,Aquatics,ENJOYSUMMER2,,06/22/2026,08/10/2026,M,6:30 pm,7:10 pm,Long Bridge Aquatics Center,6-12.99,$96.00/$116.00,Available,2026-05-15T14:01:15+00:00,6,0,2026-05-15T14:01:15+00:00,,,,,
350203283,420404-B,Level 5: Youth Swim,AQUAT,Aquatics,ENJOYSUMMER2,,06/23/2026,08/11/2026,Tu,4:00 pm,4:40 pm,Long Bridge Aquatics Center,6-12.99,$96.00/$116.00,Available,2026-05-15T14:01:15+00:00,7,0,2026-05-15T14:01:15+00:00,,,,,
350203294,420404-C,Level 5: Youth Swim,AQUAT,Aquatics,ENJOYSUMMER2,,06/23/2026,08/11/2026,Tu,6:30 pm,7:10 pm,Long Bridge Aquatics Center,6-12.99,$96.00/$116.00,Available,2026-05-15T14:01:15+00:00,5,0,2026-05-15T14:01:15+00:00,,,,,
350203305,420404-D,Level 5: Youth Swim,AQUAT,Aquatics,ENJOYSUMMER2,2026-05-13T16:00:00+00:00,06/24/2026,08/12/2026,W,6:30 pm,7:10 pm,Long Bridge Aquatics Center,6-12.99,$96.00/$116.00,Waitlist,2026-05-15T14:01:15+00:00,8,0,2026-05-15T14:01:15+00:00,2026-05-13T17:15:41+00:00,2026-05-13T17:05:41+00:00,4541,1h 15m,reg-open
350203316,420404-E,Level 5: Youth Swim,AQUAT,Aquatics,ENJOYSUMMER2,,06/25/2026,08/13/2026,Th,4:00 pm,4:40 pm,Long Bridge Aquatics Center,6-12.99,$96.00/$116.00,Available,2026-05-15T14:01:15+00:00,4,0,2026-05-15T14:01:15+00:00,,,,,
350203327,420404-F,Level 5: Youth Swim,AQUAT,Aquatics,ENJOYSUMMER2,,06/25/2026,08/13/2026,Th,6:30 pm,7:10 pm,Long Bridge Aquatics Center,6-12.99,$96.00/$116.00,Available,2026-05-15T14:01:15+00:00,5,0,2026-05-15T14:01:15+00:00,,,,,
350203338,420404-G,Level 5: Youth Swim,AQUAT,Aquatics,ENJOYSUMMER2,2026-05-13T16:00:00+00:00,06/26/2026,08/14/2026 *,F,5:35 pm,6:15 pm,Long Bridge Aquatics Center,6-12.99,$84.00/$104.00,Waitlist,2026-05-15T14:01:15+00:00,8,0,2026-05-15T14:01:15+00:00,2026-05-13T22:09:13+00:00,2026-05-13T20:31:34+00:00,22153,6h 9m,reg-open
350203349,420404-H,Level 5: Youth Swim,AQUAT,Aquatics,ENJOYSUMMER2,,06/27/2026,08/15/2026 *,Sa,8:30 am,9:10 am,Long Bridge Aquatics Center,6-12.99,$84.00/$104.00,Available,2026-05-15T14:01:15+00:00,4,0,2026-05-15T14:01:15+00:00,,,,,
350203360,420404-I,Level 5: Youth Swim,AQUAT,Aquatics,ENJOYSUMMER2,,06/27/2026,08/15/2026 *,Sa,11:50 am,12:30 pm,Long Bridge Aquatics Center,6-12.99,$84.00/$104.00,Available,2026-05-15T14:01:15+00:00,3,0,2026-05-15T14:01:15+00:00,,,,,
350203371,420404-J,Level 5: Youth Swim,AQUAT,Aquatics,ENJOYSUMMER2,,06/28/2026,08/16/2026 *,Su,9:30 am,10:10 am,Long Bridge Aquatics Center,6-12.99,$84.00/$104.00,Available,2026-05-15T14:01:15+00:00,4,0,2026-05-15T14:01:15+00:00,,,,,
350203383,420404-K,Level 5: Youth Swim,AQUAT,Aquatics,ENJOYSUMMER2,2026-05-13T16:00:00+00:00,06/28/2026,08/16/2026 *,Su,11:00 am,11:40 am,Long Bridge Aquatics Center,6-12.99,$84.00/$104.00,Waitlist,2026-05-15T14:01:15+00:00,8,0,2026-05-15T14:01:15+00:00,2026-05-13T16:16:10+00:00,2026-05-13T13:11:00+00:00,970,16m 10s,reg-open
350201205,410403-A,Pre-Fin,AQUAT,Aquatics,ENJOYSUMMER,,06/22/2026,08/10/2026,M,10:00 am,10:20 am,Long Bridge Aquatics Center,3-3.99,$62.00/$82.00,Available,2026-05-26T15:55:59+00:00,2,0,2026-05-26T15:55:59+00:00,,,,,
350201216,410403-B,Pre-Fin,AQUAT,Aquatics,ENJOYSUMMER,,06/22/2026,08/10/2026,M,11:45 am,12:05 pm,Long Bridge Aquatics Center,3-3.99,$62.00/$82.00,Available,2026-05-26T15:55:59+00:00,1,0,2026-05-26T15:55:59+00:00,,,,,
350201227,410403-C,Pre-Fin,AQUAT,Aquatics,ENJOYSUMMER,,06/22/2026,08/10/2026,M,4:00 pm,4:20 pm,Long Bridge Aquatics Center,3-3.99,$62.00/$82.00,Available,2026-05-26T15:55:59+00:00,1,0,2026-05-26T15:55:59+00:00,,,,,
350201238,410403-D,Pre-Fin,AQUAT,Aquatics,ENJOYSUMMER,,06/22/2026,08/10/2026,M,5:35 pm,5:55 pm,Long Bridge Aquatics Center,3-3.99,$62.00/$82.00,Available,2026-05-26T15:55:59+00:00,2,0,2026-05-26T15:55:59+00:00,,,,,
350201249,410403-E,Pre-Fin,AQUAT,Aquatics,ENJOYSUMMER,,06/22/2026,08/10/2026,M,5:45 pm,6:05 pm,Long Bridge Aquatics Center,3-3.99,$62.00/$82.00,Available,2026-05-26T15:55:59+00:00,0,0,2026-05-26T15:55:59+00:00,,,,,
350201260,410403-F,Pre-Fin,AQUAT,Aquatics,ENJOYSUMMER,,06/23/2026,08/11/2026,Tu,10:00 am,10:20 am,Long Bridge Aquatics Center,3-3.99,$62.00/$82.00,Available,2026-05-26T15:55:59+00:00,2,0,2026-05-26T15:55:59+00:00,,,,,
350201271,410403-G,Pre-Fin,AQUAT,Aquatics,ENJOYSUMMER,,06/23/2026,08/11/2026,Tu,11:45 am,12:05 pm,Long Bridge Aquatics Center,3-3.99,$62.00/$82.00,Available,2026-05-26T15:55:59+00:00,2,0,2026-05-26T15:55:59+00:00,,,,,
350201283,410403-H,Pre-Fin,AQUAT,Aquatics,ENJOYSUMMER,,06/23/2026,08/11/2026,Tu,4:35 pm,4:55 pm,Long Bridge Aquatics Center,3-3.99,$62.00/$82.00,Available,2026-05-26T15:55:59+00:00,1,0,2026-05-26T15:55:59+00:00,,,,,
350201294,410403-I,Pre-Fin,AQUAT,Aquatics,ENJOYSUMMER,,06/23/2026,08/11/2026,Tu,5:10 pm,5:30 pm,Long Bridge Aquatics Center,3-3.99,$62.00/$82.00,Available,2026-05-26T15:55:59+00:00,2,0,2026-05-26T15:55:59+00:00,,,,,
350201305,410403-J,Pre-Fin,AQUAT,Aquatics,ENJOYSUMMER,2026-05-14T16:00:00+00:00,06/23/2026,08/11/2026,Tu,6:20 pm,6:40 pm,Long Bridge Aquatics Center,3-3.99,$62.00/$82.00,Waitlist,2026-05-26T15:55:59+00:00,4,0,2026-05-26T15:55:59+00:00,2026-05-14T19:07:07+00:00,2026-05-14T14:04:11+00:00,11227,3h 7m,reg-open
350201316,410403-K,Pre-Fin,AQUAT,Aquatics,ENJOYSUMMER,,06/24/2026,08/12/2026,W,4:00 pm,4:20 pm,Long Bridge Aquatics Center,3-3.99,$62.00/$82.00,Available,2026-05-26T15:55:59+00:00,2,0,2026-05-26T15:55:59+00:00,,,,,
350201327,410403-L,Pre-Fin,AQUAT,Aquatics,ENJOYSUMMER,,06/24/2026,08/12/2026,W,5:35 pm,5:55 pm,Long Bridge Aquatics Center,3-3.99,$62.00/$82.00,Available,2026-05-26T15:55:59+00:00,1,0,2026-05-26T15:55:59+00:00,,,,,
350201338,410403-M,Pre-Fin,AQUAT,Aquatics,ENJOYSUMMER,,06/24/2026,08/12/2026,W,5:45 pm,6:05 pm,Long Bridge Aquatics Center,3-3.99,$62.00/$82.00,Available,2026-05-26T15:55:59+00:00,0,0,2026-05-26T15:55:59+00:00,,,,,
350201349,410403-N,Pre-Fin,AQUAT,Aquatics,ENJOYSUMMER,,06/25/2026,08/13/2026,Th,4:35 pm,4:55 pm,Long Bridge Aquatics Center,3-3.99,$62.00/$82.00,Available,2026-05-26T15:55:59+00:00,1,0,2026-05-26T15:55:59+00:00,,,,,
350201360,410403-O,Pre-Fin,AQUAT,Aquatics,ENJOYSUMMER,,06/25/2026,08/13/2026,Th,5:10 pm,5:30 pm,Long Bridge Aquatics Center,3-3.99,$62.00/$82.00,Available,2026-05-26T15:55:59+00:00,2,0,2026-05-26T15:55:59+00:00,,,,,
350201371,410403-P,Pre-Fin,AQUAT,Aquatics,ENJOYSUMMER,,06/25/2026,08/13/2026,Th,6:20 pm,6:40 pm,Long Bridge Aquatics Center,3-3.99,$62.00/$82.00,Available,2026-05-26T15:55:59+00:00,3,0,2026-05-26T15:55:59+00:00,,,,,
350201382,410403-Q,Pre-Fin,AQUAT,Aquatics,ENJOYSUMMER,2026-05-13T16:00:00+00:00,06/26/2026,08/14/2026 *,F,4:00 pm,4:20 pm,Long Bridge Aquatics Center,3-3.99,$54.00/$74.00,Waitlist,2026-05-26T15:55:59+00:00,4,0,2026-05-26T15:55:59+00:00,2026-05-13T16:28:10+00:00,2026-05-13T16:27:11+00:00,1690,28m 10s,reg-open
350201393,410403-R,Pre-Fin,AQUAT,Aquatics,ENJOYSUMMER,,06/26/2026,08/14/2026 *,F,5:45 pm,6:05 pm,Long Bridge Aquatics Center,3-3.99,$54.00/$74.00,Available,2026-05-26T15:55:59+00:00,1,0,2026-05-26T15:55:59+00:00,,,,,
350201404,410403-S,Pre-Fin,AQUAT,Aquatics,ENJOYSUMMER,2026-05-13T16:00:00+00:00,06/27/2026,08/15/2026 *,Sa,8:30 am,8:50 am,Long Bridge Aquatics Center,3-3.99,$54.00/$74.00,Waitlist,2026-05-26T15:55:59+00:00,4,0,2026-05-26T15:55:59+00:00,2026-05-13T16:16:10+00:00,2026-05-13T13:11:00+00:00,970,16m 10s,reg-open
350201415,410403-T,Pre-Fin,AQUAT,Aquatics,ENJOYSUMMER,2026-05-13T16:00:00+00:00,06/27/2026,08/15/2026 *,Sa,9:30 am,9:50 am,Long Bridge Aquatics Center,3-3.99,$54.00/$74.00,Waitlist,2026-05-26T15:55:59+00:00,4,4,2026-05-26T15:55:59+00:00,2026-05-13T16:16:10+00:00,2026-05-13T13:11:00+00:00,970,16m 10s,reg-open
350201426,410403-U,Pre-Fin,AQUAT,Aquatics,ENJOYSUMMER,2026-05-13T16:00:00+00:00,06/27/2026,08/15/2026 *,Sa,10:15 am,10:35 am,Long Bridge Aquatics Center,3-3.99,$54.00/$74.00,Waitlist,2026-05-26T15:55:59+00:00,4,3,2026-05-26T15:55:59+00:00,2026-05-13T16:16:10+00:00,2026-05-13T13:11:00+00:00,970,16m 10s,reg-open
350201437,410403-V,Pre-Fin,AQUAT,Aquatics,ENJOYSUMMER,2026-05-13T16:00:00+00:00,06/27/2026,08/15/2026 *,Sa,10:50 am,11:10 am,Long Bridge Aquatics Center,3-3.99,$54.00/$74.00,Waitlist,2026-05-26T15:55:59+00:00,4,0,2026-05-26T15:55:59+00:00,2026-05-13T16:27:11+00:00,2026-05-13T16:22:11+00:00,1631,27m 11s,reg-open
350201448,410403-W,Pre-Fin,AQUAT,Aquatics,ENJOYSUMMER,,06/27/2026,08/15/2026 *,Sa,12:00 pm,12:20 pm,Long Bridge Aquatics Center,3-3.99,$54.00/$74.00,Available,2026-05-26T15:55:59+00:00,3,0,2026-05-26T15:55:59+00:00,,,,,
350201459,410403-X,Pre-Fin,AQUAT,Aquatics,ENJOYSUMMER,,06/28/2026,08/16/2026 *,Su,8:30 am,8:50 am,Long Bridge Aquatics Center,3-3.99,$54.00/$74.00,Available,2026-05-26T15:55:59+00:00,2,0,2026-05-26T15:55:59+00:00,,,,,
350201470,410403-Y,Pre-Fin,AQUAT,Aquatics,ENJOYSUMMER,2026-05-13T16:00:00+00:00,06/28/2026,08/16/2026 *,Su,10:05 am,10:25 am,Long Bridge Aquatics Center,3-3.99,$54.00/$74.00,Waitlist,2026-05-26T15:55:59+00:00,4,2,2026-05-26T15:55:59+00:00,2026-05-13T16:16:10+00:00,2026-05-13T13:11:00+00:00,970,16m 10s,reg-open
350201481,410403-Z,Pre-Fin,AQUAT,Aquatics,ENJOYSUMMER,2026-05-13T16:00:00+00:00,06/28/2026,08/16/2026 *,Su,11:45 am,12:05 pm,Long Bridge Aquatics Center,3-3.99,$54.00/$74.00,Waitlist,2026-05-26T15:55:59+00:00,4,2,2026-05-26T15:55:59+00:00,2026-05-13T16:16:10+00:00,2026-05-13T13:11:00+00:00,970,16m 10s,reg-open
350201058,410402-A,Pre-Fin & Me,AQUAT,Aquatics,ENJOYSUMMER,,06/22/2026,08/10/2026,M,11:10 am,11:40 am,Long Bridge Aquatics Center,2.5-3.99,$80.00/$100.00,Available,2026-05-26T15:55:59+00:00,8,0,2026-05-26T15:55:59+00:00,,,,,
350201069,410402-B,Pre-Fin & Me,AQUAT,Aquatics,ENJOYSUMMER,,06/22/2026,08/10/2026,M,5:10 pm,5:40 pm,Long Bridge Aquatics Center,2.5-3.99,$80.00/$100.00,Available,2026-05-26T15:55:59+00:00,8,0,2026-05-26T15:55:59+00:00,,,,,
350201080,410402-C,Pre-Fin & Me,AQUAT,Aquatics,ENJOYSUMMER,,06/23/2026,08/11/2026,Tu,11:10 am,11:40 am,Long Bridge Aquatics Center,2.5-3.99,$80.00/$100.00,Available,2026-05-26T15:55:59+00:00,7,0,2026-05-26T15:55:59+00:00,,,,,
350201091,410402-D,Pre-Fin & Me,AQUAT,Aquatics,ENJOYSUMMER,,06/23/2026,08/11/2026,Tu,4:35 pm,5:05 pm,Long Bridge Aquatics Center,2.5-3.99,$80.00/$100.00,Available,2026-05-26T15:55:59+00:00,5,0,2026-05-26T15:55:59+00:00,,,,,
350201102,410402-E,Pre-Fin & Me,AQUAT,Aquatics,ENJOYSUMMER,,06/24/2026,08/12/2026,W,5:10 pm,5:40 pm,Long Bridge Aquatics Center,2.5-3.99,$80.00/$100.00,Available,2026-05-26T15:55:59+00:00,5,0,2026-05-26T15:55:59+00:00,,,,,
350201113,410402-F,Pre-Fin & Me,AQUAT,Aquatics,ENJOYSUMMER,,06/25/2026,08/13/2026,Th,4:35 pm,5:05 pm,Long Bridge Aquatics Center,2.5-3.99,$80.00/$100.00,Available,2026-05-26T15:55:59+00:00,2,0,2026-05-26T15:55:59+00:00,,,,,
350201124,410402-G,Pre-Fin & Me,AQUAT,Aquatics,ENJOYSUMMER,2026-05-14T16:00:00+00:00,06/26/2026,08/14/2026 *,F,5:10 pm,5:40 pm,Long Bridge Aquatics Center,2.5-3.99,$70.00/$90.00,Waitlist,2026-05-26T15:55:59+00:00,10,0,2026-05-26T15:55:59+00:00,2026-05-24T13:48:37+00:00,2026-05-23T13:50:28+00:00,856117,9d 21h,reg-open
350201135,410402-H,Pre-Fin & Me,AQUAT,Aquatics,ENJOYSUMMER,2026-05-14T16:00:00+00:00,06/27/2026,08/15/2026 *,Sa,8:30 am,9:00 am,Long Bridge Aquatics Center,2.5-3.99,$70.00/$90.00,Waitlist,2026-05-26T15:55:59+00:00,10,1,2026-05-26T15:55:59+00:00,2026-05-19T15:39:28+00:00,2026-05-18T15:46:50+00:00,430768,4d 23h,reg-open
350201146,410402-I,Pre-Fin & Me,AQUAT,Aquatics,ENJOYSUMMER,2026-05-13T16:00:00+00:00,06/27/2026,08/15/2026 *,Sa,9:40 am,10:10 am,Long Bridge Aquatics Center,2.5-3.99,$70.00/$90.00,Waitlist,2026-05-26T15:55:59+00:00,10,4,2026-05-26T15:55:59+00:00,2026-05-13T16:27:11+00:00,2026-05-13T16:22:11+00:00,1631,27m 11s,reg-open
350201157,410402-J,Pre-Fin & Me,AQUAT,Aquatics,ENJOYSUMMER,2026-05-13T16:00:00+00:00,06/27/2026,08/15/2026 *,Sa,10:15 am,10:45 am,Long Bridge Aquatics Center,2.5-3.99,$70.00/$90.00,Waitlist,2026-05-26T15:55:59+00:00,11,4,2026-05-26T15:55:59+00:00,2026-05-13T16:22:11+00:00,2026-05-13T16:16:10+00:00,1331,22m 11s,reg-open
350201170,410402-K,Pre-Fin & Me,AQUAT,Aquatics,ENJOYSUMMER,2026-05-13T16:00:00+00:00,06/27/2026,08/15/2026 *,Sa,11:25 am,11:55 am,Long Bridge Aquatics Center,2.5-3.99,$70.00/$90.00,Waitlist,2026-05-26T15:55:59+00:00,10,0,2026-05-26T15:55:59+00:00,2026-05-13T16:27:11+00:00,2026-05-13T16:22:11+00:00,1631,27m 11s,reg-open
350201182,410402-L,Pre-Fin & Me,AQUAT,Aquatics,ENJOYSUMMER,2026-05-13T16:00:00+00:00,06/28/2026,08/16/2026 *,Su,9:40 am,10:10 am,Long Bridge Aquatics Center,2.5-3.99,$70.00/$90.00,Waitlist,2026-05-26T15:55:59+00:00,10,8,2026-05-26T15:55:59+00:00,2026-05-13T16:16:10+00:00,2026-05-13T13:11:00+00:00,970,16m 10s,reg-open
350201193,410402-M,Pre-Fin & Me,AQUAT,Aquatics,ENJOYSUMMER,2026-05-13T16:00:00+00:00,06/28/2026,08/16/2026 *,Su,10:50 am,11:20 am,Long Bridge Aquatics Center,2.5-3.99,$70.00/$90.00,Waitlist,2026-05-26T15:55:59+00:00,10,8,2026-05-26T15:55:59+00:00,2026-05-13T16:22:11+00:00,2026-05-13T16:16:10+00:00,1331,22m 11s,reg-open
350200801,410400-A,Water Babies,AQUAT,Aquatics,ENJOYSUMMER,,06/22/2026,08/10/2026,M,10:00 am,10:30 am,Long Bridge Aquatics Center,0.5-1.5,$80.00/$100.00,Available,2026-05-26T15:55:59+00:00,4,0,2026-05-26T15:55:59+00:00,,,,,
350200813,410400-B,Water Babies,AQUAT,Aquatics,ENJOYSUMMER,,06/22/2026,08/10/2026,M,4:00 pm,4:30 pm,Long Bridge Aquatics Center,0.5-1.5,$80.00/$100.00,Available,2026-05-26T15:55:59+00:00,10,0,2026-05-26T15:55:59+00:00,,,,,
350200824,410400-C,Water Babies,AQUAT,Aquatics,ENJOYSUMMER,,06/23/2026,08/11/2026,Tu,10:00 am,10:30 am,Long Bridge Aquatics Center,0.5-1.5,$80.00/$100.00,Available,2026-05-26T15:55:59+00:00,6,0,2026-05-26T15:55:59+00:00,,,,,
350200836,410400-D,Water Babies,AQUAT,Aquatics,ENJOYSUMMER,,06/24/2026,08/12/2026,W,4:00 pm,4:30 pm,Long Bridge Aquatics Center,0.5-1.5,$80.00/$100.00,Available,2026-05-26T15:55:59+00:00,8,0,2026-05-26T15:55:59+00:00,,,,,
350200847,410400-E,Water Babies,AQUAT,Aquatics,ENJOYSUMMER,2026-05-14T16:00:00+00:00,06/26/2026,08/14/2026 *,F,4:00 pm,4:30 pm,Long Bridge Aquatics Center,0.5-1.5,$70.00/$90.00,Waitlist,2026-05-26T15:55:59+00:00,12,0,2026-05-26T15:55:59+00:00,2026-05-20T15:39:07+00:00,2026-05-19T15:39:28+00:00,517147,5d 23h,reg-open
350200858,410400-F,Water Babies,AQUAT,Aquatics,ENJOYSUMMER,2026-05-14T16:00:00+00:00,06/27/2026,08/15/2026 *,Sa,9:05 am,9:35 am,Long Bridge Aquatics Center,0.5-1.5,$70.00/$90.00,Waitlist,2026-05-26T15:55:59+00:00,12,2,2026-05-26T15:55:59+00:00,2026-05-16T13:46:13+00:00,2026-05-15T23:53:28+00:00,164773,1d 21h,reg-open
350200869,410400-G,Water Babies,AQUAT,Aquatics,ENJOYSUMMER,2026-05-13T16:00:00+00:00,06/27/2026,08/15/2026 *,Sa,9:40 am,10:10 am,Long Bridge Aquatics Center,0.5-1.5,$70.00/$90.00,Waitlist,2026-05-26T15:55:59+00:00,12,5,2026-05-26T15:55:59+00:00,2026-05-13T18:05:41+00:00,2026-05-13T17:55:41+00:00,7541,2h 5m,reg-open
350200880,410400-H,Water Babies,AQUAT,Aquatics,ENJOYSUMMER,2026-05-13T16:00:00+00:00,06/27/2026,08/15/2026 *,Sa,11:20 am,11:50 am,Long Bridge Aquatics Center,0.5-1.5,$70.00/$90.00,Waitlist,2026-05-26T15:55:59+00:00,13,7,2026-05-26T15:55:59+00:00,2026-05-13T16:22:11+00:00,2026-05-13T16:16:10+00:00,1331,22m 11s,reg-open
350200891,410400-I,Water Babies,AQUAT,Aquatics,ENJOYSUMMER,2026-05-13T16:00:00+00:00,06/28/2026,08/16/2026 *,Su,8:30 am,9:00 am,Long Bridge Aquatics Center,0.5-1.5,$70.00/$90.00,Waitlist,2026-05-26T15:55:59+00:00,12,2,2026-05-26T15:55:59+00:00,2026-05-13T16:28:10+00:00,2026-05-13T16:27:11+00:00,1690,28m 10s,reg-open
350200902,410400-J,Water Babies,AQUAT,Aquatics,ENJOYSUMMER,2026-05-14T16:00:00+00:00,06/28/2026,08/16/2026 *,Su,10:15 am,10:45 am,Long Bridge Aquatics Center,0.5-1.5,$70.00/$90.00,Waitlist,2026-05-26T15:55:59+00:00,12,1,2026-05-26T15:55:59+00:00,2026-05-17T13:45:24+00:00,2026-05-16T13:46:13+00:00,251124,2d 21h,reg-open
350200913,410401-A,Water Tots,AQUAT,Aquatics,ENJOYSUMMER,,06/22/2026,08/10/2026,M,10:35 am,11:05 am,Long Bridge Aquatics Center,1.5-2.5,$80.00/$100.00,Available,2026-05-26T15:55:59+00:00,7,0,2026-05-26T15:55:59+00:00,,,,,
350200924,410401-B,Water Tots,AQUAT,Aquatics,ENJOYSUMMER,,06/22/2026,08/10/2026,M,4:35 pm,5:05 pm,Long Bridge Aquatics Center,1.5-2.5,$80.00/$100.00,Available,2026-05-26T15:55:59+00:00,8,0,2026-05-26T15:55:59+00:00,,,,,
350200935,410401-C,Water Tots,AQUAT,Aquatics,ENJOYSUMMER,,06/23/2026,08/11/2026,Tu,10:35 am,11:05 am,Long Bridge Aquatics Center,1.5-2.5,$80.00/$100.00,Available,2026-05-26T15:55:59+00:00,9,0,2026-05-26T15:55:59+00:00,,,,,
350200946,410401-D,Water Tots,AQUAT,Aquatics,ENJOYSUMMER,,06/23/2026,08/11/2026,Tu,4:00 pm,4:30 pm,Long Bridge Aquatics Center,1.5-2.5,$80.00/$100.00,Available,2026-05-26T15:55:59+00:00,5,0,2026-05-26T15:55:59+00:00,,,,,
350200957,410401-E,Water Tots,AQUAT,Aquatics,ENJOYSUMMER,,06/24/2026,08/12/2026,W,4:35 pm,5:05 pm,Long Bridge Aquatics Center,1.5-2.5,$80.00/$100.00,Available,2026-05-26T15:55:59+00:00,7,0,2026-05-26T15:55:59+00:00,,,,,
350200968,410401-F,Water Tots,AQUAT,Aquatics,ENJOYSUMMER,,06/25/2026,08/13/2026,Th,4:00 pm,4:30 pm,Long Bridge Aquatics Center,1.5-2.5,$80.00/$100.00,Available,2026-05-26T15:55:59+00:00,4,0,2026-05-26T15:55:59+00:00,,,,,
350200979,410401-G,Water Tots,AQUAT,Aquatics,ENJOYSUMMER,,06/26/2026,08/14/2026 *,F,4:35 pm,5:05 pm,Long Bridge Aquatics Center,1.5-2.5,$70.00/$90.00,Available,2026-05-26T15:55:59+00:00,8,0,2026-05-26T15:55:59+00:00,,,,,
350200990,410401-H,Water Tots,AQUAT,Aquatics,ENJOYSUMMER,2026-05-14T16:00:00+00:00,06/27/2026,08/15/2026 *,Sa,8:30 am,9:00 am,Long Bridge Aquatics Center,1.5-2.5,$70.00/$90.00,Waitlist,2026-05-26T15:55:59+00:00,12,2,2026-05-26T15:55:59+00:00,2026-05-21T15:42:38+00:00,2026-05-20T15:39:07+00:00,603758,6d 23h,reg-open
350201001,410401-I,Water Tots,AQUAT,Aquatics,ENJOYSUMMER,2026-05-14T16:00:00+00:00,06/27/2026,08/15/2026 *,Sa,9:05 am,9:35 am,Long Bridge Aquatics Center,1.5-2.5,$70.00/$90.00,Waitlist,2026-05-26T15:55:59+00:00,12,4,2026-05-26T15:55:59+00:00,2026-05-14T19:07:07+00:00,2026-05-14T14:04:11+00:00,11227,3h 7m,reg-open
350201012,410401-J,Water Tots,AQUAT,Aquatics,ENJOYSUMMER,2026-05-13T16:00:00+00:00,06/27/2026,08/15/2026 *,Sa,10:15 am,10:45 am,Long Bridge Aquatics Center,1.5-2.5,$70.00/$90.00,Waitlist,2026-05-26T15:55:59+00:00,11,5,2026-05-26T15:55:59+00:00,2026-05-13T16:16:10+00:00,2026-05-13T13:11:00+00:00,970,16m 10s,reg-open
350201023,410401-K,Water Tots,AQUAT,Aquatics,ENJOYSUMMER,2026-05-13T16:00:00+00:00,06/27/2026,08/15/2026 *,Sa,10:50 am,11:20 am,Long Bridge Aquatics Center,1.5-2.5,$70.00/$90.00,Waitlist,2026-05-26T15:55:59+00:00,12,5,2026-05-26T15:55:59+00:00,2026-05-13T22:09:13+00:00,2026-05-13T20:31:34+00:00,22153,6h 9m,reg-open
350201034,410401-L,Water Tots,AQUAT,Aquatics,ENJOYSUMMER,2026-05-13T16:00:00+00:00,06/28/2026,08/16/2026 *,Su,9:05 am,9:35 am,Long Bridge Aquatics Center,1.5-2.5,$70.00/$90.00,Waitlist,2026-05-26T15:55:59+00:00,11,6,2026-05-26T15:55:59+00:00,2026-05-13T16:22:11+00:00,2026-05-13T16:16:10+00:00,1331,22m 11s,reg-open
350201045,410401-M,Water Tots,AQUAT,Aquatics,ENJOYSUMMER,2026-05-13T16:00:00+00:00,06/28/2026,08/16/2026 *,Su,11:25 am,11:55 am,Long Bridge Aquatics Center,1.5-2.5,$70.00/$90.00,Waitlist,2026-05-26T15:55:59+00:00,12,3,2026-05-26T15:55:59+00:00,2026-05-13T16:28:10+00:00,2026-05-13T16:27:11+00:00,1690,28m 10s,reg-open
350203394,420405-A,Youth Advanced Swim,AQUAT,Aquatics,ENJOYSUMMER2,,06/22/2026,08/10/2026,M,4:45 pm,5:40 pm,Long Bridge Aquatics Center,8-13.99,$112.00/$132.00,Available,2026-05-15T14:01:15+00:00,3,0,2026-05-15T14:01:15+00:00,,,,,
350203405,420405-B,Youth Advanced Swim,AQUAT,Aquatics,ENJOYSUMMER2,,06/22/2026,08/10/2026,M,8:00 pm,8:55 pm,Long Bridge Aquatics Center,8-13.99,$112.00/$132.00,Available,2026-05-15T14:01:15+00:00,4,0,2026-05-15T14:01:15+00:00,,,,,
350203416,420405-C,Youth Advanced Swim,AQUAT,Aquatics,ENJOYSUMMER2,,06/23/2026,08/11/2026,Tu,5:30 pm,6:25 pm,Long Bridge Aquatics Center,8-13.99,$112.00/$132.00,Available,2026-05-15T14:01:15+00:00,6,0,2026-05-15T14:01:15+00:00,,,,,
350203427,420405-D,Youth Advanced Swim,AQUAT,Aquatics,ENJOYSUMMER2,,06/23/2026,08/11/2026,Tu,7:45 pm,8:40 pm,Long Bridge Aquatics Center,8-13.99,$112.00/$132.00,Available,2026-05-15T14:01:15+00:00,1,0,2026-05-15T14:01:15+00:00,,,,,
350203438,420405-E,Youth Advanced Swim,AQUAT,Aquatics,ENJOYSUMMER2,,06/24/2026,08/12/2026,W,4:45 pm,5:40 pm,Long Bridge Aquatics Center,8-13.99,$112.00/$132.00,Available,2026-05-15T14:01:15+00:00,4,0,2026-05-15T14:01:15+00:00,,,,,
350203449,420405-F,Youth Advanced Swim,AQUAT,Aquatics,ENJOYSUMMER2,,06/24/2026,08/12/2026,W,8:00 pm,8:55 pm,Long Bridge Aquatics Center,8-13.99,$112.00/$132.00,Available,2026-05-15T14:01:15+00:00,0,0,2026-05-15T14:01:15+00:00,,,,,
350203460,420405-G,Youth Advanced Swim,AQUAT,Aquatics,ENJOYSUMMER2,,06/25/2026,08/13/2026,Th,5:30 pm,6:25 pm,Long Bridge Aquatics Center,8-13.99,$112.00/$132.00,Available,2026-05-15T14:01:15+00:00,7,0,2026-05-15T14:01:15+00:00,,,,,
350203472,420405-H,Youth Advanced Swim,AQUAT,Aquatics,ENJOYSUMMER2,,06/25/2026,08/13/2026,Th,7:45 pm,8:40 pm,Long Bridge Aquatics Center,8-13.99,$112.00/$132.00,Available,2026-05-15T14:01:15+00:00,4,0,2026-05-15T14:01:15+00:00,,,,,
350203483,420405-I,Youth Advanced Swim,AQUAT,Aquatics,ENJOYSUMMER2,,06/26/2026,08/14/2026 *,F,4:35 pm,5:30 pm,Long Bridge Aquatics Center,8-13.99,$98.00/$118.00,Available,2026-05-15T14:01:15+00:00,6,0,2026-05-15T14:01:15+00:00,,,,,
350203494,420405-J,Youth Advanced Swim,AQUAT,Aquatics,ENJOYSUMMER2,,06/27/2026,08/15/2026 *,Sa,10:00 am,10:55 am,Long Bridge Aquatics Center,8-13.99,$98.00/$118.00,Available,2026-05-15T14:01:15+00:00,5,0,2026-05-15T14:01:15+00:00,,,,,
350203505,420405-K,Youth Advanced Swim,AQUAT,Aquatics,ENJOYSUMMER2,,06/28/2026,08/16/2026 *,Su,8:30 am,9:25 am,Long Bridge Aquatics Center,8-13.99,$98.00/$118.00,Available,2026-05-15T14:01:15+00:00,6,0,2026-05-15T14:01:15+00:00,,,,,
350203516,420406-A,Youth Beginning Diving,AQUAT,Aquatics,ENJOYSUMMER2,,06/22/2026,08/10/2026,M,8:15 am,8:55 am,Long Bridge Aquatics Center,6-12.99,$112.00/$132.00,Available,2026-05-15T14:01:15+00:00,2,0,2026-05-15T14:01:15+00:00,,,,,
350203527,420406-B,Youth Beginning Diving,AQUAT,Aquatics,ENJOYSUMMER2,,06/26/2026,08/14/2026 *,F,4:10 pm,4:50 pm,Long Bridge Aquatics Center,6-12.99,$98.00/$118.00,Available,2026-05-15T14:01:15+00:00,6,0,2026-05-15T14:01:15+00:00,,,,,
350203538,420406-C,Youth Beginning Diving,AQUAT,Aquatics,ENJOYSUMMER2,2026-05-13T16:00:00+00:00,06/27/2026,08/15/2026 *,Sa,10:10 am,10:50 am,Long Bridge Aquatics Center,6-12.99,$98.00/$118.00,Waitlist,2026-05-15T14:01:15+00:00,8,0,2026-05-15T14:01:15+00:00,2026-05-13T17:15:41+00:00,2026-05-13T17:05:41+00:00,4541,1h 15m,reg-open
350203549,420406-D,Youth Beginning Diving,AQUAT,Aquatics,ENJOYSUMMER2,,06/28/2026,08/16/2026 *,Su,3:15 pm,3:55 pm,Long Bridge Aquatics Center,6-12.99,$98.00/$118.00,Available,2026-05-15T14:01:15+00:00,5,0,2026-05-15T14:01:15+00:00,,,,,
350203560,420407-A,Youth Intermediate Diving,AQUAT,Aquatics,ENJOYSUMMER2,,06/22/2026,08/10/2026,M,9:00 am,9:40 am,Long Bridge Aquatics Center,6-12.99,$112.00/$132.00,Available,2026-05-15T14:01:15+00:00,2,0,2026-05-15T14:01:15+00:00,,,,,
350203571,420407-B,Youth Intermediate Diving,AQUAT,Aquatics,ENJOYSUMMER2,,06/27/2026,08/15/2026 *,Sa,10:55 am,11:35 am,Long Bridge Aquatics Center,6-12.99,$98.00/$118.00,Available,2026-05-15T14:01:15+00:00,0,0,2026-05-15T14:01:15+00:00,,,,,
355173402,420407-C,Youth Intermediate Diving,AQUAT,Aquatics,ENJOYSUMMER2,,06/28/2026,08/16/2026,Su,10:10 am,10:50 am,Long Bridge Aquatics Center,6-12.99,$98.00/$118.00,Available,2026-05-15T14:01:15+00:00,3,0,2026-05-15T14:01:15+00:00,,,,,
350203593,420407-D,Youth Intermediate Diving,AQUAT,Aquatics,ENJOYSUMMER2,,06/28/2026,08/16/2026 *,Su,4:00 pm,4:40 pm,Long Bridge Aquatics Center,6-12.99,$98.00/$118.00,Available,2026-05-15T14:01:15+00:00,4,0,2026-05-15T14:01:15+00:00,,,,,
350225702,440125-A,Continuing Wheel,CERAM,Ceramics,ENJOYSUMMER,,06/22/2026,07/27/2026,M,6:00 pm,8:30 pm,Thomas Jefferson Center,18-99.99,$281.00/$301.00,Available,2026-05-15T14:06:18+00:00,9,0,2026-05-15T14:06:18+00:00,,,,,
350225716,440125-B,Continuing Wheel,CERAM,Ceramics,ENJOYSUMMER,,06/23/2026,07/28/2026,Tu,6:00 pm,8:30 pm,Thomas Jefferson Center,18-99.99,$281.00/$301.00,Available,2026-05-15T14:06:18+00:00,10,0,2026-05-15T14:06:18+00:00,,,,,
350225730,440125-C,Continuing Wheel,CERAM,Ceramics,ENJOYSUMMER,,06/25/2026,07/30/2026,Th,6:00 pm,8:30 pm,Thomas Jefferson Center,18-99.99,$281.00/$301.00,Available,2026-05-15T14:06:18+00:00,7,0,2026-05-15T14:06:18+00:00,,,,,
350225375,420316-A,Cooking: Baroody Bakes,COOKI,Cooking,ENJOYSUMMER,,07/08/2026,08/12/2026,W,6:30 pm,7:30 pm,Long Bridge Aquatics Center,5-11.99,$159.00/$179.00,Available,2026-05-15T14:06:18+00:00,1,0,2026-05-15T14:06:18+00:00,,,,,
350225485,420330-A,Cooking: Baroody's No Bake Bonanza,COOKI,Cooking,ENJOYSUMMER,,07/12/2026,08/16/2026,Su,11:30 am,12:30 pm,Long Bridge Aquatics Center,5-11.99,$159.00/$179.00,Available,2026-05-15T14:06:18+00:00,3,0,2026-05-15T14:06:18+00:00,,,,,
353250216,420317-A,Cooking: Breakfast Club,COOKI,Cooking,ENJOYSUMMER,,07/12/2026,08/16/2026,Su,10:00 am,11:00 am,Long Bridge Aquatics Center,5-11.99,$159.00/$179.00,Available,2026-05-15T14:06:18+00:00,5,0,2026-05-15T14:06:18+00:00,,,,,
350224859,420104-A,Abrakadoodle Mini Doodlers,CRART,Arts & Crafts,ENJOYSUMMER,,07/07/2026,08/11/2026,Tu,11:00 am,11:45 am,Walter Reed Center,3-6.99,$132.00/$152.00,Available,2026-05-15T14:06:18+00:00,5,0,2026-05-15T14:06:18+00:00,,,,,
350224873,420104-B,Abrakadoodle Mini Doodlers,CRART,Arts & Crafts,ENJOYSUMMER,,07/08/2026,08/12/2026,W,11:00 am,11:45 am,Long Bridge Aquatics Center,3-6.99,$132.00/$152.00,Available,2026-05-15T14:06:18+00:00,3,0,2026-05-15T14:06:18+00:00,,,,,
350224887,420104-C,Abrakadoodle Mini Doodlers,CRART,Arts & Crafts,ENJOYSUMMER,,07/11/2026,08/15/2026,Sa,10:30 am,11:15 am,Arlington Mill,3-6.99,$132.00/$152.00,Available,2026-05-15T14:06:18+00:00,3,0,2026-05-15T14:06:18+00:00,,,,,
350224901,420104-D,Abrakadoodle Mini Doodlers,CRART,Arts & Crafts,ENJOYSUMMER,,07/13/2026,08/17/2026,M,10:30 am,11:15 am,Madison Manor Park,3-6.99,$132.00/$152.00,Available,2026-05-15T14:06:18+00:00,3,0,2026-05-15T14:06:18+00:00,,,,,
350224915,420107-A,Abrakadoodle: Doodlers,CRART,Arts & Crafts,ENJOYSUMMER,,07/11/2026,08/15/2026,Sa,11:30 am,12:30 pm,Arlington Mill,6-12.99,$162.00/$182.00,Available,2026-05-15T14:06:18+00:00,3,0,2026-05-15T14:06:18+00:00,,,,,
350280510,410100-A,Abrakadoodle: Twoosy Doodlers,CRART,Arts & Crafts,ENJOYSUMMER,,07/07/2026,08/11/2026,Tu,10:00 am,10:45 am,Walter Reed Center,1.66-3.99,$132.00/$152.00,Available,2026-05-26T15:55:59+00:00,7,0,2026-05-26T15:55:59+00:00,,,,,
350223957,410100-B,Abrakadoodle: Twoosy Doodlers,CRART,Arts & Crafts,ENJOYSUMMER,,07/08/2026,08/12/2026,W,10:00 am,10:45 am,Long Bridge Aquatics Center,1.66-3.99,$132.00/$152.00,Available,2026-05-26T15:55:59+00:00,7,0,2026-05-26T15:55:59+00:00,,,,,
350223985,410100-C,Abrakadoodle: Twoosy Doodlers,CRART,Arts & Crafts,ENJOYSUMMER,,07/13/2026,08/17/2026,M,9:30 am,10:15 am,Madison Manor Park,1.66-3.99,$132.00/$152.00,Available,2026-05-26T15:55:59+00:00,3,0,2026-05-26T15:55:59+00:00,,,,,
350223971,410100-D,Abrakadoodle: Twoosy Doodlers,CRART,Arts & Crafts,ENJOYSUMMER,,07/11/2026,08/15/2026,Sa,9:30 am,10:15 am,Arlington Mill,1.66-3.99,$132.00/$152.00,Available,2026-05-26T15:55:59+00:00,4,0,2026-05-26T15:55:59+00:00,,,,,
350224022,410205-A,All that Jazz & Ballet,DANCE,Dance,ENJOYSUMMER,,07/11/2026,08/08/2026,Sa,10:00 am,10:45 am,Langston Brown,4.5-6.99,$120.00/$140.00,Available,2026-05-26T15:55:59+00:00,3,0,2026-05-26T15:55:59+00:00,,,,,
350224033,410205-B,All that Jazz & Ballet,DANCE,Dance,ENJOYSUMMER,,07/16/2026,08/13/2026,Th,6:00 pm,6:45 pm,Barcroft Fitness Center,4.5-6.99,$120.00/$140.00,Available,2026-05-26T15:55:59+00:00,4,0,2026-05-26T15:55:59+00:00,,,,,
350224985,420221-A,Ballet 1,DANCE,Dance,ENJOYSUMMER,,07/14/2026,08/11/2026,Tu,6:00 pm,6:45 pm,Barcroft Fitness Center,5-7.99,$120.00/$140.00,Available,2026-05-15T14:06:18+00:00,5,0,2026-05-15T14:06:18+00:00,,,,,
350224996,420221-B,Ballet 1,DANCE,Dance,ENJOYSUMMER,,07/15/2026,08/12/2026,W,5:00 pm,5:45 pm,Lubber Run,5-7.99,$120.00/$140.00,Available,2026-05-15T14:06:18+00:00,5,0,2026-05-15T14:06:18+00:00,,,,,
350225008,420222-A,Ballet 2,DANCE,Dance,ENJOYSUMMER,,07/15/2026,08/12/2026,W,5:50 pm,6:50 pm,Lubber Run,6.5-8.99,$160.00/$180.00,Available,2026-05-15T14:06:18+00:00,1,0,2026-05-15T14:06:18+00:00,,,,,
350225030,420225-A,Ballet 2 & 3,DANCE,Dance,ENJOYSUMMER,,07/16/2026,08/13/2026,Th,5:30 pm,6:30 pm,Walter Reed Center,6.5-11.99,$160.00/$180.00,Available,2026-05-15T14:06:18+00:00,1,0,2026-05-15T14:06:18+00:00,,,,,
350225019,420223-A,Ballet for Boys,DANCE,Dance,ENJOYSUMMER,,07/14/2026,08/11/2026,Tu,5:10 pm,5:55 pm,Lubber Run,5-9.99,$120.00/$140.00,Available,2026-05-15T14:06:18+00:00,0,0,2026-05-15T14:06:18+00:00,,,,,
350224973,420215-A,Beginning Ballet,DANCE,Dance,ENJOYSUMMER,,07/14/2026,08/11/2026,Tu,6:00 pm,7:00 pm,Walter Reed Center,8-11.99,$160.00/$180.00,Available,2026-05-15T14:06:18+00:00,1,0,2026-05-15T14:06:18+00:00,,,,,
350223999,410204-A,Dance and Prance,DANCE,Dance,ENJOYSUMMER,,07/11/2026,08/08/2026,Sa,10:45 am,11:15 am,Barcroft Fitness Center,2-3.99,$100.00/$120.00,Available,2026-05-26T15:55:59+00:00,7,0,2026-05-26T15:55:59+00:00,,,,,
350224011,410204-B,Dance and Prance,DANCE,Dance,ENJOYSUMMER,,07/11/2026,08/08/2026,Sa,9:45 am,10:15 am,Lubber Run,2-3.99,$100.00/$120.00,Available,2026-05-26T15:55:59+00:00,5,0,2026-05-26T15:55:59+00:00,,,,,
351070164,410204-C,Dance and Prance,DANCE,Dance,ENJOYSUMMER,,07/15/2026,08/12/2026,W,10:00 am,10:30 am,Langston Brown,2-3.99,$100.00/$120.00,Available,2026-05-26T15:55:59+00:00,5,0,2026-05-26T15:55:59+00:00,,,,,
351073176,410204-D,Dance and Prance,DANCE,Dance,ENJOYSUMMER,,07/17/2026,08/14/2026,F,10:00 am,10:30 am,Long Bridge Aquatics Center,2-3.99,$100.00/$120.00,Available,2026-05-26T15:55:59+00:00,3,0,2026-05-26T15:55:59+00:00,,,,,
350224951,420212-A,Hip Hop,DANCE,Dance,ENJOYSUMMER,,07/12/2026,08/09/2026,Su,11:30 am,12:15 pm,Long Bridge Aquatics Center,8-11.99,$120.00/$140.00,Available,2026-05-15T14:06:18+00:00,0,0,2026-05-15T14:06:18+00:00,,,,,
350224929,420200-A,Hip Hop & Jazz,DANCE,Dance,ENJOYSUMMER,,07/13/2026,08/10/2026,M,6:00 pm,6:45 pm,Fairlington Center,6-8.99,$120.00/$140.00,Available,2026-05-15T14:06:18+00:00,3,0,2026-05-15T14:06:18+00:00,,,,,
350224940,420200-B,Hip Hop & Jazz,DANCE,Dance,ENJOYSUMMER,,07/14/2026,08/11/2026,Tu,4:15 pm,5:00 pm,Lubber Run,6-8.99,$120.00/$140.00,Available,2026-05-15T14:06:18+00:00,5,0,2026-05-15T14:06:18+00:00,,,,,
350224962,420214-A,Let's Dance,DANCE,Dance,ENJOYSUMMER,,07/15/2026,08/12/2026,W,4:00 pm,4:45 pm,Lubber Run,5-9.99,$120.00/$140.00,Available,2026-05-15T14:06:18+00:00,5,0,2026-05-15T14:06:18+00:00,,,,,
350224044,410207-A,Let's Play Ballet,DANCE,Dance,ENJOYSUMMER,,07/11/2026,08/08/2026,Sa,10:00 am,10:30 am,Barcroft Fitness Center,2-3.99,$100.00/$120.00,Available,2026-05-26T15:55:59+00:00,9,0,2026-05-26T15:55:59+00:00,,,,,
350224055,410207-B,Let's Play Ballet,DANCE,Dance,ENJOYSUMMER,,07/16/2026,08/13/2026,Th,5:15 pm,5:45 pm,Barcroft Fitness Center,2-3.99,$100.00/$120.00,Available,2026-05-26T15:55:59+00:00,5,0,2026-05-26T15:55:59+00:00,,,,,
350224066,410207-C,Let's Play Ballet,DANCE,Dance,ENJOYSUMMER,,07/11/2026,08/08/2026,Sa,10:30 am,11:00 am,Lubber Run,2-3.99,$100.00/$120.00,Available,2026-05-26T15:55:59+00:00,5,0,2026-05-26T15:55:59+00:00,,,,,
350224077,410207-D,Let's Play Ballet,DANCE,Dance,ENJOYSUMMER,2026-05-14T16:00:00+00:00,07/17/2026,08/14/2026,F,10:00 am,10:30 am,Walter Reed Center,2-3.99,$100.00/$120.00,Waitlist,2026-05-26T15:55:59+00:00,12,1,2026-05-26T15:55:59+00:00,2026-05-15T00:00:40+00:00,2026-05-14T22:14:01+00:00,28840,8h,reg-open
350224294,410211-A,Pre-Ballet & Movement 2,DANCE,Dance,ENJOYSUMMER,,07/15/2026,08/12/2026,W,5:45 pm,6:30 pm,Langston Brown,4-5.99,$120.00/$140.00,Available,2026-05-26T15:55:59+00:00,2,0,2026-05-26T15:55:59+00:00,,,,,
350224305,410211-B,Pre-Ballet & Movement 2,DANCE,Dance,ENJOYSUMMER,,07/20/2026,08/17/2026,M,5:15 pm,6:00 pm,Barcroft Fitness Center,4-5.99,$120.00/$140.00,Available,2026-05-26T15:55:59+00:00,6,0,2026-05-26T15:55:59+00:00,,,,,
350224228,410210-A,Pre-Ballet & Movement I,DANCE,Dance,ENJOYSUMMER,2026-05-14T16:00:00+00:00,07/11/2026,08/08/2026,Sa,11:10 am,11:50 am,Lubber Run,3-5.99,$120.00/$140.00,Waitlist,2026-05-26T15:55:59+00:00,10,4,2026-05-26T15:55:59+00:00,2026-05-14T16:18:17+00:00,2026-05-14T16:17:17+00:00,1097,18m 17s,reg-open
350224239,410210-B,Pre-Ballet & Movement I,DANCE,Dance,ENJOYSUMMER,,07/12/2026,08/09/2026,Su,3:40 pm,4:20 pm,Lubber Run,3-5.99,$120.00/$140.00,Available,2026-05-26T15:55:59+00:00,11,0,2026-05-26T15:55:59+00:00,,,,,
350224250,410210-C,Pre-Ballet & Movement I,DANCE,Dance,ENJOYSUMMER,,07/13/2026,08/10/2026,M,5:10 pm,5:55 pm,Fairlington Center,3-5.99,$120.00/$140.00,Available,2026-05-26T15:55:59+00:00,3,0,2026-05-26T15:55:59+00:00,,,,,
350224261,410210-D,Pre-Ballet & Movement I,DANCE,Dance,ENJOYSUMMER,,07/15/2026,08/12/2026,W,5:00 pm,5:40 pm,Langston Brown,3-5.99,$120.00/$140.00,Available,2026-05-26T15:55:59+00:00,7,0,2026-05-26T15:55:59+00:00,,,,,
350224272,410210-E,Pre-Ballet & Movement I,DANCE,Dance,ENJOYSUMMER,,07/17/2026,08/14/2026,F,10:45 am,11:30 am,Walter Reed Center,3-5.99,$120.00/$140.00,Available,2026-05-26T15:55:59+00:00,4,0,2026-05-26T15:55:59+00:00,,,,,
350224283,410210-F,Pre-Ballet & Movement I,DANCE,Dance,ENJOYSUMMER,,07/20/2026,08/17/2026,M,4:30 pm,5:10 pm,Barcroft Fitness Center,3-5.99,$120.00/$140.00,Available,2026-05-26T15:55:59+00:00,3,0,2026-05-26T15:55:59+00:00,,,,,
350224317,410213-A,Tap n' Ballet,DANCE,Dance,ENJOYSUMMER,,07/12/2026,08/09/2026,Su,4:30 pm,5:15 pm,Lubber Run,4-6.99,$120.00/$140.00,Available,2026-05-26T15:55:59+00:00,7,0,2026-05-26T15:55:59+00:00,,,,,
350224328,410213-B,Tap n' Ballet,DANCE,Dance,ENJOYSUMMER,,07/14/2026,08/11/2026,Tu,5:15 pm,6:00 pm,Barcroft Fitness Center,4-6.99,$120.00/$140.00,Available,2026-05-26T15:55:59+00:00,2,0,2026-05-26T15:55:59+00:00,,,,,
350225674,440112-A,Intro to Sewing,FIBER,Sewing & Fiber Arts,ENJOYSUMMER,2026-05-14T16:00:00+00:00,06/28/2026,08/09/2026 *,Su,1:30 pm,3:30 pm,Arlington Mill,18-99.99,$191.00/$211.00,Waitlist,2026-05-15T14:06:18+00:00,6,4,2026-05-15T14:06:18+00:00,2026-05-14T16:14:17+00:00,2026-05-14T16:13:17+00:00,857,14m 17s,reg-open
350225688,440112-B,Intro to Sewing,FIBER,Sewing & Fiber Arts,ENJOYSUMMER,2026-05-14T16:00:00+00:00,06/28/2026,08/09/2026 *,Su,4:00 pm,6:00 pm,Arlington Mill,18-99.99,$191.00/$211.00,Waitlist,2026-05-15T14:06:18+00:00,6,3,2026-05-15T14:06:18+00:00,2026-05-15T02:54:54+00:00,2026-05-15T00:00:40+00:00,39294,10h 54m,reg-open
350225935,440319-A,Barre,FIT,Fitness,ENJOYSUMMER,2026-05-14T16:00:00+00:00,06/23/2026,08/18/2026,Tu,6:00 pm,7:00 pm,Langston Brown,16-99.99,$153.00/$173.00,Waitlist,2026-05-15T14:06:18+00:00,14,0,2026-05-15T14:06:18+00:00,2026-05-14T16:27:17+00:00,2026-05-14T16:26:17+00:00,1637,27m 17s,reg-open
350225946,440319-B,Barre,FIT,Fitness,ENJOYSUMMER,,06/23/2026,08/18/2026,Tu,7:10 pm,8:10 pm,Langston Brown,16-99.99,$153.00/$173.00,Available,2026-05-15T14:06:18+00:00,5,0,2026-05-15T14:06:18+00:00,,,,,
350225981,440334-A,Body Sculpting,FIT,Fitness,ENJOYSUMMER,2026-05-14T16:00:00+00:00,06/22/2026,08/17/2026,M,6:00 pm,7:00 pm,Langston Brown,18-99.99,$135.00/$155.00,Waitlist,2026-05-15T14:06:18+00:00,12,17,2026-05-15T14:06:18+00:00,2026-05-14T16:09:17+00:00,2026-05-14T14:09:15+00:00,557,9m 17s,reg-open
364658017,440334-B,Body Sculpting,FIT,Fitness,ENJOYSUMMER,,06/24/2026,08/19/2026,W,10:45 am,11:45 am,Langston Brown,18-99.99,$135.00/$155.00,Available,2026-05-15T14:06:18+00:00,10,0,2026-05-15T14:06:18+00:00,,,,,
350225993,440334-C,Body Sculpting,FIT,Fitness,ENJOYSUMMER,,06/24/2026,08/19/2026,W,6:00 pm,7:00 pm,Walter Reed Center,16-99.99,$135.00/$155.00,Available,2026-05-15T14:06:18+00:00,18,0,2026-05-15T14:06:18+00:00,,,,,
350225869,440306-A,Cardio Body Sculpting,FIT,Fitness,ENJOYSUMMER,,06/23/2026,08/18/2026 *,Tu,6:15 pm,7:15 pm,Arlington Mill,18-99.99,$120.00/$140.00,Available,2026-05-15T14:06:18+00:00,4,0,2026-05-15T14:06:18+00:00,,,,,
350225880,440306-B,Cardio Body Sculpting,FIT,Fitness,ENJOYSUMMER,2026-05-14T16:00:00+00:00,06/24/2026,08/19/2026 *,W,7:00 pm,8:00 pm,Langston Brown,18-99.99,$120.00/$140.00,Waitlist,2026-05-15T14:06:18+00:00,14,5,2026-05-15T14:06:18+00:00,2026-05-14T16:09:17+00:00,2026-05-14T14:09:15+00:00,557,9m 17s,reg-open
350225957,440331-A,Cycling,FIT,Fitness,ENJOYSUMMER,,06/24/2026,08/05/2026,W,7:15 pm,8:00 pm,Thomas Jefferson Center,18-99.99,$77.00/$97.00,Available,2026-05-15T14:06:18+00:00,4,0,2026-05-15T14:06:18+00:00,,,,,
350225968,440331-B,Cycling,FIT,Fitness,ENJOYSUMMER,,06/28/2026,08/16/2026 *,Su,8:15 am,9:00 am,Long Bridge Aquatics Center,18-99.99,$77.00/$97.00,Available,2026-05-15T14:06:18+00:00,0,0,2026-05-15T14:06:18+00:00,,,,,
350225814,440303-A,Essentrics,FIT,Fitness,ENJOYSUMMER,2026-05-14T16:00:00+00:00,06/23/2026,08/25/2026 *,Tu,8:00 am,9:00 am,Lubber Run,18-99.99,$135.00/$155.00,Waitlist,2026-05-15T14:06:18+00:00,15,1,2026-05-15T14:06:18+00:00,2026-05-14T17:20:17+00:00,2026-05-14T17:10:17+00:00,4817,1h 20m,reg-open
350225825,440303-B,Essentrics,FIT,Fitness,ENJOYSUMMER,,06/24/2026,08/26/2026 *,W,8:00 am,9:00 am,Lubber Run,18-99.99,$135.00/$155.00,Available,2026-05-15T14:06:18+00:00,12,0,2026-05-15T14:06:18+00:00,,,,,
350225836,440303-C,Essentrics,FIT,Fitness,ENJOYSUMMER,,06/25/2026,08/27/2026 *,Th,7:15 pm,8:15 pm,Barcroft Fitness Center,18-99.99,$105.00/$125.00,Available,2026-05-15T14:06:18+00:00,11,0,2026-05-15T14:06:18+00:00,,,,,
350225891,440307-A,EverStrong,FIT,Fitness,ENJOYSUMMER,,06/27/2026,08/15/2026 *,Sa,10:30 am,11:30 am,Long Bridge Aquatics Center,18-99.99,$105.00/$125.00,Available,2026-05-15T14:06:18+00:00,9,0,2026-05-15T14:06:18+00:00,,,,,
367658325,440309-A,EverStrong Demo,FIT,Fitness,ENJOYSUMMER,,05/23/2026,05/23/2026,Sa,10:30 am,11:00 am,Long Bridge Aquatics Center,18-99.99,$0.00/$0.00,Available,2026-05-15T14:06:18+00:00,3,0,2026-05-15T14:06:18+00:00,,,,,
350225902,440308-A,Strength & Sculpt,FIT,Fitness,ENJOYSUMMER,,06/25/2026,08/13/2026,Th,10:15 am,11:15 am,Barcroft Fitness Center,18-99.99,$120.00/$140.00,Available,2026-05-15T14:06:18+00:00,6,0,2026-05-15T14:06:18+00:00,,,,,
350225847,440304-A,Strong Camp 1,FIT,Fitness,ENJOYSUMMER,,06/23/2026,08/11/2026,Tu,7:00 pm,8:00 pm,Long Bridge Aquatics Center,15-99.99,$120.00/$140.00,Available,2026-05-15T14:06:18+00:00,8,0,2026-05-15T14:06:18+00:00,,,,,
350225858,440304-B,Strong Camp 1,FIT,Fitness,ENJOYSUMMER,,06/27/2026,08/15/2026 *,Sa,9:15 am,10:15 am,Long Bridge Aquatics Center,15-99.99,$105.00/$125.00,Available,2026-05-15T14:06:18+00:00,11,0,2026-05-15T14:06:18+00:00,,,,,
350225913,440312-A,WERQ,FIT,Fitness,ENJOYSUMMER,,06/25/2026,08/27/2026,Th,7:00 pm,8:00 pm,Walter Reed Center,18-99.99,$150.00/$170.00,Available,2026-05-15T14:06:18+00:00,17,0,2026-05-15T14:06:18+00:00,,,,,
350225924,440312-B,WERQ,FIT,Fitness,ENJOYSUMMER,,06/24/2026,08/12/2026,W,6:30 pm,7:30 pm,Long Bridge Aquatics Center,18-99.99,$120.00/$140.00,Available,2026-05-15T14:06:18+00:00,9,0,2026-05-15T14:06:18+00:00,,,,,
350226004,440344-A,Zumba,FIT,Fitness,ENJOYSUMMER,,06/24/2026,08/26/2026,W,7:00 pm,8:00 pm,Lubber Run,16-99.99,$150.00/$170.00,Available,2026-05-15T14:06:18+00:00,12,0,2026-05-15T14:06:18+00:00,,,,,
350226015,440344-B,Zumba,FIT,Fitness,ENJOYSUMMER,,06/22/2026,08/10/2026,M,7:00 pm,8:00 pm,Long Bridge Aquatics Center,16-99.99,$120.00/$140.00,Available,2026-05-15T14:06:18+00:00,2,0,2026-05-15T14:06:18+00:00,,,,,
350226026,440344-C,Zumba,FIT,Fitness,ENJOYSUMMER,,06/24/2026,08/12/2026,W,9:30 am,10:30 am,Lubber Run,18-99.99,$120.00/$140.00,Available,2026-05-15T14:06:18+00:00,17,0,2026-05-15T14:06:18+00:00,,,,,
350226037,440344-D,Zumba,FIT,Fitness,ENJOYSUMMER,,06/25/2026,08/13/2026,Th,11:20 am,12:20 pm,Barcroft Fitness Center,18-99.99,$120.00/$140.00,Available,2026-05-15T14:06:18+00:00,2,0,2026-05-15T14:06:18+00:00,,,,,
350224339,410300-A,Zumba Adult/Tot,FIT,Fitness,ENJOYSUMMER,,06/30/2026,08/11/2026,Tu,5:00 pm,5:45 pm,Long Bridge Aquatics Center,3-5.99,$154.00/$174.00,Available,2026-05-26T15:55:59+00:00,3,0,2026-05-26T15:55:59+00:00,,,,,
350224350,410301-A,Zumba Kids,FIT,Fitness,ENJOYSUMMER,,06/30/2026,08/11/2026,Tu,6:00 pm,6:45 pm,Long Bridge Aquatics Center,5-8.99,$154.00/$174.00,Available,2026-05-26T15:55:59+00:00,4,0,2026-05-26T15:55:59+00:00,,,,,
350217448,440501-A,Adult Advanced,GYMNA,Gymnastics,ENJOYSUMMER1,2026-05-12T16:00:00+00:00,07/09/2026,08/13/2026,Th,7:15 pm,8:45 pm,Barcroft Fitness Center,18-99.99,$132.00/$152.00,Waitlist,2026-05-15T13:59:31+00:00,10,0,2026-05-15T13:59:31+00:00,2026-05-12T16:13:42+00:00,2026-05-12T14:37:52+00:00,822,13m 42s,reg-open
364677421,440500-A,Adult Beginner,GYMNA,Gymnastics,ENJOYSUMMER1,2026-05-13T16:00:00+00:00,07/06/2026,08/10/2026 *,M,7:15 pm,8:45 pm,Barcroft Fitness Center,18-99.99,$132.00/$152.00,Waitlist,2026-05-15T13:59:31+00:00,10,0,2026-05-15T13:59:31+00:00,2026-05-13T19:06:24+00:00,2026-05-13T13:09:08+00:00,11184,3h 6m,reg-open
350217426,440500-B,Adult Beginner,GYMNA,Gymnastics,ENJOYSUMMER1,,07/06/2026,08/10/2026 *,M,7:15 pm,8:45 pm,Barcroft Fitness Center,18-99.99,$132.00/$152.00,Available,2026-05-15T13:59:31+00:00,5,0,2026-05-15T13:59:31+00:00,,,,,
350217437,440500-C,Adult Beginner,GYMNA,Gymnastics,ENJOYSUMMER1,2026-05-13T16:00:00+00:00,07/07/2026,08/11/2026 *,Tu,7:15 pm,8:45 pm,Barcroft Fitness Center,18-99.99,$132.00/$152.00,Waitlist,2026-05-15T13:59:31+00:00,10,0,2026-05-15T13:59:31+00:00,2026-05-14T06:22:28+00:00,2026-05-14T02:48:34+00:00,51748,14h 22m,reg-open
364677693,440500-D,Adult Beginner,GYMNA,Gymnastics,ENJOYSUMMER1,,07/07/2026,08/11/2026 *,Tu,7:15 pm,8:45 pm,Barcroft Fitness Center,18-99.99,$132.00/$152.00,Available,2026-05-15T13:59:31+00:00,7,0,2026-05-15T13:59:31+00:00,,,,,
350217284,420511-A,Boys Level 1 (Age: 5-7),GYMNA,Gymnastics,ENJOYSUMMER1,2026-05-12T16:00:00+00:00,07/09/2026,08/13/2026,Th,4:15 pm,5:15 pm,Barcroft Fitness Center,5-7.99,$119.00/$139.00,Waitlist,2026-05-15T13:59:31+00:00,8,5,2026-05-15T13:59:31+00:00,2026-05-12T16:13:42+00:00,2026-05-12T14:37:52+00:00,822,13m 42s,reg-open
350217295,420511-B,Boys Level 1 (Age: 5-7),GYMNA,Gymnastics,ENJOYSUMMER1,2026-05-12T16:00:00+00:00,07/10/2026,08/14/2026,F,4:15 pm,5:15 pm,Barcroft Fitness Center,5-7.99,$119.00/$139.00,Waitlist,2026-05-15T13:59:31+00:00,8,3,2026-05-15T13:59:31+00:00,2026-05-12T22:57:17+00:00,2026-05-12T21:16:38+00:00,25037,6h 57m,reg-open
350217306,420511-C,Boys Level 1 (Age: 5-7),GYMNA,Gymnastics,ENJOYSUMMER1,2026-05-12T16:00:00+00:00,07/11/2026,08/15/2026,Sa,12:15 pm,1:15 pm,Barcroft Fitness Center,5-7.99,$119.00/$139.00,Waitlist,2026-05-15T13:59:31+00:00,8,7,2026-05-15T13:59:31+00:00,2026-05-12T17:07:55+00:00,2026-05-12T16:15:42+00:00,4075,1h 7m,reg-open
350217317,420511-D,Boys Level 1 (Age: 5-7),GYMNA,Gymnastics,ENJOYSUMMER1,2026-05-12T16:00:00+00:00,07/12/2026,08/16/2026,Su,2:15 pm,3:15 pm,Barcroft Fitness Center,5-7.99,$119.00/$139.00,Waitlist,2026-05-15T13:59:31+00:00,8,6,2026-05-15T13:59:31+00:00,2026-05-12T16:13:42+00:00,2026-05-12T14:37:52+00:00,822,13m 42s,reg-open
350217339,420511-E,Boys Level 1 (Age: 5-7),GYMNA,Gymnastics,ENJOYSUMMER1,2026-05-12T16:00:00+00:00,07/08/2026,08/12/2026 *,W,4:15 pm,5:15 pm,Barcroft Fitness Center,5-7.99,$99.00/$119.00,Waitlist,2026-05-15T13:59:31+00:00,8,3,2026-05-15T13:59:31+00:00,2026-05-12T16:13:42+00:00,2026-05-12T14:37:52+00:00,822,13m 42s,reg-open
350217353,420511-F,Boys Level 1 (Age: 8-12),GYMNA,Gymnastics,ENJOYSUMMER1,,07/08/2026,08/12/2026,W,5:30 pm,6:30 pm,Barcroft Fitness Center,8-12.99,$119.00/$139.00,Available,2026-05-15T13:59:31+00:00,6,0,2026-05-15T13:59:31+00:00,,,,,
350217366,420511-G,Boys Level 1 (Age: 8-12),GYMNA,Gymnastics,ENJOYSUMMER1,,07/12/2026,08/16/2026,Su,3:30 pm,4:30 pm,Barcroft Fitness Center,8-12.99,$119.00/$139.00,Available,2026-05-15T13:59:31+00:00,7,0,2026-05-15T13:59:31+00:00,,,,,
350217379,420513-A,Boys Level 2 (Age: 6-12),GYMNA,Gymnastics,ENJOYSUMMER1,2026-05-12T16:00:00+00:00,07/10/2026,08/14/2026,F,5:30 pm,7:00 pm,Barcroft Fitness Center,6-12.99,$132.00/$152.00,Waitlist,2026-05-15T13:59:31+00:00,10,0,2026-05-15T13:59:31+00:00,2026-05-12T17:36:26+00:00,2026-05-12T17:07:55+00:00,5786,1h 36m,reg-open
350216376,410501-A,Family Gymnastics (Age: 1.5-5),GYMNA,Gymnastics,ENJOYSUMMER,2026-05-12T16:00:00+00:00,07/09/2026,08/13/2026,Th,11:30 am,12:15 pm,Barcroft Fitness Center,1.5-5.99,$83.00/$103.00,Waitlist,2026-05-26T15:55:59+00:00,8,9,2026-05-26T15:55:59+00:00,2026-05-12T16:13:42+00:00,2026-05-12T14:37:52+00:00,822,13m 42s,reg-open
350216387,410501-B,Family Gymnastics (Age: 1.5-5),GYMNA,Gymnastics,ENJOYSUMMER,2026-05-14T16:00:00+00:00,07/09/2026,08/13/2026,Th,2:00 pm,2:45 pm,Barcroft Fitness Center,1.5-5.99,$83.00/$103.00,Waitlist,2026-05-26T15:55:59+00:00,8,2,2026-05-26T15:55:59+00:00,2026-05-14T19:05:17+00:00,2026-05-14T14:02:20+00:00,11117,3h 5m,reg-open
350216398,410501-C,Family Gymnastics (Age: 1.5-5),GYMNA,Gymnastics,ENJOYSUMMER,2026-05-12T16:00:00+00:00,07/10/2026,08/14/2026,F,1:00 pm,1:45 pm,Barcroft Fitness Center,1.5-5.99,$83.00/$103.00,Waitlist,2026-05-26T15:55:59+00:00,8,4,2026-05-26T15:55:59+00:00,2026-05-12T16:13:42+00:00,2026-05-12T14:37:52+00:00,822,13m 42s,reg-open
350216409,410501-D,Family Gymnastics (Age: 1.5-5),GYMNA,Gymnastics,ENJOYSUMMER,2026-05-12T16:00:00+00:00,07/11/2026,08/15/2026,Sa,8:30 am,9:15 am,Barcroft Fitness Center,1.5-5.99,$83.00/$103.00,Waitlist,2026-05-26T15:55:59+00:00,8,31,2026-05-26T15:55:59+00:00,2026-05-12T16:13:42+00:00,2026-05-12T14:37:52+00:00,822,13m 42s,reg-open
350216431,410501-E,Family Gymnastics (Age: 1.5-5),GYMNA,Gymnastics,ENJOYSUMMER,2026-05-14T16:00:00+00:00,07/06/2026,08/10/2026 *,M,1:00 pm,1:45 pm,Barcroft Fitness Center,1.5-5.99,$69.00/$89.00,Waitlist,2026-05-26T15:55:59+00:00,8,0,2026-05-26T15:55:59+00:00,2026-05-19T15:39:28+00:00,2026-05-18T15:46:50+00:00,430768,4d 23h,reg-open
350216442,410501-F,Family Gymnastics (Age: 1.5-5),GYMNA,Gymnastics,ENJOYSUMMER,2026-05-12T16:00:00+00:00,07/07/2026,08/11/2026 *,Tu,11:30 am,12:15 pm,Barcroft Fitness Center,1.5-5.99,$69.00/$89.00,Waitlist,2026-05-26T15:55:59+00:00,7,13,2026-05-26T15:55:59+00:00,2026-05-12T16:13:42+00:00,2026-05-12T14:37:52+00:00,822,13m 42s,reg-open
350216453,410501-G,Family Gymnastics (Age: 1.5-5),GYMNA,Gymnastics,ENJOYSUMMER,,07/07/2026,08/11/2026 *,Tu,2:00 pm,2:45 pm,Barcroft Fitness Center,1.5-5.99,$69.00/$89.00,Available,2026-05-26T15:55:59+00:00,3,0,2026-05-26T15:55:59+00:00,,,,,
350216465,410501-H,Family Gymnastics (Age: 1.5-5),GYMNA,Gymnastics,ENJOYSUMMER,2026-05-14T16:00:00+00:00,07/08/2026,08/12/2026 *,W,1:00 pm,1:45 pm,Barcroft Fitness Center,1.5-5.99,$69.00/$89.00,Waitlist,2026-05-26T15:55:59+00:00,8,0,2026-05-26T15:55:59+00:00,2026-05-14T19:05:17+00:00,2026-05-14T14:02:20+00:00,11117,3h 5m,reg-open
350217262,420504-A,Girls 3+ (Age: 7-13),GYMNA,Gymnastics,ENJOYSUMMER1,2026-05-12T16:00:00+00:00,07/11/2026,08/15/2026,Sa,2:45 pm,4:45 pm,Barcroft Fitness Center,7-13.99,$178.00/$198.00,Waitlist,2026-05-15T13:59:31+00:00,9,2,2026-05-15T13:59:31+00:00,2026-05-12T16:13:42+00:00,2026-05-12T14:37:52+00:00,822,13m 42s,reg-open
350217273,420504-B,Girls 3+ (Age: 7-13),GYMNA,Gymnastics,ENJOYSUMMER1,2026-05-12T16:00:00+00:00,07/08/2026,08/12/2026 *,W,5:45 pm,7:45 pm,Barcroft Fitness Center,7-13.99,$149.00/$169.00,Waitlist,2026-05-15T13:59:31+00:00,10,7,2026-05-15T13:59:31+00:00,2026-05-12T16:13:42+00:00,2026-05-12T14:37:52+00:00,822,13m 42s,reg-open
350216906,420500-A,Girls Level 1 (Age 5-6),GYMNA,Gymnastics,ENJOYSUMMER1,2026-05-12T16:00:00+00:00,07/09/2026,08/13/2026,Th,4:15 pm,5:15 pm,Barcroft Fitness Center,5-6.99,$119.00/$139.00,Waitlist,2026-05-15T13:59:31+00:00,8,14,2026-05-15T13:59:31+00:00,2026-05-12T16:13:42+00:00,2026-05-12T14:37:52+00:00,822,13m 42s,reg-open
350216928,420500-B,Girls Level 1 (Age 5-6),GYMNA,Gymnastics,ENJOYSUMMER1,2026-05-12T16:00:00+00:00,07/10/2026,08/14/2026,F,4:15 pm,5:15 pm,Barcroft Fitness Center,5-6.99,$119.00/$139.00,Waitlist,2026-05-15T13:59:31+00:00,7,13,2026-05-15T13:59:31+00:00,2026-05-12T16:13:42+00:00,2026-05-12T14:37:52+00:00,822,13m 42s,reg-open
350216939,420500-C,Girls Level 1 (Age 5-6),GYMNA,Gymnastics,ENJOYSUMMER1,2026-05-12T16:00:00+00:00,07/11/2026,08/15/2026,Sa,12:15 pm,1:15 pm,Barcroft Fitness Center,5-6.99,$119.00/$139.00,Waitlist,2026-05-15T13:59:31+00:00,6,11,2026-05-15T13:59:31+00:00,2026-05-12T16:13:42+00:00,2026-05-12T14:37:52+00:00,822,13m 42s,reg-open
350216950,420500-D,Girls Level 1 (Age 5-6),GYMNA,Gymnastics,ENJOYSUMMER1,2026-05-12T16:00:00+00:00,07/12/2026,08/16/2026,Su,2:15 pm,3:15 pm,Barcroft Fitness Center,5-6.99,$119.00/$139.00,Waitlist,2026-05-15T13:59:31+00:00,6,10,2026-05-15T13:59:31+00:00,2026-05-12T16:13:42+00:00,2026-05-12T14:37:52+00:00,822,13m 42s,reg-open
350216961,420500-E,Girls Level 1 (Age 5-6),GYMNA,Gymnastics,ENJOYSUMMER1,2026-05-12T16:00:00+00:00,07/12/2026,08/16/2026,Su,3:30 pm,4:30 pm,Barcroft Fitness Center,5-6.99,$119.00/$139.00,Waitlist,2026-05-15T13:59:31+00:00,8,9,2026-05-15T13:59:31+00:00,2026-05-12T16:13:42+00:00,2026-05-12T14:37:52+00:00,822,13m 42s,reg-open
350216972,420500-F,Girls Level 1 (Age 5-6),GYMNA,Gymnastics,ENJOYSUMMER1,2026-05-12T16:00:00+00:00,07/06/2026,08/10/2026 *,M,4:15 pm,5:15 pm,Barcroft Fitness Center,5-6.99,$99.00/$119.00,Waitlist,2026-05-15T13:59:31+00:00,7,12,2026-05-15T13:59:31+00:00,2026-05-12T16:13:42+00:00,2026-05-12T14:37:52+00:00,822,13m 42s,reg-open
350216994,420500-G,Girls Level 1 (Age 5-6),GYMNA,Gymnastics,ENJOYSUMMER1,2026-05-12T16:00:00+00:00,07/07/2026,08/11/2026,Tu,5:45 pm,6:45 pm,Barcroft Fitness Center,5-6.99,$99.00/$119.00,Waitlist,2026-05-15T13:59:31+00:00,8,13,2026-05-15T13:59:31+00:00,2026-05-12T16:13:42+00:00,2026-05-12T14:37:52+00:00,822,13m 42s,reg-open
350217005,420500-H,Girls Level 1 (Age 5-6),GYMNA,Gymnastics,ENJOYSUMMER1,2026-05-12T16:00:00+00:00,07/08/2026,08/12/2026,W,4:15 pm,5:15 pm,Barcroft Fitness Center,5-6.99,$99.00/$119.00,Waitlist,2026-05-15T13:59:31+00:00,8,12,2026-05-15T13:59:31+00:00,2026-05-12T16:13:42+00:00,2026-05-12T14:37:52+00:00,822,13m 42s,reg-open
350217016,420500-I,Girls Level 1 (Age 5-6),GYMNA,Gymnastics,ENJOYSUMMER1,2026-05-12T16:00:00+00:00,07/08/2026,08/12/2026,W,5:30 pm,6:30 pm,Barcroft Fitness Center,5-6.99,$99.00/$119.00,Waitlist,2026-05-15T13:59:31+00:00,8,13,2026-05-15T13:59:31+00:00,2026-05-12T16:13:42+00:00,2026-05-12T14:37:52+00:00,822,13m 42s,reg-open
350217027,420500-J,Girls Level 1 (Age 7-8),GYMNA,Gymnastics,ENJOYSUMMER1,2026-05-12T16:00:00+00:00,07/09/2026,08/13/2026,Th,4:15 pm,5:15 pm,Barcroft Fitness Center,7-8.99,$119.00/$139.00,Waitlist,2026-05-15T13:59:31+00:00,7,2,2026-05-15T13:59:31+00:00,2026-05-12T17:07:55+00:00,2026-05-12T16:15:42+00:00,4075,1h 7m,reg-open
350217049,420500-K,Girls Level 1 (Age 7-8),GYMNA,Gymnastics,ENJOYSUMMER1,2026-05-12T16:00:00+00:00,07/11/2026,08/15/2026,Sa,1:30 pm,2:30 pm,Barcroft Fitness Center,7-8.99,$119.00/$139.00,Waitlist,2026-05-15T13:59:31+00:00,7,6,2026-05-15T13:59:31+00:00,2026-05-12T16:13:42+00:00,2026-05-12T14:37:52+00:00,822,13m 42s,reg-open
350217071,420500-L,Girls Level 1 (Age 7-8),GYMNA,Gymnastics,ENJOYSUMMER1,2026-05-13T16:00:00+00:00,07/06/2026,08/10/2026 *,M,4:15 pm,5:15 pm,Barcroft Fitness Center,7-8.99,$99.00/$119.00,Waitlist,2026-05-15T13:59:31+00:00,8,1,2026-05-15T13:59:31+00:00,2026-05-13T19:06:24+00:00,2026-05-13T13:09:08+00:00,11184,3h 6m,reg-open
350217083,420500-M,Girls Level 1 (Age 7-8),GYMNA,Gymnastics,ENJOYSUMMER1,2026-05-12T16:00:00+00:00,07/06/2026,08/10/2026 *,M,5:30 pm,6:30 pm,Barcroft Fitness Center,7-8.99,$99.00/$119.00,Waitlist,2026-05-15T13:59:31+00:00,8,3,2026-05-15T13:59:31+00:00,2026-05-12T16:13:42+00:00,2026-05-12T14:37:52+00:00,822,13m 42s,reg-open
350217105,420500-N,Girls Level 1 (Age 7-8),GYMNA,Gymnastics,ENJOYSUMMER1,,07/08/2026,08/12/2026 *,W,4:15 pm,5:15 pm,Barcroft Fitness Center,7-8.99,$99.00/$119.00,Available,2026-05-15T13:59:31+00:00,7,0,2026-05-15T13:59:31+00:00,,,,,
350217117,420500-O,Girls Level 1 (Age 7-8),GYMNA,Gymnastics,ENJOYSUMMER1,2026-05-12T16:00:00+00:00,07/08/2026,08/12/2026 *,W,5:30 pm,6:30 pm,Barcroft Fitness Center,7-8.99,$99.00/$119.00,Waitlist,2026-05-15T13:59:31+00:00,8,1,2026-05-15T13:59:31+00:00,2026-05-12T18:31:26+00:00,2026-05-12T18:26:26+00:00,9086,2h 31m,reg-open
350217128,420500-P,Girls Level 1 (Age 7-8),GYMNA,Gymnastics,ENJOYSUMMER1,2026-05-14T16:00:00+00:00,07/08/2026,08/12/2026 *,W,6:45 pm,7:45 pm,Barcroft Fitness Center,7-8.99,$99.00/$119.00,Waitlist,2026-05-15T13:59:31+00:00,8,0,2026-05-15T13:59:31+00:00,2026-05-14T23:54:46+00:00,2026-05-14T22:07:42+00:00,28486,7h 54m,reg-open
350217150,420500-Q,Girls Level 1 (Age 9-12),GYMNA,Gymnastics,ENJOYSUMMER1,2026-05-12T16:00:00+00:00,07/10/2026,08/14/2026,F,5:30 pm,6:30 pm,Barcroft Fitness Center,9-12.99,$119.00/$139.00,Waitlist,2026-05-15T13:59:31+00:00,8,0,2026-05-15T13:59:31+00:00,2026-05-12T19:46:58+00:00,2026-05-12T19:26:26+00:00,13618,3h 46m,reg-open
350217162,420500-R,Girls Level 1 (Age 9-12),GYMNA,Gymnastics,ENJOYSUMMER1,,07/11/2026,08/15/2026,Sa,1:30 pm,2:30 pm,Barcroft Fitness Center,9-12.99,$119.00/$139.00,Available,2026-05-15T13:59:31+00:00,3,0,2026-05-15T13:59:31+00:00,,,,,
350217174,420500-S,Girls Level 1 (Age 9-12),GYMNA,Gymnastics,ENJOYSUMMER1,,07/12/2026,08/16/2026,Su,4:45 pm,5:45 pm,Barcroft Fitness Center,9-12.99,$119.00/$139.00,Available,2026-05-15T13:59:31+00:00,6,0,2026-05-15T13:59:31+00:00,,,,,
364675943,420500-T,Girls Level 1 (Age 9-12),GYMNA,Gymnastics,ENJOYSUMMER1,2026-05-14T16:00:00+00:00,07/06/2026,08/10/2026 *,M,4:15 pm,5:15 pm,Barcroft Fitness Center,9-12.99,$99.00/$119.00,Waitlist,2026-05-15T13:59:31+00:00,8,0,2026-05-15T13:59:31+00:00,2026-05-14T19:05:17+00:00,2026-05-14T14:02:20+00:00,11117,3h 5m,reg-open
350217185,420500-U,Girls Level 1 (Age 9-12),GYMNA,Gymnastics,ENJOYSUMMER1,,07/06/2026,08/10/2026 *,M,5:30 pm,6:30 pm,Barcroft Fitness Center,9-12.99,$99.00/$119.00,Available,2026-05-15T13:59:31+00:00,6,0,2026-05-15T13:59:31+00:00,,,,,
350216917,420500-V,Girls Level 1 (Age 9-12),GYMNA,Gymnastics,ENJOYSUMMER1,,07/08/2026,08/12/2026 *,W,6:45 pm,7:45 pm,Barcroft Fitness Center,9-12.99,$99.00/$119.00,Available,2026-05-15T13:59:31+00:00,6,0,2026-05-15T13:59:31+00:00,,,,,
350217207,420502-A,Girls Level 2 (Age: 6-8),GYMNA,Gymnastics,ENJOYSUMMER1,2026-05-12T16:00:00+00:00,07/09/2026,08/13/2026,Th,5:30 pm,7:00 pm,Barcroft Fitness Center,6-8.99,$132.00/$152.00,Waitlist,2026-05-15T13:59:31+00:00,7,9,2026-05-15T13:59:31+00:00,2026-05-12T16:13:42+00:00,2026-05-12T14:37:52+00:00,822,13m 42s,reg-open
350217218,420502-B,Girls Level 2 (Age: 6-8),GYMNA,Gymnastics,ENJOYSUMMER1,2026-05-12T16:00:00+00:00,07/11/2026,08/15/2026,Sa,12:15 pm,1:45 pm,Barcroft Fitness Center,6-8.99,$132.00/$152.00,Waitlist,2026-05-15T13:59:31+00:00,8,4,2026-05-15T13:59:31+00:00,2026-05-12T16:13:42+00:00,2026-05-12T14:37:52+00:00,822,13m 42s,reg-open
350217240,420502-C,Girls Level 2 (Age: 9-12),GYMNA,Gymnastics,ENJOYSUMMER1,2026-05-12T16:00:00+00:00,07/10/2026,08/14/2026,F,5:30 pm,7:00 pm,Barcroft Fitness Center,9-12.99,$132.00/$152.00,Waitlist,2026-05-15T13:59:31+00:00,10,9,2026-05-15T13:59:31+00:00,2026-05-12T16:13:42+00:00,2026-05-12T14:37:52+00:00,822,13m 42s,reg-open
350217251,420502-D,Girls Level 2 (Age: 9-12),GYMNA,Gymnastics,ENJOYSUMMER1,2026-05-12T16:00:00+00:00,07/07/2026,08/11/2026 *,Tu,5:45 pm,7:15 pm,Barcroft Fitness Center,9-12.99,$110.00/$130.00,Waitlist,2026-05-15T13:59:31+00:00,10,15,2026-05-15T13:59:31+00:00,2026-05-12T16:13:42+00:00,2026-05-12T14:37:52+00:00,822,13m 42s,reg-open
350216707,410505-A,Gymnasticats (Age: 4),GYMNA,Gymnastics,ENJOYSUMMER,2026-05-14T16:00:00+00:00,07/09/2026,08/13/2026,Th,1:00 pm,1:45 pm,Barcroft Fitness Center,4-4.99,$83.00/$103.00,Waitlist,2026-05-26T15:55:59+00:00,6,0,2026-05-26T15:55:59+00:00,2026-05-18T15:46:50+00:00,2026-05-17T13:45:24+00:00,344810,3d 23h,reg-open
350216718,410505-B,Gymnasticats (Age: 4),GYMNA,Gymnastics,ENJOYSUMMER,2026-05-12T16:00:00+00:00,07/09/2026,08/13/2026,Th,3:00 pm,3:45 pm,Barcroft Fitness Center,4-4.99,$83.00/$103.00,Waitlist,2026-05-26T15:55:59+00:00,6,7,2026-05-26T15:55:59+00:00,2026-05-12T16:13:42+00:00,2026-05-12T14:37:52+00:00,822,13m 42s,reg-open
350216729,410505-C,Gymnasticats (Age: 4),GYMNA,Gymnastics,ENJOYSUMMER,2026-05-12T16:00:00+00:00,07/10/2026,08/14/2026,F,11:30 am,12:15 pm,Barcroft Fitness Center,4-4.99,$83.00/$103.00,Waitlist,2026-05-26T15:55:59+00:00,6,1,2026-05-26T15:55:59+00:00,2026-05-12T18:46:27+00:00,2026-05-12T18:36:26+00:00,9987,2h 46m,reg-open
350216740,410505-D,Gymnasticats (Age: 4),GYMNA,Gymnastics,ENJOYSUMMER,2026-05-12T16:00:00+00:00,07/10/2026,08/14/2026,F,2:00 pm,2:45 pm,Barcroft Fitness Center,4-4.99,$83.00/$103.00,Waitlist,2026-05-26T15:55:59+00:00,4,3,2026-05-26T15:55:59+00:00,2026-05-12T16:13:42+00:00,2026-05-12T14:37:52+00:00,822,13m 42s,reg-open
350216751,410505-E,Gymnasticats (Age: 4),GYMNA,Gymnastics,ENJOYSUMMER,2026-05-12T16:00:00+00:00,07/11/2026,08/15/2026,Sa,9:30 am,10:15 am,Barcroft Fitness Center,4-4.99,$83.00/$103.00,Waitlist,2026-05-26T15:55:59+00:00,5,22,2026-05-26T15:55:59+00:00,2026-05-12T16:13:42+00:00,2026-05-12T14:37:52+00:00,822,13m 42s,reg-open
350216762,410505-F,Gymnasticats (Age: 4),GYMNA,Gymnastics,ENJOYSUMMER,2026-05-12T16:00:00+00:00,07/11/2026,08/15/2026,Sa,10:30 am,11:15 am,Barcroft Fitness Center,4-4.99,$83.00/$103.00,Waitlist,2026-05-26T15:55:59+00:00,6,22,2026-05-26T15:55:59+00:00,2026-05-12T16:13:42+00:00,2026-05-12T14:37:52+00:00,822,13m 42s,reg-open
350216773,410505-G,Gymnasticats (Age: 4),GYMNA,Gymnastics,ENJOYSUMMER,2026-05-12T16:00:00+00:00,07/12/2026,08/16/2026,Su,1:00 pm,1:45 pm,Barcroft Fitness Center,4-4.99,$83.00/$103.00,Waitlist,2026-05-26T15:55:59+00:00,4,16,2026-05-26T15:55:59+00:00,2026-05-12T16:13:42+00:00,2026-05-12T14:37:52+00:00,822,13m 42s,reg-open
350216784,410505-H,Gymnasticats (Age: 4),GYMNA,Gymnastics,ENJOYSUMMER,2026-05-13T16:00:00+00:00,07/06/2026,08/10/2026 *,M,11:30 am,12:15 pm,Barcroft Fitness Center,4-4.99,$69.00/$89.00,Waitlist,2026-05-26T15:55:59+00:00,6,0,2026-05-26T15:55:59+00:00,2026-05-13T19:06:24+00:00,2026-05-13T13:09:08+00:00,11184,3h 6m,reg-open
350216795,410505-I,Gymnasticats (Age: 4),GYMNA,Gymnastics,ENJOYSUMMER,2026-05-13T16:00:00+00:00,07/06/2026,08/10/2026 *,M,2:00 pm,2:45 pm,Barcroft Fitness Center,4-4.99,$69.00/$89.00,Waitlist,2026-05-26T15:55:59+00:00,6,0,2026-05-26T15:55:59+00:00,2026-05-14T02:48:34+00:00,2026-05-13T23:54:10+00:00,38914,10h 48m,reg-open
350216806,410505-J,Gymnasticats (Age: 4),GYMNA,Gymnastics,ENJOYSUMMER,2026-05-14T16:00:00+00:00,07/07/2026,08/11/2026 *,Tu,1:00 pm,1:45 pm,Barcroft Fitness Center,4-4.99,$69.00/$89.00,Waitlist,2026-05-26T15:55:59+00:00,6,1,2026-05-26T15:55:59+00:00,2026-05-15T13:59:31+00:00,2026-05-15T11:52:53+00:00,79171,21h 59m,reg-open
350216817,410505-K,Gymnasticats (Age: 4),GYMNA,Gymnastics,ENJOYSUMMER,2026-05-12T16:00:00+00:00,07/07/2026,08/11/2026 *,Tu,3:00 pm,3:45 pm,Barcroft Fitness Center,4-4.99,$69.00/$89.00,Waitlist,2026-05-26T15:55:59+00:00,6,3,2026-05-26T15:55:59+00:00,2026-05-12T17:07:55+00:00,2026-05-12T16:15:42+00:00,4075,1h 7m,reg-open
350216828,410505-L,Gymnasticats (Age: 4),GYMNA,Gymnastics,ENJOYSUMMER,2026-05-14T16:00:00+00:00,07/08/2026,08/12/2026 *,W,11:30 am,12:15 pm,Barcroft Fitness Center,4-4.99,$69.00/$89.00,Waitlist,2026-05-26T15:55:59+00:00,6,1,2026-05-26T15:55:59+00:00,2026-05-14T19:05:17+00:00,2026-05-14T14:02:20+00:00,11117,3h 5m,reg-open
350216839,410505-M,Gymnasticats (Age: 4),GYMNA,Gymnastics,ENJOYSUMMER,2026-05-14T16:00:00+00:00,07/08/2026,08/12/2026 *,W,2:00 pm,2:45 pm,Barcroft Fitness Center,4-4.99,$69.00/$89.00,Waitlist,2026-05-26T15:55:59+00:00,6,0,2026-05-26T15:55:59+00:00,2026-05-20T15:39:07+00:00,2026-05-19T15:39:28+00:00,517147,5d 23h,reg-open
350216850,410505-N,Gymnasticats (Age: 4),GYMNA,Gymnastics,ENJOYSUMMER,2026-05-13T16:00:00+00:00,07/08/2026,08/12/2026 *,W,3:00 pm,3:45 pm,Barcroft Fitness Center,4-4.99,$69.00/$89.00,Waitlist,2026-05-26T15:55:59+00:00,6,2,2026-05-26T15:55:59+00:00,2026-05-14T02:48:34+00:00,2026-05-13T23:54:10+00:00,38914,10h 48m,reg-open
364678079,440502-A,Gymnastics:  Adult Intermediate,GYMNA,Gymnastics,ENJOYSUMMER1,,07/09/2026,08/13/2026,Th,7:15 pm,8:45 pm,Barcroft Fitness Center,18-99.99,$132.00/$152.00,Available,2026-05-15T13:59:31+00:00,7,0,2026-05-15T13:59:31+00:00,,,,,
350732033,440502-B,Gymnastics:  Adult Intermediate,GYMNA,Gymnastics,ENJOYSUMMER1,,07/08/2026,08/12/2026 *,W,7:15 pm,8:45 pm,Barcroft Fitness Center,18-99.99,$110.00/$130.00,Available,2026-05-15T13:59:31+00:00,3,0,2026-05-15T13:59:31+00:00,,,,,
350740938,440503-A,Gymnastics:  Open Gym:  Adults,GYMNA,Gymnastics,ENJOYSUMMER1,,08/19/2026,08/19/2026,W,6:30 pm,8:30 pm,Barcroft Fitness Center,18-99.99,$30.00/$35.00,Available,2026-05-15T13:59:31+00:00,3,0,2026-05-15T13:59:31+00:00,,,,,
350741533,440503-B,Gymnastics:  Open Gym:  Adults,GYMNA,Gymnastics,ENJOYSUMMER1,,08/20/2026,08/20/2026,Th,6:30 pm,8:30 pm,Barcroft Fitness Center,18-99.99,$30.00/$35.00,Available,2026-05-15T13:59:31+00:00,0,0,2026-05-15T13:59:31+00:00,,,,,
350741599,440503-C,Gymnastics:  Open Gym:  Adults,GYMNA,Gymnastics,ENJOYSUMMER1,,08/22/2026,08/22/2026,Sa,12:30 pm,2:30 pm,Barcroft Fitness Center,18-99.99,$30.00/$35.00,Available,2026-05-15T13:59:31+00:00,3,0,2026-05-15T13:59:31+00:00,,,,,
350740400,420523-A,Gymnastics:  Open Gym: Kids & Teens,GYMNA,Gymnastics,ENJOYSUMMER1,,08/18/2026,08/18/2026,Tu,6:00 pm,7:30 pm,Barcroft Fitness Center,7-17.99,$22.00/$25.00,Available,2026-05-15T13:59:31+00:00,0,0,2026-05-15T13:59:31+00:00,,,,,
350739304,410525-A,Gymnastics: Open Gym:  Preschool,GYMNA,Gymnastics,ENJOYSUMMER,,08/22/2026,08/22/2026,Sa,10:00 am,11:00 am,Barcroft Fitness Center,1.5-6.99,$20.00/$23.00,Available,2026-05-26T15:55:59+00:00,36,0,2026-05-26T15:55:59+00:00,,,,,
350216884,410506-A,Junior Gymnast (Age: 5),GYMNA,Gymnastics,ENJOYSUMMER,2026-05-12T16:00:00+00:00,07/09/2026,08/13/2026,Th,3:00 pm,3:45 pm,Barcroft Fitness Center,5-5.99,$69.00/$89.00,Waitlist,2026-05-26T15:55:59+00:00,6,2,2026-05-26T15:55:59+00:00,2026-05-12T22:57:17+00:00,2026-05-12T21:16:38+00:00,25037,6h 57m,reg-open
350216861,410506-B,Junior Gymnast (Age: 5),GYMNA,Gymnastics,ENJOYSUMMER,2026-05-12T16:00:00+00:00,07/07/2026,08/11/2026 *,Tu,3:00 pm,3:45 pm,Barcroft Fitness Center,5-5.99,$69.00/$89.00,Waitlist,2026-05-26T15:55:59+00:00,6,3,2026-05-26T15:55:59+00:00,2026-05-12T17:07:55+00:00,2026-05-12T16:15:42+00:00,4075,1h 7m,reg-open
350216872,410506-C,Junior Gymnast (Age: 5),GYMNA,Gymnastics,ENJOYSUMMER,2026-05-14T16:00:00+00:00,07/08/2026,08/12/2026 *,W,3:00 pm,3:45 pm,Barcroft Fitness Center,5-5.99,$69.00/$89.00,Waitlist,2026-05-26T15:55:59+00:00,6,1,2026-05-26T15:55:59+00:00,2026-05-19T15:39:28+00:00,2026-05-18T15:46:50+00:00,430768,4d 23h,reg-open
350216575,410503-A,Tumbling for 3's (Age: 3),GYMNA,Gymnastics,ENJOYSUMMER,2026-05-14T16:00:00+00:00,07/09/2026,08/13/2026,Th,1:00 pm,1:45 pm,Barcroft Fitness Center,3-3.99,$83.00/$103.00,Waitlist,2026-05-26T15:55:59+00:00,6,1,2026-05-26T15:55:59+00:00,2026-05-14T19:05:17+00:00,2026-05-14T14:02:20+00:00,11117,3h 5m,reg-open
350216586,410503-B,Tumbling for 3's (Age: 3),GYMNA,Gymnastics,ENJOYSUMMER,2026-05-12T16:00:00+00:00,07/10/2026,08/14/2026,F,11:30 am,12:15 pm,Barcroft Fitness Center,3-3.99,$83.00/$103.00,Waitlist,2026-05-26T15:55:59+00:00,6,3,2026-05-26T15:55:59+00:00,2026-05-12T16:13:42+00:00,2026-05-12T14:37:52+00:00,822,13m 42s,reg-open
350216597,410503-C,Tumbling for 3's (Age: 3),GYMNA,Gymnastics,ENJOYSUMMER,2026-05-14T16:00:00+00:00,07/10/2026,08/14/2026,F,2:00 pm,2:45 pm,Barcroft Fitness Center,3-3.99,$83.00/$103.00,Waitlist,2026-05-26T15:55:59+00:00,6,0,2026-05-26T15:55:59+00:00,2026-05-14T19:05:17+00:00,2026-05-14T14:02:20+00:00,11117,3h 5m,reg-open
350216608,410503-D,Tumbling for 3's (Age: 3),GYMNA,Gymnastics,ENJOYSUMMER,2026-05-12T16:00:00+00:00,07/11/2026,08/15/2026,Sa,9:30 am,10:15 am,Barcroft Fitness Center,3-3.99,$83.00/$103.00,Waitlist,2026-05-26T15:55:59+00:00,6,20,2026-05-26T15:55:59+00:00,2026-05-12T16:13:42+00:00,2026-05-12T14:37:52+00:00,822,13m 42s,reg-open
350216619,410503-E,Tumbling for 3's (Age: 3),GYMNA,Gymnastics,ENJOYSUMMER,2026-05-12T16:00:00+00:00,07/11/2026,08/15/2026,Sa,10:30 am,11:15 am,Barcroft Fitness Center,3-3.99,$83.00/$103.00,Waitlist,2026-05-26T15:55:59+00:00,6,22,2026-05-26T15:55:59+00:00,2026-05-12T16:13:42+00:00,2026-05-12T14:37:52+00:00,822,13m 42s,reg-open
350216630,410503-F,Tumbling for 3's (Age: 3),GYMNA,Gymnastics,ENJOYSUMMER,2026-05-12T16:00:00+00:00,07/12/2026,08/16/2026,Su,1:00 pm,1:45 pm,Barcroft Fitness Center,3-3.99,$83.00/$103.00,Waitlist,2026-05-26T15:55:59+00:00,6,15,2026-05-26T15:55:59+00:00,2026-05-12T16:13:42+00:00,2026-05-12T14:37:52+00:00,822,13m 42s,reg-open
350216652,410503-G,Tumbling for 3's (Age: 3),GYMNA,Gymnastics,ENJOYSUMMER,2026-05-12T16:00:00+00:00,07/06/2026,08/10/2026 *,M,2:00 pm,2:45 pm,Barcroft Fitness Center,3-3.99,$69.00/$89.00,Waitlist,2026-05-26T15:55:59+00:00,6,1,2026-05-26T15:55:59+00:00,2026-05-12T16:13:42+00:00,2026-05-12T14:37:52+00:00,822,13m 42s,reg-open
350216663,410503-H,Tumbling for 3's (Age: 3),GYMNA,Gymnastics,ENJOYSUMMER,2026-05-14T16:00:00+00:00,07/07/2026,08/11/2026 *,Tu,1:00 pm,1:45 pm,Barcroft Fitness Center,3-3.99,$69.00/$89.00,Waitlist,2026-05-26T15:55:59+00:00,6,1,2026-05-26T15:55:59+00:00,2026-05-19T15:39:28+00:00,2026-05-18T15:46:50+00:00,430768,4d 23h,reg-open
350216674,410503-I,Tumbling for 3's (Age: 3),GYMNA,Gymnastics,ENJOYSUMMER,2026-05-12T16:00:00+00:00,07/07/2026,08/11/2026 *,Tu,3:00 pm,3:45 pm,Barcroft Fitness Center,3-3.99,$69.00/$89.00,Waitlist,2026-05-26T15:55:59+00:00,6,4,2026-05-26T15:55:59+00:00,2026-05-12T16:13:42+00:00,2026-05-12T14:37:52+00:00,822,13m 42s,reg-open
350216685,410503-J,Tumbling for 3's (Age: 3),GYMNA,Gymnastics,ENJOYSUMMER,2026-05-12T16:00:00+00:00,07/08/2026,08/12/2026 *,W,11:30 am,12:15 pm,Barcroft Fitness Center,3-3.99,$69.00/$89.00,Waitlist,2026-05-26T15:55:59+00:00,6,8,2026-05-26T15:55:59+00:00,2026-05-12T16:13:42+00:00,2026-05-12T14:37:52+00:00,822,13m 42s,reg-open
350216696,410503-K,Tumbling for 3's (Age: 3),GYMNA,Gymnastics,ENJOYSUMMER,2026-05-14T16:00:00+00:00,07/08/2026,08/12/2026 *,W,2:00 pm,2:45 pm,Barcroft Fitness Center,3-3.99,$69.00/$89.00,Waitlist,2026-05-26T15:55:59+00:00,6,0,2026-05-26T15:55:59+00:00,2026-05-26T15:55:59+00:00,2026-05-25T15:21:17+00:00,1036559,11d 23h,reg-open
350216476,410502-A,Tumbling for Toddlers (Age: 1.5-2),GYMNA,Gymnastics,ENJOYSUMMER,2026-05-12T16:00:00+00:00,07/09/2026,08/13/2026,Th,11:30 am,12:15 pm,Barcroft Fitness Center,1.5-2.99,$83.00/$103.00,Waitlist,2026-05-26T15:55:59+00:00,7,5,2026-05-26T15:55:59+00:00,2026-05-12T17:07:55+00:00,2026-05-12T16:15:42+00:00,4075,1h 7m,reg-open
350216487,410502-B,Tumbling for Toddlers (Age: 1.5-2),GYMNA,Gymnastics,ENJOYSUMMER,2026-05-14T16:00:00+00:00,07/09/2026,08/13/2026,Th,2:00 pm,2:45 pm,Barcroft Fitness Center,1.5-2.99,$83.00/$103.00,Waitlist,2026-05-26T15:55:59+00:00,8,0,2026-05-26T15:55:59+00:00,2026-05-21T15:42:38+00:00,2026-05-20T15:39:07+00:00,603758,6d 23h,reg-open
350216498,410502-C,Tumbling for Toddlers (Age: 1.5-2),GYMNA,Gymnastics,ENJOYSUMMER,,07/10/2026,08/14/2026,F,1:00 pm,1:45 pm,Barcroft Fitness Center,1.5-2.99,$83.00/$103.00,Available,2026-05-26T15:55:59+00:00,1,0,2026-05-26T15:55:59+00:00,,,,,
350216509,410502-D,Tumbling for Toddlers (Age: 1.5-2),GYMNA,Gymnastics,ENJOYSUMMER,2026-05-12T16:00:00+00:00,07/11/2026,08/15/2026,Sa,8:30 am,9:15 am,Barcroft Fitness Center,1.5-2.99,$83.00/$103.00,Waitlist,2026-05-26T15:55:59+00:00,7,21,2026-05-26T15:55:59+00:00,2026-05-12T16:13:42+00:00,2026-05-12T14:37:52+00:00,822,13m 42s,reg-open
350216520,410502-E,Tumbling for Toddlers (Age: 1.5-2),GYMNA,Gymnastics,ENJOYSUMMER,2026-05-12T16:00:00+00:00,07/12/2026,08/16/2026,Su,12:00 pm,12:45 pm,Barcroft Fitness Center,1.5-2.99,$83.00/$103.00,Waitlist,2026-05-26T15:55:59+00:00,8,11,2026-05-26T15:55:59+00:00,2026-05-12T16:13:42+00:00,2026-05-12T14:37:52+00:00,822,13m 42s,reg-open
350216542,410502-F,Tumbling for Toddlers (Age: 1.5-2),GYMNA,Gymnastics,ENJOYSUMMER,2026-05-12T16:00:00+00:00,07/07/2026,08/11/2026 *,Tu,11:30 am,12:15 pm,Barcroft Fitness Center,1.5-2.99,$69.00/$89.00,Waitlist,2026-05-26T15:55:59+00:00,7,8,2026-05-26T15:55:59+00:00,2026-05-12T16:13:42+00:00,2026-05-12T14:37:52+00:00,822,13m 42s,reg-open
350216553,410502-G,Tumbling for Toddlers (Age: 1.5-2),GYMNA,Gymnastics,ENJOYSUMMER,2026-05-13T16:00:00+00:00,07/07/2026,08/11/2026 *,Tu,2:00 pm,2:45 pm,Barcroft Fitness Center,1.5-2.99,$69.00/$89.00,Waitlist,2026-05-26T15:55:59+00:00,8,0,2026-05-26T15:55:59+00:00,2026-05-14T06:22:28+00:00,2026-05-14T02:48:34+00:00,51748,14h 22m,reg-open
350216564,410502-H,Tumbling for Toddlers (Age: 1.5-2),GYMNA,Gymnastics,ENJOYSUMMER,,07/08/2026,08/12/2026 *,W,1:00 pm,1:45 pm,Barcroft Fitness Center,1.5-2.99,$69.00/$89.00,Available,2026-05-26T15:55:59+00:00,2,0,2026-05-26T15:55:59+00:00,,,,,
350225744,440156-A,Carving Wax to Make Silver Jewelry,JEWEL,Jewelry,ENJOYSUMMER,,06/25/2026,07/30/2026,Th,6:00 pm,8:30 pm,Thomas Jefferson Center,18-99.99,$290.00/$310.00,Available,2026-05-15T14:06:18+00:00,2,0,2026-05-15T14:06:18+00:00,,,,,
350225758,440157-A,Creative Jewelry Lab,JEWEL,Jewelry,ENJOYSUMMER,,06/23/2026,07/28/2026,Tu,6:00 pm,8:30 pm,Thomas Jefferson Center,18-99.99,$290.00/$310.00,Available,2026-05-15T14:06:18+00:00,5,0,2026-05-15T14:06:18+00:00,,,,,
350280422,440159-A,Old Scrap to New Beginnings - Recycle your Silver!,JEWEL,Jewelry,ENJOYSUMMER,,06/24/2026,07/08/2026,W,6:00 pm,8:30 pm,Thomas Jefferson Center,18-99.99,$190.00/$210.00,Available,2026-05-15T14:06:18+00:00,0,0,2026-05-15T14:06:18+00:00,,,,,
350225097,420306-A,ABC's of Fencing,MARTS,Martial Arts,ENJOYSUMMER,,06/20/2026,08/15/2026 *,Sa,9:00 am,9:45 am,NOVA Fencing and Archery Club,4-6.99,$176.00/$196.00,Available,2026-05-15T14:06:18+00:00,5,0,2026-05-15T14:06:18+00:00,,,,,
350225108,420306-B,ABC's of Fencing,MARTS,Martial Arts,ENJOYSUMMER,,06/20/2026,08/15/2026 *,Sa,10:00 am,10:45 am,NOVA Fencing and Archery Club,4-6.99,$176.00/$196.00,Available,2026-05-15T14:06:18+00:00,5,0,2026-05-15T14:06:18+00:00,,,,,
350225229,420310-A,Introduction to Olympic Fencing,MARTS,Martial Arts,ENJOYSUMMER,,06/22/2026,07/15/2026 *,"M, W",5:00 pm,6:00 pm,NOVA Fencing and Archery Club,7-12.99,$132.00/$152.00,Available,2026-05-15T14:06:18+00:00,1,0,2026-05-15T14:06:18+00:00,,,,,
350225240,420310-B,Introduction to Olympic Fencing,MARTS,Martial Arts,ENJOYSUMMER,,06/22/2026,07/15/2026 *,"M, W",6:00 pm,7:00 pm,NOVA Fencing and Archery Club,7-12.99,$132.00/$152.00,Available,2026-05-15T14:06:18+00:00,0,0,2026-05-15T14:06:18+00:00,,,,,
350225251,420310-C,Introduction to Olympic Fencing,MARTS,Martial Arts,ENJOYSUMMER,,06/23/2026,07/16/2026 *,"Tu, Th",6:00 pm,7:00 pm,NOVA Fencing and Archery Club,7-12.99,$132.00/$152.00,Available,2026-05-15T14:06:18+00:00,0,0,2026-05-15T14:06:18+00:00,,,,,
350225262,420310-D,Introduction to Olympic Fencing,MARTS,Martial Arts,ENJOYSUMMER,,07/20/2026,08/12/2026,"M, W",5:00 pm,6:00 pm,NOVA Fencing and Archery Club,7-12.99,$176.00/$196.00,Available,2026-05-15T14:06:18+00:00,0,0,2026-05-15T14:06:18+00:00,,,,,
350225273,420310-E,Introduction to Olympic Fencing,MARTS,Martial Arts,ENJOYSUMMER,,07/20/2026,08/12/2026,"M, W",6:00 pm,7:00 pm,NOVA Fencing and Archery Club,7-12.99,$176.00/$196.00,Available,2026-05-15T14:06:18+00:00,0,0,2026-05-15T14:06:18+00:00,,,,,
350225285,420310-F,Introduction to Olympic Fencing,MARTS,Martial Arts,ENJOYSUMMER,,07/21/2026,08/13/2026,"Tu, Th",6:00 pm,7:00 pm,NOVA Fencing and Archery Club,7-12.99,$176.00/$196.00,Available,2026-05-15T14:06:18+00:00,1,0,2026-05-15T14:06:18+00:00,,,,,
350225296,420310-G,Introduction to Olympic Fencing,MARTS,Martial Arts,ENJOYSUMMER,,06/23/2026,07/16/2026 *,"Tu, Th",7:00 pm,8:00 pm,NOVA Fencing and Archery Club,13-99.99,$132.00/$152.00,Available,2026-05-15T14:06:18+00:00,1,0,2026-05-15T14:06:18+00:00,,,,,
350225307,420310-H,Introduction to Olympic Fencing,MARTS,Martial Arts,ENJOYSUMMER,,07/21/2026,08/13/2026,"Tu, Th",7:00 pm,8:00 pm,NOVA Fencing and Archery Club,13-99.99,$176.00/$196.00,Available,2026-05-15T14:06:18+00:00,0,0,2026-05-15T14:06:18+00:00,,,,,
350225207,420309-A,Judo Advanced Workout,MARTS,Martial Arts,ENJOYSUMMER,,06/22/2026,08/24/2026,M,7:00 pm,8:00 pm,Dawson Terrace,5-13.99,$100.00/$120.00,Available,2026-05-15T14:06:18+00:00,2,0,2026-05-15T14:06:18+00:00,,,,,
350225218,420309-B,Judo Advanced Workout,MARTS,Martial Arts,ENJOYSUMMER,,06/22/2026,08/24/2026,M,8:10 pm,9:10 pm,Dawson Terrace,13-99.99,$100.00/$120.00,Available,2026-05-15T14:06:18+00:00,0,0,2026-05-15T14:06:18+00:00,,,,,
350225119,420307-A,Junior Judo,MARTS,Martial Arts,ENJOYSUMMER,,06/23/2026,08/27/2026,"Tu, Th",7:10 pm,8:10 pm,Dawson Terrace,5-14.99,$200.00/$220.00,Available,2026-05-15T14:06:18+00:00,3,0,2026-05-15T14:06:18+00:00,,,,,
350225130,420307-B,Junior Judo,MARTS,Martial Arts,ENJOYSUMMER,,06/23/2026,08/27/2026,"Tu, Th",6:00 pm,7:00 pm,Dawson Terrace,5-14.99,$200.00/$220.00,Available,2026-05-15T14:06:18+00:00,6,0,2026-05-15T14:06:18+00:00,,,,,
350226070,440353-A,Senior Judo,MARTS,Martial Arts,ENJOYSUMMER,,06/23/2026,08/27/2026,"Tu, Th",8:20 pm,9:20 pm,Dawson Terrace,13-99.99,$200.00/$220.00,Available,2026-05-15T14:06:18+00:00,2,0,2026-05-15T14:06:18+00:00,,,,,
350225141,420308-A,Tip Top Ninjas 1,MARTS,Martial Arts,ENJOYSUMMER,,06/22/2026,08/10/2026,M,4:45 pm,5:30 pm,Barcroft Fitness Center,4-7.99,$163.00/$183.00,Available,2026-05-15T14:06:18+00:00,14,0,2026-05-15T14:06:18+00:00,,,,,
350225196,420308-E,Tip Top Ninjas 1,MARTS,Martial Arts,ENJOYSUMMER,,06/22/2026,08/10/2026,M,5:45 pm,6:30 pm,Barcroft Fitness Center,7-11.99,$163.00/$183.00,Available,2026-05-15T14:06:18+00:00,7,0,2026-05-15T14:06:18+00:00,,,,,
350225318,420311-A,Tip Top Ninjas 2,MARTS,Martial Arts,ENJOYSUMMER,,06/22/2026,08/10/2026,M,6:45 pm,7:30 pm,Barcroft Fitness Center,6-12.99,$163.00/$183.00,Available,2026-05-15T14:06:18+00:00,7,0,2026-05-15T14:06:18+00:00,,,,,
350226048,440351-A,Traditional Japanese Karate Adult,MARTS,Martial Arts,ENJOYSUMMER,,06/26/2026,08/28/2026 *,F,6:15 pm,7:15 pm,Arlington Mill,18-99.99,$149.00/$169.00,Available,2026-05-15T14:06:18+00:00,1,0,2026-05-15T14:06:18+00:00,,,,,
350226059,440351-B,Traditional Japanese Karate Adult,MARTS,Martial Arts,ENJOYSUMMER,,06/27/2026,08/29/2026 *,Sa,1:00 pm,1:50 pm,Lubber Run,18-99.99,$149.00/$169.00,Available,2026-05-15T14:06:18+00:00,0,0,2026-05-15T14:06:18+00:00,,,,,
350225352,420313-A,Traditional Japanese Karate Youth/Teen,MARTS,Martial Arts,ENJOYSUMMER,,06/26/2026,08/28/2026 *,F,5:00 pm,6:00 pm,Arlington Mill,6-17.99,$149.00/$169.00,Available,2026-05-15T14:06:18+00:00,4,0,2026-05-15T14:06:18+00:00,,,,,
350225363,420313-B,Traditional Japanese Karate Youth/Teen,MARTS,Martial Arts,ENJOYSUMMER,,06/27/2026,08/29/2026 *,Sa,2:00 pm,2:50 pm,Lubber Run,6-17.99,$149.00/$169.00,Available,2026-05-15T14:06:18+00:00,10,0,2026-05-15T14:06:18+00:00,,,,,
350224088,410208-A,Music Together,MOVE,Movement,ENJOYSUMMER,,06/27/2026,08/22/2026 *,Sa,9:30 am,10:15 am,Fairlington Center,0-5.99,$227.00/$247.00,Available,2026-05-26T15:55:59+00:00,3,0,2026-05-26T15:55:59+00:00,,,,,
350224102,410208-B,Music Together,MOVE,Movement,ENJOYSUMMER,,06/27/2026,08/22/2026 *,Sa,10:30 am,11:15 am,Fairlington Center,0-5.99,$227.00/$247.00,Available,2026-05-26T15:55:59+00:00,5,0,2026-05-26T15:55:59+00:00,,,,,
350224116,410208-C,Music Together,MOVE,Movement,ENJOYSUMMER,,06/27/2026,08/22/2026 *,Sa,11:30 am,12:15 pm,Fairlington Center,0-5.99,$227.00/$247.00,Available,2026-05-26T15:55:59+00:00,2,0,2026-05-26T15:55:59+00:00,,,,,
350224130,410208-D,Music Together,MOVE,Movement,ENJOYSUMMER,,06/29/2026,08/17/2026,M,9:30 am,10:15 am,Lubber Run,0-5.99,$227.00/$247.00,Available,2026-05-26T15:55:59+00:00,10,0,2026-05-26T15:55:59+00:00,,,,,
350224144,410208-E,Music Together,MOVE,Movement,ENJOYSUMMER,,06/29/2026,08/17/2026,M,10:30 am,11:15 am,Lubber Run,0-5.99,$227.00/$247.00,Available,2026-05-26T15:55:59+00:00,10,0,2026-05-26T15:55:59+00:00,,,,,
350224186,410208-F,Music Together,MOVE,Movement,ENJOYSUMMER,,07/02/2026,08/20/2026,Th,10:00 am,10:45 am,Lubber Run,0-5.99,$227.00/$247.00,Available,2026-05-26T15:55:59+00:00,5,0,2026-05-26T15:55:59+00:00,,,,,
350224200,410208-G,Music Together,MOVE,Movement,ENJOYSUMMER,,07/02/2026,08/20/2026,Th,11:00 am,11:45 am,Lubber Run,0-5.99,$227.00/$247.00,Available,2026-05-26T15:55:59+00:00,3,0,2026-05-26T15:55:59+00:00,,,,,
350224158,410208-H,Music Together,MOVE,Movement,ENJOYSUMMER,,06/30/2026,08/18/2026,Tu,9:30 am,10:15 am,Lubber Run,0-5.99,$227.00/$247.00,Available,2026-05-26T15:55:59+00:00,5,0,2026-05-26T15:55:59+00:00,,,,,
350224172,410208-I,Music Together,MOVE,Movement,ENJOYSUMMER,,06/30/2026,08/18/2026,Tu,10:30 am,11:15 am,Lubber Run,0-5.99,$227.00/$247.00,Available,2026-05-26T15:55:59+00:00,10,0,2026-05-26T15:55:59+00:00,,,,,
350224214,410209-A,Music Together Babies Only,MOVE,Movement,ENJOYSUMMER,,06/29/2026,08/17/2026,M,11:30 am,12:15 pm,Lubber Run,0-0.83,$227.00/$247.00,Available,2026-05-26T15:55:59+00:00,7,0,2026-05-26T15:55:59+00:00,,,,,
350225457,420321-A,Bow & Go! Beginner Violin,MUSIC,Music,ENJOYSUMMER,,07/11/2026,08/15/2026,Sa,12:15 pm,1:15 pm,Arlington Mill,5-12.99,$175.00/$195.00,Available,2026-05-15T14:06:18+00:00,3,0,2026-05-15T14:06:18+00:00,,,,,
350225387,420319-A,Frets & Fun! Beginner Guitar,MUSIC,Music,ENJOYSUMMER,,07/06/2026,08/10/2026,M,7:30 pm,8:30 pm,Long Bridge Aquatics Center,13-99.99,$175.00/$195.00,Available,2026-05-15T14:06:18+00:00,1,0,2026-05-15T14:06:18+00:00,,,,,
350225401,420319-B,Frets & Fun! Beginner Guitar,MUSIC,Music,ENJOYSUMMER,,07/11/2026,08/15/2026,Sa,11:00 am,12:00 pm,Arlington Mill,5-12.99,$175.00/$195.00,Available,2026-05-15T14:06:18+00:00,0,0,2026-05-15T14:06:18+00:00,,,,,
350225415,420320-A,Keys to Fun! Beginner Piano,MUSIC,Music,ENJOYSUMMER,,07/06/2026,08/10/2026,M,5:00 pm,6:00 pm,Long Bridge Aquatics Center,5-12.99,$175.00/$195.00,Available,2026-05-15T14:06:18+00:00,3,0,2026-05-15T14:06:18+00:00,,,,,
350225429,420320-B,Keys to Fun! Beginner Piano,MUSIC,Music,ENJOYSUMMER,,07/11/2026,08/15/2026,Sa,9:45 am,10:45 am,Arlington Mill,5-12.99,$175.00/$195.00,Available,2026-05-15T14:06:18+00:00,7,0,2026-05-15T14:06:18+00:00,,,,,
350225443,420320-C,Keys to Fun! Beginner Piano,MUSIC,Music,ENJOYSUMMER,,07/12/2026,08/16/2026,Su,6:00 pm,7:00 pm,Arlington Mill,13-99.99,$175.00/$195.00,Available,2026-05-15T14:06:18+00:00,0,0,2026-05-15T14:06:18+00:00,,,,,
350225471,420322-A,Strum & Smile! Beginner Ukulele,MUSIC,Music,ENJOYSUMMER,,07/06/2026,08/10/2026,M,6:15 pm,7:15 pm,Long Bridge Aquatics Center,5-12.99,$175.00/$195.00,Available,2026-05-15T14:06:18+00:00,1,0,2026-05-15T14:06:18+00:00,,,,,
350224416,410324-A,Tiny Tunes Guitar,MUSIC,Music,ENJOYSUMMER,,07/07/2026,08/11/2026,Tu,10:45 am,11:15 am,Long Bridge Aquatics Center,4-5.99,$163.00/$183.00,Available,2026-05-26T15:55:59+00:00,2,0,2026-05-26T15:55:59+00:00,,,,,
350224372,410321-A,Tiny Tunes Piano,MUSIC,Music,ENJOYSUMMER,2026-05-14T16:00:00+00:00,07/07/2026,08/11/2026,Tu,10:00 am,10:30 am,Long Bridge Aquatics Center,3-6.99,$163.00/$183.00,Waitlist,2026-05-26T15:55:59+00:00,9,1,2026-05-26T15:55:59+00:00,2026-05-24T13:48:37+00:00,2026-05-23T13:50:28+00:00,856117,9d 21h,reg-open
350224386,410321-B,Tiny Tunes Piano,MUSIC,Music,ENJOYSUMMER,,07/12/2026,08/16/2026,Su,4:40 pm,5:10 pm,Arlington Mill,3-6.99,$163.00/$183.00,Available,2026-05-26T15:55:59+00:00,7,0,2026-05-26T15:55:59+00:00,,,,,
350224401,410321-C,Tiny Tunes Piano,MUSIC,Music,ENJOYSUMMER,,07/12/2026,08/16/2026,Su,5:20 pm,5:50 pm,Arlington Mill,3-6.99,$163.00/$183.00,Available,2026-05-26T15:55:59+00:00,3,0,2026-05-26T15:55:59+00:00,,,,,
350225496,420331-A,LEGO STEAM Park,SCDI,Science & Discovery,ENJOYSUMMER,,07/11/2026,08/15/2026,Sa,9:30 am,10:15 am,Long Bridge Aquatics Center,3-5.99,$155.00/$175.00,Available,2026-05-15T14:06:18+00:00,6,0,2026-05-15T14:06:18+00:00,,,,,
350225507,420331-B,LEGO STEAM Park,SCDI,Science & Discovery,ENJOYSUMMER,,07/11/2026,08/15/2026,Sa,10:30 am,11:15 am,Long Bridge Aquatics Center,3-5.99,$155.00/$175.00,Available,2026-05-15T14:06:18+00:00,7,0,2026-05-15T14:06:18+00:00,,,,,
350225518,420341-A,Lego Spike Amazing Amusement Park,SCDI,Science & Discovery,ENJOYSUMMER,,07/11/2026,08/15/2026,Sa,3:00 pm,4:00 pm,Long Bridge Aquatics Center,5-7.99,$155.00/$175.00,Available,2026-05-15T14:06:18+00:00,3,0,2026-05-15T14:06:18+00:00,,,,,
350225529,420342-A,Lego Spike Essential Robotics Happy Traveler,SCDI,Science & Discovery,ENJOYSUMMER,,07/11/2026,08/15/2026,Sa,4:30 pm,5:30 pm,Long Bridge Aquatics Center,7-11.99,$155.00/$175.00,Available,2026-05-15T14:06:18+00:00,3,0,2026-05-15T14:06:18+00:00,,,,,
350225086,420301-A,Lego WeDo 2.0: Aquatic Robots,SCDI,Science & Discovery,ENJOYSUMMER,,07/08/2026,08/12/2026,W,5:00 pm,6:00 pm,Long Bridge Aquatics Center,5-11.99,$155.00/$175.00,Available,2026-05-15T14:06:18+00:00,10,0,2026-05-15T14:06:18+00:00,,,,,
350280525,420339-A,STEM Adventures,SCDI,Science & Discovery,ENJOYSUMMER,,07/09/2026,08/13/2026,Th,5:00 pm,6:00 pm,Long Bridge Aquatics Center,5-7.99,$155.00/$175.00,Available,2026-05-15T14:06:18+00:00,3,0,2026-05-15T14:06:18+00:00,,,,,
350280536,420339-B,STEM Adventures,SCDI,Science & Discovery,ENJOYSUMMER,,07/09/2026,08/13/2026,Th,6:15 pm,7:15 pm,Long Bridge Aquatics Center,8-12.99,$155.00/$175.00,Available,2026-05-15T14:06:18+00:00,0,0,2026-05-15T14:06:18+00:00,,,,,
350225041,420279-A,The Science Seed,SCDI,Science & Discovery,ENJOYSUMMER,,07/11/2026,08/15/2026,Sa,9:00 am,9:45 am,Lubber Run,3-6.99,$141.00/$161.00,Available,2026-05-15T14:06:18+00:00,7,0,2026-05-15T14:06:18+00:00,,,,,
350225053,420279-B,The Science Seed,SCDI,Science & Discovery,ENJOYSUMMER,,07/11/2026,08/15/2026,Sa,10:00 am,10:45 am,Lubber Run,3-6.99,$141.00/$161.00,Available,2026-05-15T14:06:18+00:00,11,0,2026-05-15T14:06:18+00:00,,,,,
350225064,420279-C,The Science Seed,SCDI,Science & Discovery,ENJOYSUMMER,,07/11/2026,08/15/2026,Sa,11:00 am,11:45 am,Lubber Run,5-8.99,$141.00/$161.00,Available,2026-05-15T14:06:18+00:00,8,0,2026-05-15T14:06:18+00:00,,,,,
350225540,420607-A,Ball Hockey,SPORT,Sports,ENJOYSUMMER,,06/28/2026,08/30/2026 *,Su,10:30 am,11:30 am,Quincy Street Deck,7-9.99,$213.00/$233.00,Available,2026-05-15T14:06:18+00:00,1,0,2026-05-15T14:06:18+00:00,,,,,
350225551,420607-B,Ball Hockey,SPORT,Sports,ENJOYSUMMER,,06/28/2026,08/30/2026 *,Su,10:30 am,11:30 am,Quincy Street Deck,10-12.99,$213.00/$233.00,Available,2026-05-15T14:06:18+00:00,0,0,2026-05-15T14:06:18+00:00,,,,,
350225329,420312-A,Explore Archery,SPORT,Sports,ENJOYSUMMER,,06/22/2026,07/27/2026 *,M,5:00 pm,6:00 pm,NOVA Fencing and Archery Club,8-99.99,$110.00/$130.00,Available,2026-05-15T14:06:18+00:00,4,0,2026-05-15T14:06:18+00:00,,,,,
350225341,420312-B,Explore Archery,SPORT,Sports,ENJOYSUMMER,,06/24/2026,07/29/2026 *,W,5:00 pm,6:00 pm,NOVA Fencing and Archery Club,8-99.99,$110.00/$130.00,Available,2026-05-15T14:06:18+00:00,5,0,2026-05-15T14:06:18+00:00,,,,,
350225584,420610-A,First Down Flag Football,SPORT,Sports,ENJOYSUMMER,,06/24/2026,08/26/2026,W,6:20 pm,7:05 pm,Rocky Run Park,5-8.99,$204.00/$224.00,Available,2026-05-15T14:06:18+00:00,6,0,2026-05-15T14:06:18+00:00,,,,,
350225607,420610-B,First Down Flag Football,SPORT,Sports,ENJOYSUMMER,,06/28/2026,08/30/2026 *,Su,12:05 pm,1:05 pm,Rocky Run Park,5-7.99,$213.00/$233.00,Available,2026-05-15T14:06:18+00:00,6,0,2026-05-15T14:06:18+00:00,,,,,
350225596,420610-D,First Down Flag Football,SPORT,Sports,ENJOYSUMMER,,06/27/2026,08/29/2026 *,Sa,1:00 pm,2:00 pm,Fairlington Center,5-8.99,$213.00/$233.00,Available,2026-05-15T14:06:18+00:00,2,0,2026-05-15T14:06:18+00:00,,,,,
350225562,420609-A,Game Time Hoops,SPORT,Sports,ENJOYSUMMER,,06/24/2026,08/26/2026,W,6:15 pm,7:15 pm,Fairlington Center,7-9.99,$237.00/$257.00,Available,2026-05-15T14:06:18+00:00,4,0,2026-05-15T14:06:18+00:00,,,,,
350225573,420609-B,Game Time Hoops,SPORT,Sports,ENJOYSUMMER,,06/24/2026,08/26/2026,W,7:20 pm,8:20 pm,Fairlington Center,10-13.99,$237.00/$257.00,Available,2026-05-15T14:06:18+00:00,2,0,2026-05-15T14:06:18+00:00,,,,,
350225640,420615-A,Girls Hoops Basketball,SPORT,Sports,ENJOYSUMMER,,06/23/2026,08/25/2026,Tu,6:15 pm,7:15 pm,Fairlington Center,7-9.99,$237.00/$257.00,Available,2026-05-15T14:06:18+00:00,0,0,2026-05-15T14:06:18+00:00,,,,,
350225651,420615-B,Girls Hoops Basketball,SPORT,Sports,ENJOYSUMMER,,06/23/2026,08/25/2026,Tu,7:20 pm,8:20 pm,Fairlington Center,10-13.99,$237.00/$257.00,Available,2026-05-15T14:06:18+00:00,0,0,2026-05-15T14:06:18+00:00,,,,,
350224725,410617-A,Grand Slam T-ball,SPORT,Sports,ENJOYSUMMER,,06/24/2026,08/26/2026,W,5:30 pm,6:15 pm,Rocky Run Park,4-6.99,$204.00/$224.00,Available,2026-05-15T14:06:18+00:00,6,0,2026-05-15T14:06:18+00:00,,,,,
350224738,410617-B,Grand Slam T-ball,SPORT,Sports,ENJOYSUMMER,,06/27/2026,08/29/2026 *,Sa,10:00 am,10:45 am,Barrett Elem. School,4-6.99,$183.00/$203.00,Available,2026-05-15T14:06:18+00:00,3,0,2026-05-15T14:06:18+00:00,,,,,
350224749,410617-C,Grand Slam T-ball,SPORT,Sports,ENJOYSUMMER,,06/28/2026,08/30/2026 *,Su,11:00 am,11:45 am,Barrett Elem. School,4-6.99,$183.00/$203.00,Available,2026-05-15T14:06:18+00:00,3,0,2026-05-15T14:06:18+00:00,,,,,
350224760,410618-A,Grand Slam T-ball & Me,SPORT,Sports,ENJOYSUMMER,,06/27/2026,08/29/2026 *,Sa,9:00 am,9:45 am,Barrett Elem. School,2-3.99,$183.00/$203.00,Available,2026-05-15T14:06:18+00:00,5,0,2026-05-15T14:06:18+00:00,,,,,
350224771,410618-B,Grand Slam T-ball & Me,SPORT,Sports,ENJOYSUMMER,,06/28/2026,08/30/2026 *,Su,10:00 am,10:45 am,Barrett Elem. School,2-3.99,$183.00/$203.00,Available,2026-05-15T14:06:18+00:00,7,0,2026-05-15T14:06:18+00:00,,,,,
350224533,410612-A,Kicks for Tots Soccer,SPORT,Sports,ENJOYSUMMER,,06/27/2026,08/22/2026 *,Sa,12:15 pm,12:55 pm,Mosaic Park,2-3.99,$170.00/$190.00,Available,2026-05-15T14:06:18+00:00,0,0,2026-05-15T14:06:18+00:00,,,,,
350224544,410612-B,Kicks for Tots Soccer,SPORT,Sports,ENJOYSUMMER,,06/27/2026,08/22/2026 *,Sa,1:00 pm,1:45 pm,Mosaic Park,3-6.99,$170.00/$190.00,Available,2026-05-15T14:06:18+00:00,0,0,2026-05-15T14:06:18+00:00,,,,,
350224555,410612-C,Kicks for Tots Soccer,SPORT,Sports,ENJOYSUMMER,,06/27/2026,08/22/2026 *,Sa,8:00 am,8:40 am,Rocky Run Park,2-3.99,$170.00/$190.00,Available,2026-05-15T14:06:18+00:00,7,0,2026-05-15T14:06:18+00:00,,,,,
350224566,410612-D,Kicks for Tots Soccer,SPORT,Sports,ENJOYSUMMER,,06/27/2026,08/22/2026 *,Sa,10:00 am,10:40 am,Rocky Run Park,2-3.99,$170.00/$190.00,Available,2026-05-15T14:06:18+00:00,4,0,2026-05-15T14:06:18+00:00,,,,,
350224577,410612-E,Kicks for Tots Soccer,SPORT,Sports,ENJOYSUMMER,,06/27/2026,08/22/2026 *,Sa,9:00 am,9:45 am,Rocky Run Park,3-6.99,$170.00/$190.00,Available,2026-05-15T14:06:18+00:00,16,0,2026-05-15T14:06:18+00:00,,,,,
350224588,410612-F,Kicks for Tots Soccer,SPORT,Sports,ENJOYSUMMER,,06/27/2026,08/22/2026 *,Sa,11:00 am,11:45 am,Rocky Run Park,3-6.99,$170.00/$190.00,Available,2026-05-15T14:06:18+00:00,9,0,2026-05-15T14:06:18+00:00,,,,,
350224599,410612-G,Kicks for Tots Soccer,SPORT,Sports,ENJOYSUMMER,,06/28/2026,08/23/2026 *,Su,12:15 pm,12:55 pm,Barrett Elem. School,2-3.99,$170.00/$190.00,Available,2026-05-15T14:06:18+00:00,0,0,2026-05-15T14:06:18+00:00,,,,,
350224612,410612-H,Kicks for Tots Soccer,SPORT,Sports,ENJOYSUMMER,,06/28/2026,08/23/2026 *,Su,1:05 pm,1:50 pm,Barrett Elem. School,3-6.99,$170.00/$190.00,Available,2026-05-15T14:06:18+00:00,4,0,2026-05-15T14:06:18+00:00,,,,,
350224623,410612-I,Kicks for Tots Soccer,SPORT,Sports,ENJOYSUMMER,,06/28/2026,08/23/2026 *,Su,3:00 pm,3:40 pm,Lacey Woods Park,2-3.99,$170.00/$190.00,Available,2026-05-15T14:06:18+00:00,1,0,2026-05-15T14:06:18+00:00,,,,,
350224634,410612-J,Kicks for Tots Soccer,SPORT,Sports,ENJOYSUMMER,,06/28/2026,08/23/2026 *,Su,4:00 pm,4:45 pm,Lacey Woods Park,3-6.99,$170.00/$190.00,Available,2026-05-15T14:06:18+00:00,18,0,2026-05-15T14:06:18+00:00,,,,,
350224645,410612-K,Kicks for Tots Soccer,SPORT,Sports,ENJOYSUMMER,,06/28/2026,08/23/2026 *,Su,5:00 pm,5:50 pm,Lacey Woods Park,5-8.99,$170.00/$190.00,Available,2026-05-15T14:06:18+00:00,6,0,2026-05-15T14:06:18+00:00,,,,,
350224692,410616-A,Little Athletes,SPORT,Sports,ENJOYSUMMER,,06/27/2026,08/29/2026 *,Sa,10:00 am,10:45 am,Lubber Run,4-5.99,$183.00/$203.00,Available,2026-05-15T14:06:18+00:00,13,0,2026-05-15T14:06:18+00:00,,,,,
350224714,410616-B,Little Athletes,SPORT,Sports,ENJOYSUMMER,,06/28/2026,08/30/2026 *,Su,3:10 pm,3:55 pm,Lubber Run,4-6.99,$183.00/$203.00,Available,2026-05-15T14:06:18+00:00,1,0,2026-05-15T14:06:18+00:00,,,,,
350224658,410615-A,Little Athletes & Me,SPORT,Sports,ENJOYSUMMER,,06/27/2026,08/29/2026 *,Sa,9:00 am,9:45 am,Lubber Run,2-3.99,$183.00/$203.00,Available,2026-05-15T14:06:18+00:00,19,0,2026-05-15T14:06:18+00:00,,,,,
350224669,410615-B,Little Athletes & Me,SPORT,Sports,ENJOYSUMMER,,06/28/2026,08/30/2026 *,Su,4:00 pm,4:45 pm,Lubber Run,2-3.99,$183.00/$203.00,Available,2026-05-15T14:06:18+00:00,7,0,2026-05-15T14:06:18+00:00,,,,,
350224680,410615-C,Little Athletes & Me,SPORT,Sports,ENJOYSUMMER,,06/27/2026,08/22/2026 *,Sa,9:00 am,9:45 am,Arlington Mill,2-3.99,$163.00/$183.00,Available,2026-05-15T14:06:18+00:00,1,0,2026-05-15T14:06:18+00:00,,,,,
350224837,410621-A,Little Champions Soccer,SPORT,Sports,ENJOYSUMMER,,06/27/2026,08/22/2026 *,Sa,11:00 am,12:00 pm,Arlington Mill,7-9.99,$189.00/$209.00,Available,2026-05-15T14:06:18+00:00,4,0,2026-05-15T14:06:18+00:00,,,,,
350224848,410621-B,Little Champions Soccer,SPORT,Sports,ENJOYSUMMER,,06/28/2026,08/30/2026 *,Su,11:00 am,12:00 pm,Rocky Run Park,7-9.99,$213.00/$233.00,Available,2026-05-15T14:06:18+00:00,1,0,2026-05-15T14:06:18+00:00,,,,,
350224489,410610-A,Little Kicks Soccer,SPORT,Sports,ENJOYSUMMER,,06/27/2026,08/29/2026 *,Sa,12:00 pm,1:00 pm,Barrett Elem. School,4-6.99,$213.00/$233.00,Available,2026-05-15T14:06:18+00:00,0,0,2026-05-15T14:06:18+00:00,,,,,
350224500,410610-B,Little Kicks Soccer,SPORT,Sports,ENJOYSUMMER,,06/27/2026,08/29/2026 *,Sa,10:00 am,10:45 am,Fairlington Center,4-6.99,$183.00/$203.00,Available,2026-05-15T14:06:18+00:00,4,0,2026-05-15T14:06:18+00:00,,,,,
350224511,410610-C,Little Kicks Soccer,SPORT,Sports,ENJOYSUMMER,,06/28/2026,08/30/2026 *,Su,10:00 am,10:45 am,Rocky Run Park,4-6.99,$183.00/$203.00,Available,2026-05-15T14:06:18+00:00,7,0,2026-05-15T14:06:18+00:00,,,,,
350224522,410610-D,Little Kicks Soccer,SPORT,Sports,ENJOYSUMMER,,06/27/2026,08/22/2026 *,Sa,10:00 am,10:45 am,Arlington Mill,4-6.99,$163.00/$183.00,Available,2026-05-15T14:06:18+00:00,0,0,2026-05-15T14:06:18+00:00,,,,,
350224703,410610-E,Little Kicks Soccer,SPORT,Sports,ENJOYSUMMER,,06/27/2026,08/29/2026 *,Sa,12:10 pm,12:55 pm,Lubber Run,4-6.99,$183.00/$203.00,Available,2026-05-15T14:06:18+00:00,2,0,2026-05-15T14:06:18+00:00,,,,,
350224433,410605-A,Little Kicks Soccer & Me,SPORT,Sports,ENJOYSUMMER,,06/27/2026,08/29/2026 *,Sa,11:00 am,11:45 am,Barrett Elem. School,2-3.99,$183.00/$203.00,Available,2026-05-26T15:55:59+00:00,1,0,2026-05-26T15:55:59+00:00,,,,,
350224444,410605-B,Little Kicks Soccer & Me,SPORT,Sports,ENJOYSUMMER,,06/28/2026,08/30/2026 *,Su,9:00 am,9:45 am,Barrett Elem. School,2-3.99,$183.00/$203.00,Available,2026-05-26T15:55:59+00:00,6,0,2026-05-26T15:55:59+00:00,,,,,
350224455,410605-C,Little Kicks Soccer & Me,SPORT,Sports,ENJOYSUMMER,,06/27/2026,08/29/2026 *,Sa,9:00 am,9:45 am,Fairlington Center,2-3.99,$183.00/$203.00,Available,2026-05-26T15:55:59+00:00,4,0,2026-05-26T15:55:59+00:00,,,,,
350224466,410605-D,Little Kicks Soccer & Me,SPORT,Sports,ENJOYSUMMER,,06/28/2026,08/30/2026 *,Su,9:00 am,9:45 am,Rocky Run Park,2-3.99,$183.00/$203.00,Available,2026-05-26T15:55:59+00:00,7,0,2026-05-26T15:55:59+00:00,,,,,
350224782,410619-A,Run Shoot Basketball,SPORT,Sports,ENJOYSUMMER,,06/22/2026,08/31/2026,M,6:15 pm,7:15 pm,Fairlington Center,5-6.99,$260.00/$280.00,Available,2026-05-15T14:06:18+00:00,6,0,2026-05-15T14:06:18+00:00,,,,,
350224793,410619-B,Run Shoot Basketball,SPORT,Sports,ENJOYSUMMER,,06/27/2026,08/29/2026 *,Sa,11:00 am,12:00 pm,Fairlington Center,4-6.99,$213.00/$233.00,Available,2026-05-15T14:06:18+00:00,4,0,2026-05-15T14:06:18+00:00,,,,,
350224804,410619-C,Run Shoot Basketball,SPORT,Sports,ENJOYSUMMER,,06/27/2026,08/29/2026 *,Sa,11:00 am,12:00 pm,Lubber Run,3-4.99,$213.00/$233.00,Available,2026-05-15T14:06:18+00:00,5,0,2026-05-15T14:06:18+00:00,,,,,
350224815,410619-D,Run Shoot Basketball,SPORT,Sports,ENJOYSUMMER,,06/27/2026,08/29/2026 *,Sa,1:00 pm,2:00 pm,Lubber Run,5-7.99,$213.00/$233.00,Available,2026-05-15T14:06:18+00:00,6,0,2026-05-15T14:06:18+00:00,,,,,
350224826,410619-E,Run Shoot Basketball,SPORT,Sports,ENJOYSUMMER,,06/28/2026,08/30/2026 *,Su,2:05 pm,3:05 pm,Lubber Run,5-6.99,$213.00/$233.00,Available,2026-05-15T14:06:18+00:00,4,0,2026-05-15T14:06:18+00:00,,,,,
350224477,410609-A,Tip Top Sticks: Hockey & Lacrosse,SPORT,Sports,ENJOYSUMMER,,06/27/2026,08/29/2026 *,Sa,12:00 pm,12:45 pm,Fairlington Center,5-7.99,$183.00/$203.00,Available,2026-05-26T15:55:59+00:00,2,0,2026-05-26T15:55:59+00:00,,,,,
350225618,420613-A,Triple Threat Basketball,SPORT,Sports,ENJOYSUMMER,,06/22/2026,08/31/2026,M,7:20 pm,8:20 pm,Fairlington Center,7-9.99,$260.00/$280.00,Available,2026-05-15T14:06:18+00:00,7,0,2026-05-15T14:06:18+00:00,,,,,
350225629,420613-B,Triple Threat Basketball,SPORT,Sports,ENJOYSUMMER,,06/28/2026,08/30/2026 *,Su,1:00 pm,2:00 pm,Lubber Run,7-9.99,$213.00/$233.00,Available,2026-05-15T14:06:18+00:00,7,0,2026-05-15T14:06:18+00:00,,,,,
350225663,420616-A,World Cup Soccer,SPORT,Sports,ENJOYSUMMER,,06/27/2026,08/22/2026 *,Sa,12:05 pm,1:05 pm,Arlington Mill,9-12.99,$189.00/$209.00,Available,2026-05-15T14:06:18+00:00,4,0,2026-05-15T14:06:18+00:00,,,,,
350225075,420299-A,Chess Club with Silver Knights,SS,This-n-That,ENJOYSUMMER,,06/25/2026,08/20/2026,Th,6:00 pm,7:00 pm,Lubber Run,6-13.99,$216.00/$236.00,Available,2026-05-15T14:06:18+00:00,16,0,2026-05-15T14:06:18+00:00,,,,,
350288650,410602-A,Little Shots (Age 5-6),TENIS,Tennis,ENJOYSUMMER,,06/24/2026,08/26/2026 *,W,4:30 pm,5:20 pm,Barcroft Park,5-6.99,$272.00/$292.00,Available,2026-05-26T15:55:59+00:00,1,0,2026-05-26T15:55:59+00:00,,,,,
350288664,410602-B,Little Shots (Age 5-6),TENIS,Tennis,ENJOYSUMMER,,06/24/2026,08/26/2026 *,W,5:30 pm,6:20 pm,Barcroft Park,5-6.99,$272.00/$292.00,Available,2026-05-26T15:55:59+00:00,3,0,2026-05-26T15:55:59+00:00,,,,,
350288680,410602-C,Little Shots (Age 5-6),TENIS,Tennis,ENJOYSUMMER,,06/24/2026,08/26/2026 *,W,6:30 pm,7:20 pm,Barcroft Park,5-6.99,$272.00/$292.00,Available,2026-05-26T15:55:59+00:00,0,0,2026-05-26T15:55:59+00:00,,,,,
350288691,410602-D,Little Shots (Age 5-6),TENIS,Tennis,ENJOYSUMMER,,06/23/2026,08/25/2026 *,Tu,4:30 pm,5:20 pm,Quincy Park,5-6.99,$272.00/$292.00,Available,2026-05-26T15:55:59+00:00,1,0,2026-05-26T15:55:59+00:00,,,,,
350288702,410602-E,Little Shots (Age 5-6),TENIS,Tennis,ENJOYSUMMER,,06/23/2026,08/25/2026 *,Tu,5:30 pm,6:20 pm,Quincy Park,5-6.99,$272.00/$292.00,Available,2026-05-26T15:55:59+00:00,3,0,2026-05-26T15:55:59+00:00,,,,,
350288713,410602-F,Little Shots (Age 5-6),TENIS,Tennis,ENJOYSUMMER,,06/23/2026,08/25/2026 *,Tu,6:30 pm,7:20 pm,Quincy Park,5-6.99,$272.00/$292.00,Available,2026-05-26T15:55:59+00:00,3,0,2026-05-26T15:55:59+00:00,,,,,
350288724,410602-G,Little Shots (Age 5-6),TENIS,Tennis,ENJOYSUMMER,2026-05-14T16:00:00+00:00,07/11/2026,09/05/2026,Sa,9:00 am,9:50 am,Quincy Park,5-6.99,$272.00/$292.00,Waitlist,2026-05-26T15:55:59+00:00,5,0,2026-05-26T15:55:59+00:00,2026-05-14T16:14:17+00:00,2026-05-14T16:13:17+00:00,857,14m 17s,reg-open
350288737,410602-H,Little Shots (Age 5-6),TENIS,Tennis,ENJOYSUMMER,,07/11/2026,09/05/2026,Sa,10:00 am,10:50 am,Quincy Park,5-6.99,$272.00/$292.00,Available,2026-05-26T15:55:59+00:00,2,0,2026-05-26T15:55:59+00:00,,,,,
350288748,410602-I,Little Shots (Age 5-6),TENIS,Tennis,ENJOYSUMMER,,07/11/2026,09/05/2026,Sa,11:00 am,11:50 am,Quincy Park,5-6.99,$272.00/$292.00,Available,2026-05-26T15:55:59+00:00,4,0,2026-05-26T15:55:59+00:00,,,,,
350288759,410602-J,Little Shots (Age 5-6),TENIS,Tennis,ENJOYSUMMER,,06/25/2026,08/27/2026 *,Th,4:30 pm,5:20 pm,Maury Park,5-6.99,$272.00/$292.00,Available,2026-05-26T15:55:59+00:00,1,0,2026-05-26T15:55:59+00:00,,,,,
350288770,410602-K,Little Shots (Age 5-6),TENIS,Tennis,ENJOYSUMMER,,06/25/2026,08/27/2026 *,Th,5:30 pm,6:20 pm,Maury Park,5-6.99,$272.00/$292.00,Available,2026-05-26T15:55:59+00:00,2,0,2026-05-26T15:55:59+00:00,,,,,
350288781,410602-L,Little Shots (Age 5-6),TENIS,Tennis,ENJOYSUMMER,,06/25/2026,08/27/2026 *,Th,6:30 pm,7:20 pm,Maury Park,5-6.99,$272.00/$292.00,Available,2026-05-26T15:55:59+00:00,3,0,2026-05-26T15:55:59+00:00,,,,,
350288792,410602-M,Little Shots (Age 5-6),TENIS,Tennis,ENJOYSUMMER,,06/22/2026,08/31/2026 *,M,4:30 pm,5:20 pm,Tuckahoe Park,5-6.99,$303.00/$323.00,Available,2026-05-26T15:55:59+00:00,1,0,2026-05-26T15:55:59+00:00,,,,,
350288804,410602-N,Little Shots (Age 5-6),TENIS,Tennis,ENJOYSUMMER,,06/22/2026,08/31/2026 *,M,5:30 pm,6:20 pm,Tuckahoe Park,5-6.99,$303.00/$323.00,Available,2026-05-26T15:55:59+00:00,2,0,2026-05-26T15:55:59+00:00,,,,,
350288815,410602-O,Little Shots (Age 5-6),TENIS,Tennis,ENJOYSUMMER,,06/22/2026,08/31/2026 *,M,6:30 pm,7:20 pm,Tuckahoe Park,5-6.99,$303.00/$323.00,Available,2026-05-26T15:55:59+00:00,1,0,2026-05-26T15:55:59+00:00,,,,,
350280176,420605-A,Red Ball Tennis,TENIS,Tennis,ENJOYSUMMER,,06/28/2026,08/30/2026 *,Su,9:00 am,10:00 am,Quincy Street Deck,5-9.99,$272.00/$292.00,Available,2026-05-15T14:06:18+00:00,4,0,2026-05-15T14:06:18+00:00,,,,,
350289048,440601-A,Tennis 1,TENIS,Tennis,ENJOYSUMMER,,06/23/2026,08/25/2026 *,Tu,7:30 pm,8:40 pm,Barcroft Park,15-99.99,$371.00/$391.00,Available,2026-05-15T14:06:18+00:00,5,0,2026-05-15T14:06:18+00:00,,,,,
350289060,440601-B,Tennis 1,TENIS,Tennis,ENJOYSUMMER,,06/24/2026,08/26/2026 *,W,6:10 pm,7:20 pm,Jennie Dean Park,15-99.99,$371.00/$391.00,Available,2026-05-15T14:06:18+00:00,0,0,2026-05-15T14:06:18+00:00,,,,,
350289071,440601-C,Tennis 1,TENIS,Tennis,ENJOYSUMMER,,07/11/2026,09/05/2026,Sa,10:40 am,11:50 am,Kenmore MS,15-99.99,$371.00/$391.00,Available,2026-05-15T14:06:18+00:00,2,0,2026-05-15T14:06:18+00:00,,,,,
350289104,440601-D,Tennis 1,TENIS,Tennis,ENJOYSUMMER,,06/25/2026,08/27/2026,Th,6:10 pm,7:20 pm,Lyon Village Park,15-99.99,$371.00/$391.00,Available,2026-05-15T14:06:18+00:00,4,0,2026-05-15T14:06:18+00:00,,,,,
350289082,440601-E,Tennis 1,TENIS,Tennis,ENJOYSUMMER,,06/23/2026,08/25/2026 *,Tu,6:10 pm,7:20 pm,Lyon Village Park,15-99.99,$371.00/$391.00,Available,2026-05-15T14:06:18+00:00,9,0,2026-05-15T14:06:18+00:00,,,,,
350289093,440601-F,Tennis 1,TENIS,Tennis,ENJOYSUMMER,,06/23/2026,08/25/2026 *,Tu,8:50 pm,10:00 pm,Lyon Village Park,15-99.99,$371.00/$391.00,Available,2026-05-15T14:06:18+00:00,3,0,2026-05-15T14:06:18+00:00,,,,,
350289115,440601-G,Tennis 1,TENIS,Tennis,ENJOYSUMMER,,07/12/2026,09/06/2026,Su,11:40 am,12:50 pm,Maury Park,15-99.99,$371.00/$391.00,Available,2026-05-15T14:06:18+00:00,4,0,2026-05-15T14:06:18+00:00,,,,,
350289126,440601-H,Tennis 1,TENIS,Tennis,ENJOYSUMMER,,06/23/2026,08/25/2026 *,Tu,6:10 pm,7:20 pm,Stratford Park,15-99.99,$371.00/$391.00,Available,2026-05-15T14:06:18+00:00,1,0,2026-05-15T14:06:18+00:00,,,,,
350289137,440601-I,Tennis 1,TENIS,Tennis,ENJOYSUMMER,,06/24/2026,08/26/2026 *,W,6:10 pm,7:20 pm,Stratford Park,15-99.99,$371.00/$391.00,Available,2026-05-15T14:06:18+00:00,5,0,2026-05-15T14:06:18+00:00,,,,,
350289148,440601-J,Tennis 1,TENIS,Tennis,ENJOYSUMMER,,06/25/2026,08/27/2026 *,Th,6:10 pm,7:20 pm,Virginia Highlands Park,15-99.99,$371.00/$391.00,Available,2026-05-15T14:06:18+00:00,7,0,2026-05-15T14:06:18+00:00,,,,,
350288837,420602-B,Tennis 1 & 2 (Age 10-13),TENIS,Tennis,ENJOYSUMMER,,06/25/2026,08/27/2026 *,Th,6:30 pm,7:20 pm,Barcroft Park,10-13.99,$272.00/$292.00,Available,2026-05-15T14:06:18+00:00,5,0,2026-05-15T14:06:18+00:00,,,,,
350288892,420602-G,Tennis 1 & 2 (Age 10-13),TENIS,Tennis,ENJOYSUMMER,2026-05-14T16:00:00+00:00,06/22/2026,08/31/2026 *,M,6:30 pm,7:20 pm,Lyon Village Park,10-13.99,$303.00/$323.00,Waitlist,2026-05-15T14:06:18+00:00,6,0,2026-05-15T14:06:18+00:00,2026-05-15T00:00:40+00:00,2026-05-14T22:14:01+00:00,28840,8h,reg-open
350288903,420602-H,Tennis 1 & 2 (Age 10-13),TENIS,Tennis,ENJOYSUMMER,,06/24/2026,08/26/2026 *,W,6:30 pm,7:20 pm,Lyon Village Park,10-13.99,$272.00/$292.00,Available,2026-05-15T14:06:18+00:00,2,0,2026-05-15T14:06:18+00:00,,,,,
350288925,420602-J,Tennis 1 & 2 (Age 10-13),TENIS,Tennis,ENJOYSUMMER,,06/23/2026,08/25/2026 *,Tu,5:10 pm,6:00 pm,Stratford Park,10-13.99,$272.00/$292.00,Available,2026-05-15T14:06:18+00:00,2,0,2026-05-15T14:06:18+00:00,,,,,
350288948,420602-L,Tennis 1 & 2 (Age 10-13),TENIS,Tennis,ENJOYSUMMER,,06/22/2026,08/31/2026 *,M,6:30 pm,7:20 pm,Virginia Highlands Park,10-13.99,$303.00/$323.00,Available,2026-05-15T14:06:18+00:00,1,0,2026-05-15T14:06:18+00:00,,,,,
350288826,420602-A,Tennis 1 & 2 (Age 7-9),TENIS,Tennis,ENJOYSUMMER,2026-05-14T16:00:00+00:00,06/25/2026,08/27/2026 *,Th,5:30 pm,6:20 pm,Barcroft Park,7-9.99,$272.00/$292.00,Waitlist,2026-05-15T14:06:18+00:00,6,1,2026-05-15T14:06:18+00:00,2026-05-14T16:14:17+00:00,2026-05-14T16:13:17+00:00,857,14m 17s,reg-open
350288848,420602-C,Tennis 1 & 2 (Age 7-9),TENIS,Tennis,ENJOYSUMMER,,06/22/2026,08/31/2026 *,M,5:30 pm,6:20 pm,Lyon Village Park,7-9.99,$303.00/$323.00,Available,2026-05-15T14:06:18+00:00,1,0,2026-05-15T14:06:18+00:00,,,,,
350288859,420602-D,Tennis 1 & 2 (Age 7-9),TENIS,Tennis,ENJOYSUMMER,,06/23/2026,08/25/2026 *,Tu,5:10 pm,6:00 pm,Lyon Village Park,7-9.99,$272.00/$292.00,Available,2026-05-15T14:06:18+00:00,0,0,2026-05-15T14:06:18+00:00,,,,,
350288870,420602-E,Tennis 1 & 2 (Age 7-9),TENIS,Tennis,ENJOYSUMMER,,06/24/2026,08/26/2026 *,W,5:30 pm,6:20 pm,Lyon Village Park,7-9.99,$272.00/$292.00,Available,2026-05-15T14:06:18+00:00,0,0,2026-05-15T14:06:18+00:00,,,,,
350288881,420602-F,Tennis 1 & 2 (Age 7-9),TENIS,Tennis,ENJOYSUMMER,,06/25/2026,08/27/2026 *,Th,5:10 pm,6:00 pm,Lyon Village Park,7-9.99,$272.00/$292.00,Available,2026-05-15T14:06:18+00:00,3,0,2026-05-15T14:06:18+00:00,,,,,
350288914,420602-I,Tennis 1 & 2 (Age 7-9),TENIS,Tennis,ENJOYSUMMER,,06/24/2026,08/26/2026 *,W,5:10 pm,6:00 pm,Stratford Park,7-9.99,$272.00/$292.00,Available,2026-05-15T14:06:18+00:00,1,0,2026-05-15T14:06:18+00:00,,,,,
350288937,420602-K,Tennis 1 & 2 (Age 7-9),TENIS,Tennis,ENJOYSUMMER,,06/22/2026,08/31/2026 *,M,5:30 pm,6:20 pm,Virginia Highlands Park,7-9.99,$303.00/$323.00,Available,2026-05-15T14:06:18+00:00,3,0,2026-05-15T14:06:18+00:00,,,,,
350289159,440602-A,Tennis 2,TENIS,Tennis,ENJOYSUMMER,,06/23/2026,08/25/2026 *,Tu,6:10 pm,7:20 pm,Barcroft Park,15-99.99,$371.00/$391.00,Available,2026-05-15T14:06:18+00:00,8,0,2026-05-15T14:06:18+00:00,,,,,
350289170,440602-B,Tennis 2,TENIS,Tennis,ENJOYSUMMER,,06/23/2026,08/25/2026 *,Tu,8:50 pm,10:00 pm,Barcroft Park,15-99.99,$371.00/$391.00,Available,2026-05-15T14:06:18+00:00,2,0,2026-05-15T14:06:18+00:00,,,,,
350289181,440602-C,Tennis 2,TENIS,Tennis,ENJOYSUMMER,,06/25/2026,08/27/2026 *,Th,7:30 pm,8:40 pm,Barcroft Park,15-99.99,$371.00/$391.00,Available,2026-05-15T14:06:18+00:00,1,0,2026-05-15T14:06:18+00:00,,,,,
350289192,440602-D,Tennis 2,TENIS,Tennis,ENJOYSUMMER,2026-05-14T16:00:00+00:00,06/24/2026,08/26/2026 *,W,7:30 pm,8:40 pm,Jennie Dean Park,15-99.99,$371.00/$391.00,Waitlist,2026-05-15T14:06:18+00:00,5,0,2026-05-15T14:06:18+00:00,2026-05-15T02:54:54+00:00,2026-05-15T00:00:40+00:00,39294,10h 54m,reg-open
350289203,440602-E,Tennis 2,TENIS,Tennis,ENJOYSUMMER,,06/25/2026,08/27/2026 *,Th,5:30 pm,6:40 pm,Langston Brown,15-99.99,$371.00/$391.00,Available,2026-05-15T14:06:18+00:00,2,0,2026-05-15T14:06:18+00:00,,,,,
350289214,440602-F,Tennis 2,TENIS,Tennis,ENJOYSUMMER,,07/11/2026,09/05/2026,Sa,9:00 am,10:10 am,Langston Brown,15-99.99,$371.00/$391.00,Available,2026-05-15T14:06:18+00:00,0,0,2026-05-15T14:06:18+00:00,,,,,
350289226,440602-G,Tennis 2,TENIS,Tennis,ENJOYSUMMER,2026-05-14T16:00:00+00:00,06/22/2026,08/31/2026 *,M,7:30 pm,8:40 pm,Lyon Village Park,15-99.99,$413.00/$433.00,Waitlist,2026-05-15T14:06:18+00:00,10,2,2026-05-15T14:06:18+00:00,2026-05-14T16:27:17+00:00,2026-05-14T16:26:17+00:00,1637,27m 17s,reg-open
350289237,440602-H,Tennis 2,TENIS,Tennis,ENJOYSUMMER,2026-05-14T16:00:00+00:00,06/23/2026,08/25/2026 *,Tu,7:30 pm,8:40 pm,Lyon Village Park,15-99.99,$371.00/$391.00,Waitlist,2026-05-15T14:06:18+00:00,10,1,2026-05-15T14:06:18+00:00,2026-05-14T16:40:17+00:00,2026-05-14T16:35:17+00:00,2417,40m 17s,reg-open
350289248,440602-I,Tennis 2,TENIS,Tennis,ENJOYSUMMER,,07/12/2026,09/06/2026,Su,10:20 am,11:30 am,Maury Park,15-99.99,$371.00/$391.00,Available,2026-05-15T14:06:18+00:00,8,0,2026-05-15T14:06:18+00:00,,,,,
350289260,440602-J,Tennis 2,TENIS,Tennis,ENJOYSUMMER,,06/23/2026,08/25/2026 *,Tu,7:30 pm,8:40 pm,Stratford Park,15-99.99,$371.00/$391.00,Available,2026-05-15T14:06:18+00:00,5,0,2026-05-15T14:06:18+00:00,,,,,
350289271,440602-K,Tennis 2,TENIS,Tennis,ENJOYSUMMER,,06/24/2026,08/26/2026 *,W,7:30 pm,8:40 pm,Stratford Park,15-99.99,$371.00/$391.00,Available,2026-05-15T14:06:18+00:00,4,0,2026-05-15T14:06:18+00:00,,,,,
350289282,440602-L,Tennis 2,TENIS,Tennis,ENJOYSUMMER,,06/22/2026,08/31/2026,M,7:30 pm,8:40 pm,Virginia Highlands Park,15-99.99,$413.00/$433.00,Available,2026-05-15T14:06:18+00:00,9,0,2026-05-15T14:06:18+00:00,,,,,
350289293,440603-A,Tennis 3,TENIS,Tennis,ENJOYSUMMER,,06/25/2026,08/27/2026 *,Th,8:50 pm,10:00 pm,Barcroft Park,15-99.99,$371.00/$391.00,Available,2026-05-15T14:06:18+00:00,5,0,2026-05-15T14:06:18+00:00,,,,,
350289304,440603-B,Tennis 3,TENIS,Tennis,ENJOYSUMMER,2026-05-14T16:00:00+00:00,06/24/2026,08/26/2026 *,W,8:50 pm,10:00 pm,Jennie Dean Park,15-99.99,$371.00/$391.00,Waitlist,2026-05-15T14:06:18+00:00,4,1,2026-05-15T14:06:18+00:00,2026-05-14T16:09:17+00:00,2026-05-14T14:09:15+00:00,557,9m 17s,reg-open
350289315,440603-C,Tennis 3,TENIS,Tennis,ENJOYSUMMER,2026-05-14T16:00:00+00:00,06/25/2026,08/27/2026 *,Th,7:30 pm,8:40 pm,Langston Brown,15-99.99,$371.00/$391.00,Waitlist,2026-05-15T14:06:18+00:00,3,4,2026-05-15T14:06:18+00:00,2026-05-14T16:09:17+00:00,2026-05-14T14:09:15+00:00,557,9m 17s,reg-open
350289326,440603-D,Tennis 3,TENIS,Tennis,ENJOYSUMMER,,07/11/2026,09/05/2026,Sa,10:20 am,11:30 am,Langston Brown,15-99.99,$371.00/$391.00,Available,2026-05-15T14:06:18+00:00,2,0,2026-05-15T14:06:18+00:00,,,,,
350289337,440603-E,Tennis 3,TENIS,Tennis,ENJOYSUMMER,,06/22/2026,08/31/2026 *,M,8:50 pm,10:00 pm,Lyon Village Park,15-99.99,$413.00/$433.00,Available,2026-05-15T14:06:18+00:00,0,0,2026-05-15T14:06:18+00:00,,,,,
350289348,440603-F,Tennis 3,TENIS,Tennis,ENJOYSUMMER,2026-05-14T16:00:00+00:00,06/24/2026,08/26/2026 *,W,7:30 pm,8:40 pm,Lyon Village Park,15-99.99,$371.00/$391.00,Waitlist,2026-05-15T14:06:18+00:00,8,2,2026-05-15T14:06:18+00:00,2026-05-14T16:28:17+00:00,2026-05-14T16:27:17+00:00,1697,28m 17s,reg-open
350289359,440603-G,Tennis 3,TENIS,Tennis,ENJOYSUMMER,,06/25/2026,08/27/2026 *,Th,8:50 pm,10:00 pm,Lyon Village Park,15-99.99,$371.00/$391.00,Available,2026-05-15T14:06:18+00:00,2,0,2026-05-15T14:06:18+00:00,,,,,
350289370,440603-H,Tennis 3,TENIS,Tennis,ENJOYSUMMER,,06/22/2026,08/31/2026 *,M,8:50 pm,10:00 pm,Stratford Park,15-99.99,$413.00/$433.00,Available,2026-05-15T14:06:18+00:00,2,0,2026-05-15T14:06:18+00:00,,,,,
350289381,440603-I,Tennis 3,TENIS,Tennis,ENJOYSUMMER,,06/24/2026,08/26/2026 *,W,8:50 pm,10:00 pm,Stratford Park,15-99.99,$371.00/$391.00,Available,2026-05-15T14:06:18+00:00,0,0,2026-05-15T14:06:18+00:00,,,,,
350289392,440603-J,Tennis 3,TENIS,Tennis,ENJOYSUMMER,,06/22/2026,08/31/2026 *,M,8:50 pm,10:00 pm,Virginia Highlands Park,15-99.99,$413.00/$433.00,Available,2026-05-15T14:06:18+00:00,0,0,2026-05-15T14:06:18+00:00,,,,,
350289404,440603-K,Tennis 3,TENIS,Tennis,ENJOYSUMMER,,06/25/2026,08/27/2026 *,Th,8:50 pm,10:00 pm,Virginia Highlands Park,15-99.99,$371.00/$391.00,Available,2026-05-15T14:06:18+00:00,1,0,2026-05-15T14:06:18+00:00,,,,,
350288981,420603-B,Tennis 3 Drill & Match Play (Age 11-14),TENIS,Tennis,ENJOYSUMMER,,06/22/2026,08/31/2026 *,M,6:10 pm,7:20 pm,Stratford Park,11-14.99,$380.00/$400.00,Available,2026-05-15T14:06:18+00:00,1,0,2026-05-15T14:06:18+00:00,,,,,
350288992,420603-D,Tennis 3 Drill & Match Play (Age 11-14),TENIS,Tennis,ENJOYSUMMER,,06/23/2026,08/25/2026 *,Tu,6:10 pm,7:20 pm,Langston Brown,11-14.99,$342.00/$362.00,Available,2026-05-15T14:06:18+00:00,2,0,2026-05-15T14:06:18+00:00,,,,,
350288959,420603-A,Tennis 3 Drill & Match Play (Age 8-10),TENIS,Tennis,ENJOYSUMMER,,06/22/2026,08/31/2026 *,M,4:50 pm,6:00 pm,Stratford Park,8-10.99,$380.00/$400.00,Available,2026-05-15T14:06:18+00:00,2,0,2026-05-15T14:06:18+00:00,,,,,
350288970,420603-C,Tennis 3 Drill & Match Play (Age 8-10),TENIS,Tennis,ENJOYSUMMER,,06/23/2026,08/25/2026 *,Tu,4:50 pm,6:00 pm,Langston Brown,8-10.99,$342.00/$362.00,Available,2026-05-15T14:06:18+00:00,3,0,2026-05-15T14:06:18+00:00,,,,,
350289003,420604-A,Tennis 4 JV Tennis Drill & Match Play (Age 13-17),TENIS,Tennis,ENJOYSUMMER,,06/22/2026,08/31/2026 *,M,7:30 pm,8:40 pm,Stratford Park,13-17.99,$380.00/$400.00,Available,2026-05-15T14:06:18+00:00,1,0,2026-05-15T14:06:18+00:00,,,,,
350289014,420604-B,Tennis 4 JV Tennis Drill & Match Play (Age 13-17),TENIS,Tennis,ENJOYSUMMER,,06/23/2026,08/25/2026 *,Tu,7:30 pm,8:40 pm,Langston Brown,13-17.99,$342.00/$362.00,Available,2026-05-15T14:06:18+00:00,1,0,2026-05-15T14:06:18+00:00,,,,,
350217393,420521-A,Adapted Level 1 (Age: 5-7),TRO,Individuals with Disabilities,ENJOYSUMMER1,2026-05-12T16:00:00+00:00,07/12/2026,08/16/2026,Su,9:30 am,10:15 am,Barcroft Fitness Center,5-7.99,$83.00/$103.00,Waitlist,2026-05-15T13:59:31+00:00,5,4,2026-05-15T13:59:31+00:00,2026-05-12T17:07:55+00:00,2026-05-12T16:15:42+00:00,4075,1h 7m,reg-open
350217404,420521-B,Adapted Level 1 (Age: 8-12),TRO,Individuals with Disabilities,ENJOYSUMMER1,2026-05-12T16:00:00+00:00,07/12/2026,08/16/2026,Su,8:30 am,9:15 am,Barcroft Fitness Center,8-12.99,$83.00/$103.00,Waitlist,2026-05-15T13:59:31+00:00,6,5,2026-05-15T13:59:31+00:00,2026-05-12T16:13:42+00:00,2026-05-12T14:37:52+00:00,822,13m 42s,reg-open
350202394,410412-A,Aquatics: Adapted Pre-Fin,TRO,Individuals with Disabilities,ENJOYSUMMER,,06/28/2026,08/16/2026 *,Su,1:05 pm,1:35 pm,Long Bridge Aquatics Center,3.25-5.99,$70.00/$90.00,Available,2026-05-26T15:55:59+00:00,6,0,2026-05-26T15:55:59+00:00,,,,,
350202383,410411-A,Aquatics: Adapted Pre-Fin & Me,TRO,Individuals with Disabilities,ENJOYSUMMER,,06/28/2026,08/16/2026 *,Su,1:05 pm,1:35 pm,Long Bridge Aquatics Center,2.5-4.99,$70.00/$90.00,Available,2026-05-26T15:55:59+00:00,4,0,2026-05-26T15:55:59+00:00,,,,,
350216895,410520-A,Gymnastics: Adapted Parent/Tot,TRO,Individuals with Disabilities,ENJOYSUMMER,2026-05-14T16:00:00+00:00,07/12/2026,08/16/2026,Su,9:30 am,10:15 am,Barcroft Fitness Center,3-5.99,$83.00/$103.00,Waitlist,2026-05-26T15:55:59+00:00,10,0,2026-05-26T15:55:59+00:00,2026-05-21T15:42:38+00:00,2026-05-20T15:39:07+00:00,603758,6d 23h,reg-open
350217415,430503-A,Gymnastics: Adapted Teen/Adult (Age 13-Adult),TRO,Individuals with Disabilities,ENJOYSUMMER1,,07/12/2026,08/16/2026,Su,10:30 am,11:30 am,Barcroft Fitness Center,13-99.99,$119.00/$139.00,Available,2026-05-15T13:59:31+00:00,5,0,2026-05-15T13:59:31+00:00,,,,,
350225786,440180-A,Intro to Woodshop,WOOD,Woodworking,ENJOYSUMMER,2026-05-14T16:00:00+00:00,06/23/2026,07/14/2026,Tu,6:00 pm,8:30 pm,Thomas Jefferson Center,18-99.99,$267.00/$287.00,Waitlist,2026-05-15T14:06:18+00:00,4,1,2026-05-15T14:06:18+00:00,2026-05-14T16:09:17+00:00,2026-05-14T14:09:15+00:00,557,9m 17s,reg-open
350224361,410302-A,Postpartum Yoga with Baby,YOGA,Yoga,ENJOYSUMMER,,07/13/2026,08/10/2026 *,M,10:45 am,11:45 am,Lubber Run,18-99.99,$62.00/$82.00,Available,2026-05-26T15:55:59+00:00,5,0,2026-05-26T15:55:59+00:00,,,,,
