fmid,activity_code,name,reg_event,type_code,date_start,date_end,time_start,time_end,days,location,ages,cost,last_seen_ts,status,enrolled,waitlist
350225097,420306-A,ABC's of Fencing,ENJOYSUMMER,,06/20/2026,08/15/2026 *,9:00 am,9:45 am,Sa,NOVA Fencing and Archery Club,4-6.99,$176.00/$196.00,2026-05-11T11:35:16+00:00,Unavailable,,
350225108,420306-B,ABC's of Fencing,ENJOYSUMMER,,06/20/2026,08/15/2026 *,10:00 am,10:45 am,Sa,NOVA Fencing and Archery Club,4-6.99,$176.00/$196.00,2026-05-11T11:35:16+00:00,Unavailable,,
350224859,420104-A,Abrakadoodle Mini Doodlers,ENJOYSUMMER,,07/07/2026,08/11/2026,11:00 am,11:45 am,Tu,Walter Reed Center,3-6.99,$132.00/$152.00,2026-05-11T11:35:16+00:00,Unavailable,,
350224873,420104-B,Abrakadoodle Mini Doodlers,ENJOYSUMMER,,07/08/2026,08/12/2026,11:00 am,11:45 am,W,Long Bridge Aquatics Center,3-6.99,$132.00/$152.00,2026-05-11T11:35:16+00:00,Unavailable,,
350224887,420104-C,Abrakadoodle Mini Doodlers,ENJOYSUMMER,,07/11/2026,08/15/2026,10:30 am,11:15 am,Sa,Arlington Mill,3-6.99,$132.00/$152.00,2026-05-11T11:35:16+00:00,Unavailable,,
350224901,420104-D,Abrakadoodle Mini Doodlers,ENJOYSUMMER,,07/13/2026,08/17/2026,10:30 am,11:15 am,M,Madison Manor Park,3-6.99,$132.00/$152.00,2026-05-11T11:35:16+00:00,Unavailable,,
350224915,420107-A,Abrakadoodle: Doodlers,ENJOYSUMMER,,07/11/2026,08/15/2026,11:30 am,12:30 pm,Sa,Arlington Mill,6-12.99,$162.00/$182.00,2026-05-11T11:35:16+00:00,Unavailable,,
350280510,410100-A,Abrakadoodle: Twoosy Doodlers,ENJOYSUMMER,,07/07/2026,08/11/2026,10:00 am,10:45 am,Tu,Walter Reed Center,1.66-3.99,$132.00/$152.00,2026-05-11T11:35:16+00:00,Unavailable,,
350223957,410100-B,Abrakadoodle: Twoosy Doodlers,ENJOYSUMMER,,07/08/2026,08/12/2026,10:00 am,10:45 am,W,Long Bridge Aquatics Center,1.66-3.99,$132.00/$152.00,2026-05-11T11:35:16+00:00,Unavailable,,
350223971,410100-C,Abrakadoodle: Twoosy Doodlers,ENJOYSUMMER,,07/11/2026,08/15/2026,9:30 am,10:15 am,Sa,Arlington Mill,1.66-3.99,$132.00/$152.00,2026-05-11T11:35:16+00:00,Unavailable,,
350223985,410100-D,Abrakadoodle: Twoosy Doodlers,ENJOYSUMMER,,07/13/2026,08/17/2026,9:30 am,10:15 am,M,Madison Manor Park,1.66-3.99,$132.00/$152.00,2026-05-11T11:35:16+00:00,Unavailable,,
350217393,420521-A,Adapted Level 1 (Age: 5-7),ENJOYSUMMER1,,07/12/2026,08/16/2026,9:30 am,10:15 am,Su,Barcroft Fitness Center,5-7.99,$83.00/$103.00,2026-05-11T11:35:02+00:00,Unavailable,,
350217404,420521-B,Adapted Level 1 (Age: 8-12),ENJOYSUMMER1,,07/12/2026,08/16/2026,8:30 am,9:15 am,Su,Barcroft Fitness Center,8-12.99,$83.00/$103.00,2026-05-11T11:35:02+00:00,Unavailable,,
350217448,440501-A,Adult Advanced,ENJOYSUMMER1,,07/09/2026,08/13/2026,7:15 pm,8:45 pm,Th,Barcroft Fitness Center,18-99.99,$132.00/$152.00,2026-05-11T11:35:02+00:00,Unavailable,,
364677421,440500-A,Adult Beginner,ENJOYSUMMER1,,07/06/2026,08/10/2026 *,7:15 pm,8:45 pm,M,Barcroft Fitness Center,18-99.99,$132.00/$152.00,2026-05-11T11:35:02+00:00,Unavailable,,
350217426,440500-B,Adult Beginner,ENJOYSUMMER1,,07/06/2026,08/10/2026 *,7:15 pm,8:45 pm,M,Barcroft Fitness Center,18-99.99,$132.00/$152.00,2026-05-11T11:35:02+00:00,Unavailable,,
350217437,440500-C,Adult Beginner,ENJOYSUMMER1,,07/07/2026,08/11/2026 *,7:15 pm,8:45 pm,Tu,Barcroft Fitness Center,18-99.99,$132.00/$152.00,2026-05-11T11:35:02+00:00,Unavailable,,
364677693,440500-D,Adult Beginner,ENJOYSUMMER1,,07/07/2026,08/11/2026 *,7:15 pm,8:45 pm,Tu,Barcroft Fitness Center,18-99.99,$132.00/$152.00,2026-05-11T11:35:02+00:00,Unavailable,,
350224022,410205-A,All that Jazz & Ballet,ENJOYSUMMER,,07/11/2026,08/08/2026,10:00 am,10:45 am,Sa,Langston Brown,4.5-6.99,$120.00/$140.00,2026-05-11T11:35:16+00:00,Unavailable,,
350224033,410205-B,All that Jazz & Ballet,ENJOYSUMMER,,07/16/2026,08/13/2026,6:00 pm,6:45 pm,Th,Barcroft Fitness Center,4.5-6.99,$120.00/$140.00,2026-05-11T11:35:16+00:00,Unavailable,,
350202394,410412-A,Aquatics: Adapted Pre-Fin,ENJOYSUMMER2,,06/28/2026,08/16/2026 *,1:05 pm,1:35 pm,Su,Long Bridge Aquatics Center,3.25-5.99,$70.00/$90.00,2026-05-11T11:35:06+00:00,Unavailable,,
350202383,410411-A,Aquatics: Adapted Pre-Fin & Me,ENJOYSUMMER2,,06/28/2026,08/16/2026 *,1:05 pm,1:35 pm,Su,Long Bridge Aquatics Center,2.5-4.99,$70.00/$90.00,2026-05-11T11:35:06+00:00,Unavailable,,
350225540,420607-A,Ball Hockey,ENJOYSUMMER,,06/28/2026,08/30/2026 *,10:30 am,11:30 am,Su,Quincy Street Deck,7-9.99,$213.00/$233.00,2026-05-11T11:35:16+00:00,Unavailable,,
350225551,420607-B,Ball Hockey,ENJOYSUMMER,,06/28/2026,08/30/2026 *,10:30 am,11:30 am,Su,Quincy Street Deck,10-12.99,$213.00/$233.00,2026-05-11T11:35:16+00:00,Unavailable,,
350224985,420221-A,Ballet 1,ENJOYSUMMER,,07/14/2026,08/11/2026,6:00 pm,6:45 pm,Tu,Barcroft Fitness Center,5-7.99,$120.00/$140.00,2026-05-11T11:35:16+00:00,Unavailable,,
350224996,420221-B,Ballet 1,ENJOYSUMMER,,07/15/2026,08/12/2026,5:00 pm,5:45 pm,W,Lubber Run,5-7.99,$120.00/$140.00,2026-05-11T11:35:16+00:00,Unavailable,,
350225008,420222-A,Ballet 2,ENJOYSUMMER,,07/15/2026,08/12/2026,5:50 pm,6:50 pm,W,Lubber Run,6.5-8.99,$160.00/$180.00,2026-05-11T11:35:16+00:00,Unavailable,,
350225030,420225-A,Ballet 2 & 3,ENJOYSUMMER,,07/16/2026,08/13/2026,5:30 pm,6:30 pm,Th,Walter Reed Center,6.5-11.99,$160.00/$180.00,2026-05-11T11:35:16+00:00,Unavailable,,
350225019,420223-A,Ballet for Boys,ENJOYSUMMER,,07/14/2026,08/11/2026,5:10 pm,5:55 pm,Tu,Lubber Run,5-9.99,$120.00/$140.00,2026-05-11T11:35:16+00:00,Unavailable,,
350225935,440319-A,Barre,ENJOYSUMMER,,06/23/2026,08/18/2026,6:00 pm,7:00 pm,Tu,Langston Brown,16-99.99,$153.00/$173.00,2026-05-11T11:35:16+00:00,Unavailable,,
350225946,440319-B,Barre,ENJOYSUMMER,,06/23/2026,08/18/2026,7:10 pm,8:10 pm,Tu,Langston Brown,16-99.99,$153.00/$173.00,2026-05-11T11:35:16+00:00,Unavailable,,
350224973,420215-A,Beginning Ballet,ENJOYSUMMER,,07/14/2026,08/11/2026,6:00 pm,7:00 pm,Tu,Walter Reed Center,8-11.99,$160.00/$180.00,2026-05-11T11:35:16+00:00,Unavailable,,
350225981,440334-A,Body Sculpting,ENJOYSUMMER,,06/22/2026,08/17/2026,6:00 pm,7:00 pm,M,Langston Brown,18-99.99,$135.00/$155.00,2026-05-11T11:35:16+00:00,Unavailable,,
364658017,440334-B,Body Sculpting,ENJOYSUMMER,,06/24/2026,08/19/2026,10:45 am,11:45 am,W,Langston Brown,18-99.99,$135.00/$155.00,2026-05-11T11:35:16+00:00,Unavailable,,
350225993,440334-C,Body Sculpting,ENJOYSUMMER,,06/24/2026,08/19/2026,6:00 pm,7:00 pm,W,Walter Reed Center,16-99.99,$135.00/$155.00,2026-05-11T11:35:16+00:00,Unavailable,,
350225457,420321-A,Bow & Go! Beginner Violin,ENJOYSUMMER,,07/11/2026,08/15/2026,12:15 pm,1:15 pm,Sa,Arlington Mill,5-12.99,$175.00/$195.00,2026-05-11T11:35:16+00:00,Unavailable,,
350217284,420511-A,Boys Level 1 (Age: 5-7),ENJOYSUMMER1,,07/09/2026,08/13/2026,4:15 pm,5:15 pm,Th,Barcroft Fitness Center,5-7.99,$119.00/$139.00,2026-05-11T11:35:02+00:00,Unavailable,,
350217295,420511-B,Boys Level 1 (Age: 5-7),ENJOYSUMMER1,,07/10/2026,08/14/2026,4:15 pm,5:15 pm,F,Barcroft Fitness Center,5-7.99,$119.00/$139.00,2026-05-11T11:35:02+00:00,Unavailable,,
350217306,420511-C,Boys Level 1 (Age: 5-7),ENJOYSUMMER1,,07/11/2026,08/15/2026,12:15 pm,1:15 pm,Sa,Barcroft Fitness Center,5-7.99,$119.00/$139.00,2026-05-11T11:35:02+00:00,Unavailable,,
350217317,420511-D,Boys Level 1 (Age: 5-7),ENJOYSUMMER1,,07/12/2026,08/16/2026,2:15 pm,3:15 pm,Su,Barcroft Fitness Center,5-7.99,$119.00/$139.00,2026-05-11T11:35:02+00:00,Unavailable,,
350217339,420511-E,Boys Level 1 (Age: 5-7),ENJOYSUMMER1,,07/08/2026,08/12/2026 *,4:15 pm,5:15 pm,W,Barcroft Fitness Center,5-7.99,$99.00/$119.00,2026-05-11T11:35:02+00:00,Unavailable,,
350217353,420511-F,Boys Level 1 (Age: 8-12),ENJOYSUMMER1,,07/08/2026,08/12/2026,5:30 pm,6:30 pm,W,Barcroft Fitness Center,8-12.99,$119.00/$139.00,2026-05-11T11:35:02+00:00,Unavailable,,
350217366,420511-G,Boys Level 1 (Age: 8-12),ENJOYSUMMER1,,07/12/2026,08/16/2026,3:30 pm,4:30 pm,Su,Barcroft Fitness Center,8-12.99,$119.00/$139.00,2026-05-11T11:35:02+00:00,Unavailable,,
350217379,420513-A,Boys Level 2 (Age: 6-12),ENJOYSUMMER1,,07/10/2026,08/14/2026,5:30 pm,7:00 pm,F,Barcroft Fitness Center,6-12.99,$132.00/$152.00,2026-05-11T11:35:02+00:00,Unavailable,,
350225869,440306-A,Cardio Body Sculpting,ENJOYSUMMER,,06/23/2026,08/18/2026 *,6:15 pm,7:15 pm,Tu,Arlington Mill,18-99.99,$120.00/$140.00,2026-05-11T11:35:16+00:00,Unavailable,,
350225880,440306-B,Cardio Body Sculpting,ENJOYSUMMER,,06/24/2026,08/19/2026 *,7:00 pm,8:00 pm,W,Langston Brown,18-99.99,$120.00/$140.00,2026-05-11T11:35:16+00:00,Unavailable,,
350225744,440156-A,Carving Wax to Make Silver Jewelry,ENJOYSUMMER,,06/25/2026,07/30/2026,6:00 pm,8:30 pm,Th,Thomas Jefferson Center,18-99.99,$290.00/$310.00,2026-05-11T11:35:16+00:00,Unavailable,,
350225075,420299-A,Chess Club with Silver Knights,ENJOYSUMMER,,06/25/2026,08/20/2026,6:00 pm,7:00 pm,Th,Lubber Run,6-13.99,$216.00/$236.00,2026-05-11T11:35:16+00:00,Unavailable,,
350225702,440125-A,Continuing Wheel,ENJOYSUMMER,,06/22/2026,07/27/2026,6:00 pm,8:30 pm,M,Thomas Jefferson Center,18-99.99,$281.00/$301.00,2026-05-11T11:35:16+00:00,Unavailable,,
350225716,440125-B,Continuing Wheel,ENJOYSUMMER,,06/23/2026,07/28/2026,6:00 pm,8:30 pm,Tu,Thomas Jefferson Center,18-99.99,$281.00/$301.00,2026-05-11T11:35:16+00:00,Unavailable,,
350225730,440125-C,Continuing Wheel,ENJOYSUMMER,,06/25/2026,07/30/2026,6:00 pm,8:30 pm,Th,Thomas Jefferson Center,18-99.99,$281.00/$301.00,2026-05-11T11:35:16+00:00,Unavailable,,
350225375,420316-A,Cooking: Baroody Bakes,ENJOYSUMMER,,07/08/2026,08/12/2026,6:30 pm,7:30 pm,W,Long Bridge Aquatics Center,5-11.99,$159.00/$179.00,2026-05-11T11:35:16+00:00,Unavailable,,
350225485,420330-A,Cooking: Baroody's No Bake Bonanza,ENJOYSUMMER,,07/12/2026,08/16/2026,11:30 am,12:30 pm,Su,Long Bridge Aquatics Center,5-11.99,$159.00/$179.00,2026-05-11T11:35:16+00:00,Unavailable,,
353250216,420317-A,Cooking: Breakfast Club,ENJOYSUMMER,,07/12/2026,08/16/2026,10:00 am,11:00 am,Su,Long Bridge Aquatics Center,5-11.99,$159.00/$179.00,2026-05-11T11:35:16+00:00,Unavailable,,
350225758,440157-A,Creative Jewelry Lab,ENJOYSUMMER,,06/23/2026,07/28/2026,6:00 pm,8:30 pm,Tu,Thomas Jefferson Center,18-99.99,$290.00/$310.00,2026-05-11T11:35:16+00:00,Unavailable,,
350225957,440331-A,Cycling,ENJOYSUMMER,,06/24/2026,08/05/2026,7:15 pm,8:00 pm,W,Thomas Jefferson Center,18-99.99,$77.00/$97.00,2026-05-11T11:35:16+00:00,Unavailable,,
350225968,440331-B,Cycling,ENJOYSUMMER,,06/28/2026,08/16/2026 *,8:15 am,9:00 am,Su,Long Bridge Aquatics Center,18-99.99,$77.00/$97.00,2026-05-11T11:35:16+00:00,Unavailable,,
350223999,410204-A,Dance and Prance,ENJOYSUMMER,,07/11/2026,08/08/2026,10:45 am,11:15 am,Sa,Barcroft Fitness Center,2-3.99,$100.00/$120.00,2026-05-11T11:35:16+00:00,Unavailable,,
350224011,410204-B,Dance and Prance,ENJOYSUMMER,,07/11/2026,08/08/2026,9:45 am,10:15 am,Sa,Lubber Run,2-3.99,$100.00/$120.00,2026-05-11T11:35:16+00:00,Unavailable,,
351070164,410204-C,Dance and Prance,ENJOYSUMMER,,07/15/2026,08/12/2026,10:00 am,10:30 am,W,Langston Brown,2-3.99,$100.00/$120.00,2026-05-11T11:35:16+00:00,Unavailable,,
351073176,410204-D,Dance and Prance,ENJOYSUMMER,,07/17/2026,08/14/2026,10:00 am,10:30 am,F,Long Bridge Aquatics Center,2-3.99,$100.00/$120.00,2026-05-11T11:35:16+00:00,Unavailable,,
350225814,440303-A,Essentrics,ENJOYSUMMER,,06/23/2026,08/25/2026 *,8:00 am,9:00 am,Tu,Lubber Run,18-99.99,$135.00/$155.00,2026-05-11T11:35:16+00:00,Unavailable,,
350225825,440303-B,Essentrics,ENJOYSUMMER,,06/24/2026,08/26/2026 *,8:00 am,9:00 am,W,Lubber Run,18-99.99,$135.00/$155.00,2026-05-11T11:35:16+00:00,Unavailable,,
350225836,440303-C,Essentrics,ENJOYSUMMER,,06/25/2026,08/27/2026 *,7:15 pm,8:15 pm,Th,Barcroft Fitness Center,18-99.99,$105.00/$125.00,2026-05-11T11:35:16+00:00,Unavailable,,
350225891,440307-A,EverStrong,ENJOYSUMMER,,06/27/2026,08/15/2026 *,10:30 am,11:30 am,Sa,Long Bridge Aquatics Center,55-99.99,$105.00/$125.00,2026-05-11T11:35:16+00:00,Unavailable,,
350225329,420312-A,Explore Archery,ENJOYSUMMER,,06/22/2026,07/27/2026 *,5:00 pm,6:00 pm,M,NOVA Fencing and Archery Club,8-99.99,$110.00/$130.00,2026-05-11T11:35:16+00:00,Unavailable,,
350225341,420312-B,Explore Archery,ENJOYSUMMER,,06/24/2026,07/29/2026 *,5:00 pm,6:00 pm,W,NOVA Fencing and Archery Club,8-99.99,$110.00/$130.00,2026-05-11T11:35:16+00:00,Unavailable,,
350216376,410501-A,Family Gymnastics (Age: 1.5-5),ENJOYSUMMER1,,07/09/2026,08/13/2026,11:30 am,12:15 pm,Th,Barcroft Fitness Center,1.5-5.99,$83.00/$103.00,2026-05-11T11:35:02+00:00,Unavailable,,
350216387,410501-B,Family Gymnastics (Age: 1.5-5),ENJOYSUMMER1,,07/09/2026,08/13/2026,2:00 pm,2:45 pm,Th,Barcroft Fitness Center,1.5-5.99,$83.00/$103.00,2026-05-11T11:35:02+00:00,Unavailable,,
350216398,410501-C,Family Gymnastics (Age: 1.5-5),ENJOYSUMMER1,,07/10/2026,08/14/2026,1:00 pm,1:45 pm,F,Barcroft Fitness Center,1.5-5.99,$83.00/$103.00,2026-05-11T11:35:02+00:00,Unavailable,,
350216409,410501-D,Family Gymnastics (Age: 1.5-5),ENJOYSUMMER1,,07/11/2026,08/15/2026,8:30 am,9:15 am,Sa,Barcroft Fitness Center,1.5-5.99,$83.00/$103.00,2026-05-11T11:35:02+00:00,Unavailable,,
350216431,410501-E,Family Gymnastics (Age: 1.5-5),ENJOYSUMMER1,,07/06/2026,08/10/2026 *,1:00 pm,1:45 pm,M,Barcroft Fitness Center,1.5-5.99,$69.00/$89.00,2026-05-11T11:35:02+00:00,Unavailable,,
350216442,410501-F,Family Gymnastics (Age: 1.5-5),ENJOYSUMMER1,,07/07/2026,08/11/2026 *,11:30 am,12:15 pm,Tu,Barcroft Fitness Center,1.5-5.99,$69.00/$89.00,2026-05-11T11:35:02+00:00,Unavailable,,
350216453,410501-G,Family Gymnastics (Age: 1.5-5),ENJOYSUMMER1,,07/07/2026,08/11/2026 *,2:00 pm,2:45 pm,Tu,Barcroft Fitness Center,1.5-5.99,$69.00/$89.00,2026-05-11T11:35:02+00:00,Unavailable,,
350216465,410501-H,Family Gymnastics (Age: 1.5-5),ENJOYSUMMER1,,07/08/2026,08/12/2026 *,1:00 pm,1:45 pm,W,Barcroft Fitness Center,1.5-5.99,$69.00/$89.00,2026-05-11T11:35:02+00:00,Unavailable,,
350201492,410404-A,Fin 1,ENJOYSUMMER2,,06/22/2026,08/10/2026,10:25 am,10:55 am,M,Long Bridge Aquatics Center,3.25-5.99,$80.00/$100.00,2026-05-11T11:35:06+00:00,Unavailable,,
350201503,410404-B,Fin 1,ENJOYSUMMER2,,06/22/2026,08/10/2026,11:35 am,12:05 pm,M,Long Bridge Aquatics Center,3.25-5.99,$80.00/$100.00,2026-05-11T11:35:06+00:00,Unavailable,,
350201514,410404-C,Fin 1,ENJOYSUMMER2,,06/22/2026,08/10/2026,4:25 pm,4:55 pm,M,Long Bridge Aquatics Center,3.25-5.99,$80.00/$100.00,2026-05-11T11:35:06+00:00,Unavailable,,
350201525,410404-D,Fin 1,ENJOYSUMMER2,,06/22/2026,08/10/2026,7:15 pm,7:45 pm,M,Long Bridge Aquatics Center,3.25-5.99,$80.00/$100.00,2026-05-11T11:35:06+00:00,Unavailable,,
350201536,410404-E,Fin 1,ENJOYSUMMER2,,06/23/2026,08/11/2026,10:25 am,10:55 am,Tu,Long Bridge Aquatics Center,3.25-5.99,$80.00/$100.00,2026-05-11T11:35:06+00:00,Unavailable,,
350201547,410404-F,Fin 1,ENJOYSUMMER2,,06/23/2026,08/11/2026,4:00 pm,4:30 pm,Tu,Long Bridge Aquatics Center,3.25-5.99,$80.00/$100.00,2026-05-11T11:35:06+00:00,Unavailable,,
350201558,410404-G,Fin 1,ENJOYSUMMER2,,06/23/2026,08/11/2026,5:00 pm,5:30 pm,Tu,Long Bridge Aquatics Center,3.25-5.99,$80.00/$100.00,2026-05-11T11:35:06+00:00,Unavailable,,
350201569,410404-H,Fin 1,ENJOYSUMMER2,,06/23/2026,08/11/2026,6:45 pm,7:15 pm,Tu,Long Bridge Aquatics Center,3.25-5.99,$80.00/$100.00,2026-05-11T11:35:06+00:00,Unavailable,,
350201580,410404-I,Fin 1,ENJOYSUMMER2,,06/24/2026,08/12/2026,4:25 pm,4:55 pm,W,Long Bridge Aquatics Center,3.25-5.99,$80.00/$100.00,2026-05-11T11:35:06+00:00,Unavailable,,
350201591,410404-J,Fin 1,ENJOYSUMMER2,,06/24/2026,08/12/2026,7:15 pm,7:45 pm,W,Long Bridge Aquatics Center,3.25-5.99,$80.00/$100.00,2026-05-11T11:35:06+00:00,Unavailable,,
350201602,410404-K,Fin 1,ENJOYSUMMER2,,06/25/2026,08/13/2026,4:00 pm,4:30 pm,Th,Long Bridge Aquatics Center,3.25-5.99,$80.00/$100.00,2026-05-11T11:35:06+00:00,Unavailable,,
350201613,410404-L,Fin 1,ENJOYSUMMER2,,06/25/2026,08/13/2026,5:00 pm,5:30 pm,Th,Long Bridge Aquatics Center,3.25-5.99,$80.00/$100.00,2026-05-11T11:35:06+00:00,Unavailable,,
350201624,410404-M,Fin 1,ENJOYSUMMER2,,06/25/2026,08/13/2026,6:45 pm,7:15 pm,Th,Long Bridge Aquatics Center,3.25-5.99,$80.00/$100.00,2026-05-11T11:35:06+00:00,Unavailable,,
350201635,410404-N,Fin 1,ENJOYSUMMER2,,06/26/2026,08/14/2026 *,4:25 pm,4:55 pm,F,Long Bridge Aquatics Center,3.25-5.99,$70.00/$90.00,2026-05-11T11:35:06+00:00,Unavailable,,
350201646,410404-O,Fin 1,ENJOYSUMMER2,,06/26/2026,08/14/2026 *,6:15 pm,6:45 pm,F,Long Bridge Aquatics Center,3.25-5.99,$70.00/$90.00,2026-05-11T11:35:06+00:00,Unavailable,,
350201657,410404-P,Fin 1,ENJOYSUMMER2,,06/27/2026,08/15/2026 *,8:30 am,9:00 am,Sa,Long Bridge Aquatics Center,3.25-5.99,$70.00/$90.00,2026-05-11T11:35:06+00:00,Unavailable,,
350201668,410404-Q,Fin 1,ENJOYSUMMER2,,06/27/2026,08/15/2026 *,8:55 am,9:25 am,Sa,Long Bridge Aquatics Center,3.25-5.99,$70.00/$90.00,2026-05-11T11:35:06+00:00,Unavailable,,
350201679,410404-R,Fin 1,ENJOYSUMMER2,,06/27/2026,08/15/2026 *,11:50 am,12:20 pm,Sa,Long Bridge Aquatics Center,3.25-5.99,$70.00/$90.00,2026-05-11T11:35:06+00:00,Unavailable,,
350201690,410404-S,Fin 1,ENJOYSUMMER2,,06/28/2026,08/16/2026 *,8:30 am,9:00 am,Su,Long Bridge Aquatics Center,3.25-5.99,$70.00/$90.00,2026-05-11T11:35:06+00:00,Unavailable,,
350201701,410404-T,Fin 1,ENJOYSUMMER2,,06/28/2026,08/16/2026 *,9:30 am,10:00 am,Su,Long Bridge Aquatics Center,3.25-5.99,$70.00/$90.00,2026-05-11T11:35:06+00:00,Unavailable,,
350201712,410404-U,Fin 1,ENJOYSUMMER2,,06/28/2026,08/16/2026 *,10:35 am,11:05 am,Su,Long Bridge Aquatics Center,3.25-5.99,$70.00/$90.00,2026-05-11T11:35:06+00:00,Unavailable,,
350201723,410405-A,Fin 2,ENJOYSUMMER2,,06/22/2026,08/10/2026,11:00 am,11:30 am,M,Long Bridge Aquatics Center,3.25-5.99,$80.00/$100.00,2026-05-11T11:35:06+00:00,Unavailable,,
350201735,410405-B,Fin 2,ENJOYSUMMER2,,06/22/2026,08/10/2026,5:00 pm,5:30 pm,M,Long Bridge Aquatics Center,3.25-5.99,$80.00/$100.00,2026-05-11T11:35:06+00:00,Unavailable,,
350201746,410405-C,Fin 2,ENJOYSUMMER2,,06/22/2026,08/10/2026,6:00 pm,6:30 pm,M,Long Bridge Aquatics Center,3.25-5.99,$80.00/$100.00,2026-05-11T11:35:06+00:00,Unavailable,,
350201757,410405-D,Fin 2,ENJOYSUMMER2,,06/23/2026,08/11/2026,11:35 am,12:05 pm,Tu,Long Bridge Aquatics Center,3.25-5.99,$80.00/$100.00,2026-05-11T11:35:06+00:00,Unavailable,,
350201768,410405-E,Fin 2,ENJOYSUMMER2,,06/23/2026,08/11/2026,4:00 pm,4:30 pm,Tu,Long Bridge Aquatics Center,3.25-5.99,$80.00/$100.00,2026-05-11T11:35:06+00:00,Unavailable,,
350201779,410405-F,Fin 2,ENJOYSUMMER2,,06/23/2026,08/11/2026,5:35 pm,6:05 pm,Tu,Long Bridge Aquatics Center,3.25-5.99,$80.00/$100.00,2026-05-11T11:35:06+00:00,Unavailable,,
350201790,410405-G,Fin 2,ENJOYSUMMER2,,06/23/2026,08/11/2026,6:30 pm,7:00 pm,Tu,Long Bridge Aquatics Center,3.25-5.99,$80.00/$100.00,2026-05-11T11:35:06+00:00,Unavailable,,
350201801,410405-H,Fin 2,ENJOYSUMMER2,,06/23/2026,08/11/2026,7:20 pm,7:50 pm,Tu,Long Bridge Aquatics Center,3.25-5.99,$80.00/$100.00,2026-05-11T11:35:06+00:00,Unavailable,,
350201812,410405-I,Fin 2,ENJOYSUMMER2,,06/24/2026,08/12/2026,5:00 pm,5:30 pm,W,Long Bridge Aquatics Center,3.25-5.99,$80.00/$100.00,2026-05-11T11:35:06+00:00,Unavailable,,
350201823,410405-J,Fin 2,ENJOYSUMMER2,,06/24/2026,08/12/2026,6:00 pm,6:30 pm,W,Long Bridge Aquatics Center,3.25-5.99,$80.00/$100.00,2026-05-11T11:35:06+00:00,Unavailable,,
350201834,410405-K,Fin 2,ENJOYSUMMER2,,06/25/2026,08/13/2026,4:00 pm,4:30 pm,Th,Long Bridge Aquatics Center,3.25-5.99,$80.00/$100.00,2026-05-11T11:35:06+00:00,Unavailable,,
350201845,410405-L,Fin 2,ENJOYSUMMER2,,06/25/2026,08/13/2026,5:35 pm,6:05 pm,Th,Long Bridge Aquatics Center,3.25-5.99,$80.00/$100.00,2026-05-11T11:35:06+00:00,Unavailable,,
350201856,410405-M,Fin 2,ENJOYSUMMER2,,06/25/2026,08/13/2026,6:30 pm,7:00 pm,Th,Long Bridge Aquatics Center,3.25-5.99,$80.00/$100.00,2026-05-11T11:35:06+00:00,Unavailable,,
350201867,410405-N,Fin 2,ENJOYSUMMER2,,06/25/2026,08/13/2026,7:20 pm,7:50 pm,Th,Long Bridge Aquatics Center,3.25-5.99,$80.00/$100.00,2026-05-11T11:35:06+00:00,Unavailable,,
350201879,410405-O,Fin 2,ENJOYSUMMER2,,06/26/2026,08/14/2026 *,5:00 pm,5:30 pm,F,Long Bridge Aquatics Center,3.25-5.99,$70.00/$90.00,2026-05-11T11:35:06+00:00,Unavailable,,
350201890,410405-P,Fin 2,ENJOYSUMMER2,,06/26/2026,08/14/2026 *,6:50 pm,7:20 pm,F,Long Bridge Aquatics Center,3.25-5.99,$70.00/$90.00,2026-05-11T11:35:06+00:00,Unavailable,,
350201901,410405-Q,Fin 2,ENJOYSUMMER2,,06/27/2026,08/15/2026 *,8:30 am,9:00 am,Sa,Long Bridge Aquatics Center,3.25-5.99,$70.00/$90.00,2026-05-11T11:35:06+00:00,Unavailable,,
350201912,410405-R,Fin 2,ENJOYSUMMER2,,06/27/2026,08/15/2026 *,9:05 am,9:35 am,Sa,Long Bridge Aquatics Center,3.25-5.99,$70.00/$90.00,2026-05-11T11:35:06+00:00,Unavailable,,
350201924,410405-S,Fin 2,ENJOYSUMMER2,,06/27/2026,08/15/2026 *,9:55 am,10:25 am,Sa,Long Bridge Aquatics Center,3.25-5.99,$70.00/$90.00,2026-05-11T11:35:06+00:00,Unavailable,,
350201935,410405-T,Fin 2,ENJOYSUMMER2,,06/27/2026,08/15/2026 *,10:40 am,11:10 am,Sa,Long Bridge Aquatics Center,3.25-5.99,$70.00/$90.00,2026-05-11T11:35:06+00:00,Unavailable,,
350201947,410405-U,Fin 2,ENJOYSUMMER2,,06/27/2026,08/15/2026 *,11:50 am,12:20 pm,Sa,Long Bridge Aquatics Center,3.25-5.99,$70.00/$90.00,2026-05-11T11:35:06+00:00,Unavailable,,
350201958,410405-V,Fin 2,ENJOYSUMMER2,,06/28/2026,08/16/2026 *,8:30 am,9:00 am,Su,Long Bridge Aquatics Center,3.25-5.99,$70.00/$90.00,2026-05-11T11:35:06+00:00,Unavailable,,
350201969,410405-W,Fin 2,ENJOYSUMMER2,,06/28/2026,08/16/2026 *,8:55 am,9:25 am,Su,Long Bridge Aquatics Center,3.25-5.99,$70.00/$90.00,2026-05-11T11:35:06+00:00,Unavailable,,
350201980,410405-X,Fin 2,ENJOYSUMMER2,,06/28/2026,08/16/2026 *,9:50 am,10:20 am,Su,Long Bridge Aquatics Center,3.25-5.99,$70.00/$90.00,2026-05-11T11:35:06+00:00,Unavailable,,
350201991,410405-Y,Fin 2,ENJOYSUMMER2,,06/28/2026,08/16/2026 *,11:10 am,11:40 am,Su,Long Bridge Aquatics Center,3.25-5.99,$70.00/$90.00,2026-05-11T11:35:06+00:00,Unavailable,,
350202003,410406-A,Fin 3,ENJOYSUMMER2,,06/22/2026,08/10/2026,4:00 pm,4:30 pm,M,Long Bridge Aquatics Center,4-5.99,$80.00/$100.00,2026-05-11T11:35:06+00:00,Unavailable,,
350202018,410406-B,Fin 3,ENJOYSUMMER2,,06/22/2026,08/10/2026,6:40 pm,7:10 pm,M,Long Bridge Aquatics Center,4-5.99,$80.00/$100.00,2026-05-11T11:35:06+00:00,Unavailable,,
350202032,410406-C,Fin 3,ENJOYSUMMER2,,06/23/2026,08/11/2026,11:00 am,11:30 am,Tu,Long Bridge Aquatics Center,4-5.99,$80.00/$100.00,2026-05-11T11:35:06+00:00,Unavailable,,
350202045,410406-D,Fin 3,ENJOYSUMMER2,,06/23/2026,08/11/2026,4:35 pm,5:05 pm,Tu,Long Bridge Aquatics Center,4-5.99,$80.00/$100.00,2026-05-11T11:35:06+00:00,Unavailable,,
350202056,410406-E,Fin 3,ENJOYSUMMER2,,06/23/2026,08/11/2026,6:10 pm,6:40 pm,Tu,Long Bridge Aquatics Center,4-5.99,$80.00/$100.00,2026-05-11T11:35:06+00:00,Unavailable,,
350202069,410406-F,Fin 3,ENJOYSUMMER2,,06/24/2026,08/12/2026,4:00 pm,4:30 pm,W,Long Bridge Aquatics Center,4-5.99,$80.00/$100.00,2026-05-11T11:35:06+00:00,Unavailable,,
350202080,410406-G,Fin 3,ENJOYSUMMER2,,06/24/2026,08/12/2026,6:40 pm,7:10 pm,W,Long Bridge Aquatics Center,4-5.99,$80.00/$100.00,2026-05-11T11:35:06+00:00,Unavailable,,
350202091,410406-H,Fin 3,ENJOYSUMMER2,,06/25/2026,08/13/2026,4:35 pm,5:05 pm,Th,Long Bridge Aquatics Center,4-5.99,$80.00/$100.00,2026-05-11T11:35:06+00:00,Unavailable,,
350202102,410406-I,Fin 3,ENJOYSUMMER2,,06/25/2026,08/13/2026,6:10 pm,6:40 pm,Th,Long Bridge Aquatics Center,4-5.99,$80.00/$100.00,2026-05-11T11:35:06+00:00,Unavailable,,
350202113,410406-J,Fin 3,ENJOYSUMMER2,,06/26/2026,08/14/2026 *,5:30 pm,6:00 pm,F,Long Bridge Aquatics Center,4-5.99,$70.00/$90.00,2026-05-11T11:35:06+00:00,Unavailable,,
350202124,410406-K,Fin 3,ENJOYSUMMER2,,06/26/2026,08/14/2026 *,5:40 pm,6:10 pm,F,Long Bridge Aquatics Center,4-5.99,$70.00/$90.00,2026-05-11T11:35:06+00:00,Unavailable,,
350202135,410406-L,Fin 3,ENJOYSUMMER2,,06/27/2026,08/15/2026 *,9:50 am,10:20 am,Sa,Long Bridge Aquatics Center,4-5.99,$70.00/$90.00,2026-05-11T11:35:06+00:00,Unavailable,,
350202146,410406-M,Fin 3,ENJOYSUMMER2,,06/27/2026,08/15/2026 *,11:15 am,11:45 am,Sa,Long Bridge Aquatics Center,4-5.99,$70.00/$90.00,2026-05-11T11:35:06+00:00,Unavailable,,
350202157,410406-N,Fin 3,ENJOYSUMMER2,,06/27/2026,08/15/2026 *,11:55 am,12:25 pm,Sa,Long Bridge Aquatics Center,4-5.99,$70.00/$90.00,2026-05-11T11:35:06+00:00,Unavailable,,
350202168,410406-O,Fin 3,ENJOYSUMMER2,,06/28/2026,08/16/2026 *,9:50 am,10:20 am,Su,Long Bridge Aquatics Center,4-5.99,$70.00/$90.00,2026-05-11T11:35:06+00:00,Unavailable,,
350202180,410406-P,Fin 3,ENJOYSUMMER2,,06/28/2026,08/16/2026 *,10:50 am,11:20 am,Su,Long Bridge Aquatics Center,4-5.99,$70.00/$90.00,2026-05-11T11:35:06+00:00,Unavailable,,
350202191,410406-Q,Fin 3,ENJOYSUMMER2,,06/28/2026,08/16/2026 *,11:55 am,12:25 pm,Su,Long Bridge Aquatics Center,4-5.99,$70.00/$90.00,2026-05-11T11:35:06+00:00,Unavailable,,
350202202,410407-A,Fin 4,ENJOYSUMMER2,,06/22/2026,08/10/2026,4:00 pm,4:30 pm,M,Long Bridge Aquatics Center,4.5-6.99,$80.00/$100.00,2026-05-11T11:35:06+00:00,Unavailable,,
350202213,410407-B,Fin 4,ENJOYSUMMER2,,06/22/2026,08/10/2026,5:20 pm,5:50 pm,M,Long Bridge Aquatics Center,4.5-6.99,$80.00/$100.00,2026-05-11T11:35:06+00:00,Unavailable,,
350202224,410407-C,Fin 4,ENJOYSUMMER2,,06/22/2026,08/10/2026,6:05 pm,6:35 pm,M,Long Bridge Aquatics Center,4.5-6.99,$80.00/$100.00,2026-05-11T11:35:06+00:00,Unavailable,,
350202235,410407-D,Fin 4,ENJOYSUMMER2,,06/23/2026,08/11/2026,5:55 pm,6:25 pm,Tu,Long Bridge Aquatics Center,4.5-6.99,$80.00/$100.00,2026-05-11T11:35:06+00:00,Unavailable,,
350202246,410407-E,Fin 4,ENJOYSUMMER2,,06/23/2026,08/11/2026,7:05 pm,7:35 pm,Tu,Long Bridge Aquatics Center,4.5-6.99,$80.00/$100.00,2026-05-11T11:35:06+00:00,Unavailable,,
350202257,410407-F,Fin 4,ENJOYSUMMER2,,06/24/2026,08/12/2026,4:00 pm,4:30 pm,W,Long Bridge Aquatics Center,4.5-6.99,$80.00/$100.00,2026-05-11T11:35:06+00:00,Unavailable,,
350202268,410407-G,Fin 4,ENJOYSUMMER2,,06/24/2026,08/12/2026,5:20 pm,5:50 pm,W,Long Bridge Aquatics Center,4.5-6.99,$80.00/$100.00,2026-05-11T11:35:06+00:00,Unavailable,,
350202279,410407-H,Fin 4,ENJOYSUMMER2,,06/24/2026,08/12/2026,6:05 pm,6:35 pm,W,Long Bridge Aquatics Center,4.5-6.99,$80.00/$100.00,2026-05-11T11:35:06+00:00,Unavailable,,
350202290,410407-I,Fin 4,ENJOYSUMMER2,,06/25/2026,08/13/2026,5:55 pm,6:25 pm,Th,Long Bridge Aquatics Center,4.5-6.99,$80.00/$100.00,2026-05-11T11:35:06+00:00,Unavailable,,
350202301,410407-J,Fin 4,ENJOYSUMMER2,,06/25/2026,08/13/2026,7:05 pm,7:35 pm,Th,Long Bridge Aquatics Center,4.5-6.99,$80.00/$100.00,2026-05-11T11:35:06+00:00,Unavailable,,
350202312,410407-K,Fin 4,ENJOYSUMMER2,,06/26/2026,08/14/2026 *,4:00 pm,4:30 pm,F,Long Bridge Aquatics Center,4.5-6.99,$70.00/$90.00,2026-05-11T11:35:06+00:00,Unavailable,,
350202323,410407-L,Fin 4,ENJOYSUMMER2,,06/26/2026,08/14/2026 *,6:05 pm,6:35 pm,F,Long Bridge Aquatics Center,4.5-6.99,$70.00/$90.00,2026-05-11T11:35:06+00:00,Unavailable,,
350202334,410407-M,Fin 4,ENJOYSUMMER2,,06/27/2026,08/15/2026 *,9:40 am,10:10 am,Sa,Long Bridge Aquatics Center,4.5-6.99,$70.00/$90.00,2026-05-11T11:35:06+00:00,Unavailable,,
350202347,410407-N,Fin 4,ENJOYSUMMER2,,06/27/2026,08/15/2026 *,11:15 am,11:45 am,Sa,Long Bridge Aquatics Center,4.5-6.99,$70.00/$90.00,2026-05-11T11:35:06+00:00,Unavailable,,
350202361,410407-O,Fin 4,ENJOYSUMMER2,,06/28/2026,08/16/2026 *,11:15 am,11:45 am,Su,Long Bridge Aquatics Center,4.5-6.99,$70.00/$90.00,2026-05-11T11:35:06+00:00,Unavailable,,
350202372,410407-P,Fin 4,ENJOYSUMMER2,,06/28/2026,08/16/2026 *,11:50 am,12:20 pm,Su,Long Bridge Aquatics Center,4.5-6.99,$70.00/$90.00,2026-05-11T11:35:06+00:00,Unavailable,,
350225584,420610-A,First Down Flag Football,ENJOYSUMMER,,06/24/2026,08/26/2026,6:20 pm,7:05 pm,W,Rocky Run Park,5-8.99,$204.00/$224.00,2026-05-11T11:35:16+00:00,Unavailable,,
350225596,420610-B,First Down Flag Football,ENJOYSUMMER,,06/27/2026,08/29/2026 *,1:00 pm,2:00 pm,Sa,Fairlington Center,5-8.99,$213.00/$233.00,2026-05-11T11:35:16+00:00,Unavailable,,
350225607,420610-C,First Down Flag Football,ENJOYSUMMER,,06/28/2026,08/30/2026 *,12:05 pm,1:05 pm,Su,Rocky Run Park,5-7.99,$213.00/$233.00,2026-05-11T11:35:16+00:00,Unavailable,,
350225387,420319-A,Frets & Fun! Beginner Guitar,ENJOYSUMMER,,07/06/2026,08/10/2026,7:30 pm,8:30 pm,M,Long Bridge Aquatics Center,13-99.99,$175.00/$195.00,2026-05-11T11:35:16+00:00,Unavailable,,
350225401,420319-B,Frets & Fun! Beginner Guitar,ENJOYSUMMER,,07/11/2026,08/15/2026,11:00 am,12:00 pm,Sa,Arlington Mill,13-99.99,$175.00/$195.00,2026-05-11T11:35:16+00:00,Unavailable,,
350225562,420609-A,Game Time Hoops,ENJOYSUMMER,,06/24/2026,08/26/2026,6:15 pm,7:15 pm,W,Fairlington Center,7-9.99,$237.00/$257.00,2026-05-11T11:35:16+00:00,Unavailable,,
350225573,420609-B,Game Time Hoops,ENJOYSUMMER,,06/24/2026,08/26/2026,7:20 pm,8:20 pm,W,Fairlington Center,10-13.99,$237.00/$257.00,2026-05-11T11:35:16+00:00,Unavailable,,
350217262,420504-A,Girls 3+ (Age: 7-13),ENJOYSUMMER1,,07/11/2026,08/15/2026,2:45 pm,4:45 pm,Sa,Barcroft Fitness Center,7-13.99,$178.00/$198.00,2026-05-11T11:35:02+00:00,Unavailable,,
350217273,420504-B,Girls 3+ (Age: 7-13),ENJOYSUMMER1,,07/08/2026,08/12/2026 *,5:45 pm,7:45 pm,W,Barcroft Fitness Center,7-13.99,$149.00/$169.00,2026-05-11T11:35:02+00:00,Unavailable,,
350225640,420615-A,Girls Hoops Basketball,ENJOYSUMMER,,06/23/2026,08/25/2026,6:15 pm,7:15 pm,Tu,Fairlington Center,7-9.99,$237.00/$257.00,2026-05-11T11:35:16+00:00,Unavailable,,
350225651,420615-B,Girls Hoops Basketball,ENJOYSUMMER,,06/23/2026,08/25/2026,7:20 pm,8:20 pm,Tu,Fairlington Center,10-13.99,$237.00/$257.00,2026-05-11T11:35:16+00:00,Unavailable,,
350216906,420500-A,Girls Level 1 (Age 5-6),ENJOYSUMMER1,,07/09/2026,08/13/2026,4:15 pm,5:15 pm,Th,Barcroft Fitness Center,5-6.99,$119.00/$139.00,2026-05-11T11:35:02+00:00,Unavailable,,
350216928,420500-B,Girls Level 1 (Age 5-6),ENJOYSUMMER1,,07/10/2026,08/14/2026,4:15 pm,5:15 pm,F,Barcroft Fitness Center,5-6.99,$119.00/$139.00,2026-05-11T11:35:02+00:00,Unavailable,,
350216939,420500-C,Girls Level 1 (Age 5-6),ENJOYSUMMER1,,07/11/2026,08/15/2026,12:15 pm,1:15 pm,Sa,Barcroft Fitness Center,5-6.99,$119.00/$139.00,2026-05-11T11:35:02+00:00,Unavailable,,
350216950,420500-D,Girls Level 1 (Age 5-6),ENJOYSUMMER1,,07/12/2026,08/16/2026,2:15 pm,3:15 pm,Su,Barcroft Fitness Center,5-6.99,$119.00/$139.00,2026-05-11T11:35:02+00:00,Unavailable,,
350216961,420500-E,Girls Level 1 (Age 5-6),ENJOYSUMMER1,,07/12/2026,08/16/2026,3:30 pm,4:30 pm,Su,Barcroft Fitness Center,5-6.99,$119.00/$139.00,2026-05-11T11:35:02+00:00,Unavailable,,
350216972,420500-F,Girls Level 1 (Age 5-6),ENJOYSUMMER1,,07/06/2026,08/10/2026 *,4:15 pm,5:15 pm,M,Barcroft Fitness Center,5-6.99,$99.00/$119.00,2026-05-11T11:35:02+00:00,Unavailable,,
350216994,420500-G,Girls Level 1 (Age 5-6),ENJOYSUMMER1,,07/07/2026,08/11/2026,5:45 pm,6:45 pm,Tu,Barcroft Fitness Center,5-6.99,$99.00/$119.00,2026-05-11T11:35:02+00:00,Unavailable,,
350217005,420500-H,Girls Level 1 (Age 5-6),ENJOYSUMMER1,,07/08/2026,08/12/2026,4:15 pm,5:15 pm,W,Barcroft Fitness Center,5-6.99,$99.00/$119.00,2026-05-11T11:35:02+00:00,Unavailable,,
350217016,420500-I,Girls Level 1 (Age 5-6),ENJOYSUMMER1,,07/08/2026,08/12/2026,5:30 pm,6:30 pm,W,Barcroft Fitness Center,5-6.99,$99.00/$119.00,2026-05-11T11:35:02+00:00,Unavailable,,
350217027,420500-J,Girls Level 1 (Age 7-8),ENJOYSUMMER1,,07/09/2026,08/13/2026,4:15 pm,5:15 pm,Th,Barcroft Fitness Center,7-8.99,$119.00/$139.00,2026-05-11T11:35:02+00:00,Unavailable,,
350217049,420500-K,Girls Level 1 (Age 7-8),ENJOYSUMMER1,,07/11/2026,08/15/2026,1:30 pm,2:30 pm,Sa,Barcroft Fitness Center,7-8.99,$119.00/$139.00,2026-05-11T11:35:02+00:00,Unavailable,,
350217071,420500-L,Girls Level 1 (Age 7-8),ENJOYSUMMER1,,07/06/2026,08/10/2026 *,4:15 pm,5:15 pm,M,Barcroft Fitness Center,7-8.99,$99.00/$119.00,2026-05-11T11:35:02+00:00,Unavailable,,
350217083,420500-M,Girls Level 1 (Age 7-8),ENJOYSUMMER1,,07/06/2026,08/10/2026 *,5:30 pm,6:30 pm,M,Barcroft Fitness Center,7-8.99,$99.00/$119.00,2026-05-11T11:35:02+00:00,Unavailable,,
350217105,420500-N,Girls Level 1 (Age 7-8),ENJOYSUMMER1,,07/08/2026,08/12/2026 *,4:15 pm,5:15 pm,W,Barcroft Fitness Center,7-8.99,$99.00/$119.00,2026-05-11T11:35:02+00:00,Unavailable,,
350217117,420500-O,Girls Level 1 (Age 7-8),ENJOYSUMMER1,,07/08/2026,08/12/2026 *,5:30 pm,6:30 pm,W,Barcroft Fitness Center,7-8.99,$99.00/$119.00,2026-05-11T11:35:02+00:00,Unavailable,,
350217128,420500-P,Girls Level 1 (Age 7-8),ENJOYSUMMER1,,07/08/2026,08/12/2026 *,6:45 pm,7:45 pm,W,Barcroft Fitness Center,7-8.99,$99.00/$119.00,2026-05-11T11:35:02+00:00,Unavailable,,
350217150,420500-Q,Girls Level 1 (Age 9-12),ENJOYSUMMER1,,07/10/2026,08/14/2026,5:30 pm,6:30 pm,F,Barcroft Fitness Center,9-12.99,$119.00/$139.00,2026-05-11T11:35:02+00:00,Unavailable,,
350217162,420500-R,Girls Level 1 (Age 9-12),ENJOYSUMMER1,,07/11/2026,08/15/2026,1:30 pm,2:30 pm,Sa,Barcroft Fitness Center,9-12.99,$119.00/$139.00,2026-05-11T11:35:02+00:00,Unavailable,,
350217174,420500-S,Girls Level 1 (Age 9-12),ENJOYSUMMER1,,07/12/2026,08/16/2026,4:45 pm,5:45 pm,Su,Barcroft Fitness Center,9-12.99,$119.00/$139.00,2026-05-11T11:35:02+00:00,Unavailable,,
364675943,420500-T,Girls Level 1 (Age 9-12),ENJOYSUMMER1,,07/06/2026,08/10/2026 *,4:15 pm,5:15 pm,M,Barcroft Fitness Center,9-12.99,$99.00/$119.00,2026-05-11T11:35:02+00:00,Unavailable,,
350217185,420500-U,Girls Level 1 (Age 9-12),ENJOYSUMMER1,,07/06/2026,08/10/2026 *,5:30 pm,6:30 pm,M,Barcroft Fitness Center,9-12.99,$99.00/$119.00,2026-05-11T11:35:02+00:00,Unavailable,,
350216917,420500-V,Girls Level 1 (Age 9-12),ENJOYSUMMER1,,07/08/2026,08/12/2026 *,6:45 pm,7:45 pm,W,Barcroft Fitness Center,9-12.99,$99.00/$119.00,2026-05-11T11:35:02+00:00,Unavailable,,
350217207,420502-A,Girls Level 2 (Age: 6-8),ENJOYSUMMER1,,07/09/2026,08/13/2026,5:30 pm,7:00 pm,Th,Barcroft Fitness Center,6-8.99,$132.00/$152.00,2026-05-11T11:35:02+00:00,Unavailable,,
350217218,420502-B,Girls Level 2 (Age: 6-8),ENJOYSUMMER1,,07/11/2026,08/15/2026,12:15 pm,1:45 pm,Sa,Barcroft Fitness Center,6-8.99,$132.00/$152.00,2026-05-11T11:35:02+00:00,Unavailable,,
350217240,420502-C,Girls Level 2 (Age: 9-12),ENJOYSUMMER1,,07/10/2026,08/14/2026,5:30 pm,7:00 pm,F,Barcroft Fitness Center,9-12.99,$132.00/$152.00,2026-05-11T11:35:02+00:00,Unavailable,,
350217251,420502-D,Girls Level 2 (Age: 9-12),ENJOYSUMMER1,,07/07/2026,08/11/2026 *,5:45 pm,7:15 pm,Tu,Barcroft Fitness Center,9-12.99,$110.00/$130.00,2026-05-11T11:35:02+00:00,Unavailable,,
350224725,410617-A,Grand Slam T-ball,ENJOYSUMMER,,06/24/2026,08/26/2026,5:30 pm,6:15 pm,W,Rocky Run Park,4-6.99,$204.00/$224.00,2026-05-11T11:35:16+00:00,Unavailable,,
350224738,410617-B,Grand Slam T-ball,ENJOYSUMMER,,06/27/2026,08/29/2026 *,10:00 am,10:45 am,Sa,Barrett Elem. School,4-6.99,$183.00/$203.00,2026-05-11T11:35:16+00:00,Unavailable,,
350224749,410617-C,Grand Slam T-ball,ENJOYSUMMER,,06/28/2026,08/30/2026 *,11:00 am,11:45 am,Su,Barrett Elem. School,4-6.99,$183.00/$203.00,2026-05-11T11:35:16+00:00,Unavailable,,
350224760,410618-A,Grand Slam T-ball & Me,ENJOYSUMMER,,06/27/2026,08/29/2026 *,9:00 am,9:45 am,Sa,Barrett Elem. School,2-3.99,$183.00/$203.00,2026-05-11T11:35:16+00:00,Unavailable,,
350224771,410618-B,Grand Slam T-ball & Me,ENJOYSUMMER,,06/28/2026,08/30/2026 *,10:00 am,10:45 am,Su,Barrett Elem. School,2-3.99,$183.00/$203.00,2026-05-11T11:35:16+00:00,Unavailable,,
350216707,410505-A,Gymnasticats (Age: 4),ENJOYSUMMER1,,07/09/2026,08/13/2026,1:00 pm,1:45 pm,Th,Barcroft Fitness Center,4-4.99,$83.00/$103.00,2026-05-11T11:35:02+00:00,Unavailable,,
350216718,410505-B,Gymnasticats (Age: 4),ENJOYSUMMER1,,07/09/2026,08/13/2026,3:00 pm,3:45 pm,Th,Barcroft Fitness Center,4-4.99,$83.00/$103.00,2026-05-11T11:35:02+00:00,Unavailable,,
350216729,410505-C,Gymnasticats (Age: 4),ENJOYSUMMER1,,07/10/2026,08/14/2026,11:30 am,12:15 pm,F,Barcroft Fitness Center,4-4.99,$83.00/$103.00,2026-05-11T11:35:02+00:00,Unavailable,,
350216740,410505-D,Gymnasticats (Age: 4),ENJOYSUMMER1,,07/10/2026,08/14/2026,2:00 pm,2:45 pm,F,Barcroft Fitness Center,4-4.99,$83.00/$103.00,2026-05-11T11:35:02+00:00,Unavailable,,
350216751,410505-E,Gymnasticats (Age: 4),ENJOYSUMMER1,,07/11/2026,08/15/2026,9:30 am,10:15 am,Sa,Barcroft Fitness Center,4-4.99,$83.00/$103.00,2026-05-11T11:35:02+00:00,Unavailable,,
350216762,410505-F,Gymnasticats (Age: 4),ENJOYSUMMER1,,07/11/2026,08/15/2026,10:30 am,11:15 am,Sa,Barcroft Fitness Center,4-4.99,$83.00/$103.00,2026-05-11T11:35:02+00:00,Unavailable,,
350216773,410505-G,Gymnasticats (Age: 4),ENJOYSUMMER1,,07/12/2026,08/16/2026,1:00 pm,1:45 pm,Su,Barcroft Fitness Center,4-4.99,$83.00/$103.00,2026-05-11T11:35:02+00:00,Unavailable,,
350216784,410505-H,Gymnasticats (Age: 4),ENJOYSUMMER1,,07/06/2026,08/10/2026 *,11:30 am,12:15 pm,M,Barcroft Fitness Center,4-4.99,$69.00/$89.00,2026-05-11T11:35:02+00:00,Unavailable,,
350216795,410505-I,Gymnasticats (Age: 4),ENJOYSUMMER1,,07/06/2026,08/10/2026 *,2:00 pm,2:45 pm,M,Barcroft Fitness Center,4-4.99,$69.00/$89.00,2026-05-11T11:35:02+00:00,Unavailable,,
350216806,410505-J,Gymnasticats (Age: 4),ENJOYSUMMER1,,07/07/2026,08/11/2026 *,1:00 pm,1:45 pm,Tu,Barcroft Fitness Center,4-4.99,$69.00/$89.00,2026-05-11T11:35:02+00:00,Unavailable,,
350216817,410505-K,Gymnasticats (Age: 4),ENJOYSUMMER1,,07/07/2026,08/11/2026 *,3:00 pm,3:45 pm,Tu,Barcroft Fitness Center,4-4.99,$69.00/$89.00,2026-05-11T11:35:02+00:00,Unavailable,,
350216828,410505-L,Gymnasticats (Age: 4),ENJOYSUMMER1,,07/08/2026,08/12/2026 *,11:30 am,12:15 pm,W,Barcroft Fitness Center,4-4.99,$69.00/$89.00,2026-05-11T11:35:02+00:00,Unavailable,,
350216839,410505-M,Gymnasticats (Age: 4),ENJOYSUMMER1,,07/08/2026,08/12/2026 *,2:00 pm,2:45 pm,W,Barcroft Fitness Center,4-4.99,$69.00/$89.00,2026-05-11T11:35:02+00:00,Unavailable,,
350216850,410505-N,Gymnasticats (Age: 4),ENJOYSUMMER1,,07/08/2026,08/12/2026 *,3:00 pm,3:45 pm,W,Barcroft Fitness Center,4-4.99,$69.00/$89.00,2026-05-11T11:35:02+00:00,Unavailable,,
364678079,440502-A,Gymnastics:  Adult Intermediate,ENJOYSUMMER1,,07/09/2026,08/13/2026,7:15 pm,8:45 pm,Th,Barcroft Fitness Center,18-99.99,$132.00/$152.00,2026-05-11T11:35:02+00:00,Unavailable,,
350732033,440502-B,Gymnastics:  Adult Intermediate,ENJOYSUMMER1,,07/08/2026,08/12/2026 *,7:15 pm,8:45 pm,W,Barcroft Fitness Center,18-99.99,$110.00/$130.00,2026-05-11T11:35:02+00:00,Unavailable,,
350740938,440503-A,Gymnastics:  Open Gym:  Adults,ENJOYSUMMER1,,08/19/2026,08/19/2026,6:30 pm,8:30 pm,W,Barcroft Fitness Center,18-99.99,$30.00/$35.00,2026-05-11T11:35:02+00:00,Unavailable,,
350741533,440503-B,Gymnastics:  Open Gym:  Adults,ENJOYSUMMER1,,08/20/2026,08/20/2026,6:30 pm,8:30 pm,Th,Barcroft Fitness Center,18-99.99,$30.00/$35.00,2026-05-11T11:35:02+00:00,Unavailable,,
350741599,440503-C,Gymnastics:  Open Gym:  Adults,ENJOYSUMMER1,,08/22/2026,08/22/2026,12:30 pm,2:30 pm,Sa,Barcroft Fitness Center,18-99.99,$30.00/$35.00,2026-05-11T11:35:02+00:00,Unavailable,,
350740400,420523-A,Gymnastics:  Open Gym: Kids & Teens,ENJOYSUMMER1,,08/18/2026,08/18/2026,6:00 pm,7:30 pm,Tu,Barcroft Fitness Center,7-17.99,$22.00/$25.00,2026-05-11T11:35:02+00:00,Unavailable,,
350216895,410520-A,Gymnastics: Adapted Parent/Tot,ENJOYSUMMER1,,07/12/2026,08/16/2026,9:30 am,10:15 am,Su,Barcroft Fitness Center,3-5.99,$83.00/$103.00,2026-05-11T11:35:02+00:00,Unavailable,,
350217415,430503-A,Gymnastics: Adapted Teen/Adult (Age 13-Adult),ENJOYSUMMER1,,07/12/2026,08/16/2026,10:30 am,11:30 am,Su,Barcroft Fitness Center,13-99.99,$119.00/$139.00,2026-05-11T11:35:02+00:00,Unavailable,,
350739304,410525-A,Gymnastics: Open Gym:  Preschool,ENJOYSUMMER1,,08/22/2026,08/22/2026,10:00 am,11:00 am,Sa,Barcroft Fitness Center,1.5-6.99,$20.00/$23.00,2026-05-11T11:35:02+00:00,Unavailable,,
350224951,420212-A,Hip Hop,ENJOYSUMMER,,07/12/2026,08/09/2026,11:30 am,12:15 pm,Su,Long Bridge Aquatics Center,8-11.99,$120.00/$140.00,2026-05-11T11:35:16+00:00,Unavailable,,
350224929,420200-A,Hip Hop & Jazz,ENJOYSUMMER,,07/13/2026,08/10/2026,6:00 pm,6:45 pm,M,Fairlington Center,6-8.99,$120.00/$140.00,2026-05-11T11:35:16+00:00,Unavailable,,
350224940,420200-B,Hip Hop & Jazz,ENJOYSUMMER,,07/14/2026,08/11/2026,4:15 pm,5:00 pm,Tu,Lubber Run,6-8.99,$120.00/$140.00,2026-05-11T11:35:16+00:00,Unavailable,,
350225674,440112-A,Intro to Sewing,ENJOYSUMMER,,06/28/2026,08/09/2026 *,1:30 pm,3:30 pm,Su,Arlington Mill,18-99.99,$191.00/$211.00,2026-05-11T11:35:16+00:00,Unavailable,,
350225688,440112-B,Intro to Sewing,ENJOYSUMMER,,06/28/2026,08/09/2026 *,4:00 pm,6:00 pm,Su,Arlington Mill,18-99.99,$191.00/$211.00,2026-05-11T11:35:16+00:00,Unavailable,,
350225786,440180-A,Intro to Woodshop,ENJOYSUMMER,,06/23/2026,07/14/2026,6:00 pm,8:30 pm,Tu,Thomas Jefferson Center,18-99.99,$267.00/$287.00,2026-05-11T11:35:16+00:00,Unavailable,,
350225229,420310-A,Introduction to Olympic Fencing,ENJOYSUMMER,,06/22/2026,07/15/2026 *,5:00 pm,6:00 pm,"M, W",NOVA Fencing and Archery Club,7-12.99,$132.00/$152.00,2026-05-11T11:35:16+00:00,Unavailable,,
350225240,420310-B,Introduction to Olympic Fencing,ENJOYSUMMER,,06/22/2026,07/15/2026 *,6:00 pm,7:00 pm,"M, W",NOVA Fencing and Archery Club,7-12.99,$132.00/$152.00,2026-05-11T11:35:16+00:00,Unavailable,,
350225251,420310-C,Introduction to Olympic Fencing,ENJOYSUMMER,,06/23/2026,07/16/2026 *,6:00 pm,7:00 pm,"Tu, Th",NOVA Fencing and Archery Club,7-12.99,$132.00/$152.00,2026-05-11T11:35:16+00:00,Unavailable,,
350225262,420310-D,Introduction to Olympic Fencing,ENJOYSUMMER,,07/20/2026,08/12/2026,5:00 pm,6:00 pm,"M, W",NOVA Fencing and Archery Club,7-12.99,$176.00/$196.00,2026-05-11T11:35:16+00:00,Unavailable,,
350225273,420310-E,Introduction to Olympic Fencing,ENJOYSUMMER,,07/20/2026,08/12/2026,6:00 pm,7:00 pm,"M, W",NOVA Fencing and Archery Club,7-12.99,$176.00/$196.00,2026-05-11T11:35:16+00:00,Unavailable,,
350225285,420310-F,Introduction to Olympic Fencing,ENJOYSUMMER,,07/21/2026,08/13/2026,6:00 pm,7:00 pm,"Tu, Th",NOVA Fencing and Archery Club,7-12.99,$176.00/$196.00,2026-05-11T11:35:16+00:00,Unavailable,,
350225296,420310-G,Introduction to Olympic Fencing,ENJOYSUMMER,,06/23/2026,07/16/2026 *,7:00 pm,8:00 pm,"Tu, Th",NOVA Fencing and Archery Club,13-99.99,$132.00/$152.00,2026-05-11T11:35:16+00:00,Unavailable,,
350225307,420310-H,Introduction to Olympic Fencing,ENJOYSUMMER,,07/21/2026,08/13/2026,7:00 pm,8:00 pm,"Tu, Th",NOVA Fencing and Archery Club,13-99.99,$176.00/$196.00,2026-05-11T11:35:16+00:00,Unavailable,,
350225207,420309-A,Judo Advanced Workout,ENJOYSUMMER,,06/22/2026,08/24/2026,7:00 pm,8:00 pm,M,Dawson Terrace,5-13.99,$100.00/$120.00,2026-05-11T11:35:16+00:00,Unavailable,,
350225218,420309-B,Judo Advanced Workout,ENJOYSUMMER,,06/22/2026,08/24/2026,8:10 pm,9:10 pm,M,Dawson Terrace,13-99.99,$100.00/$120.00,2026-05-11T11:35:16+00:00,Unavailable,,
350216861,410506-A,Junior Gymnast (Age: 5),ENJOYSUMMER1,,07/07/2026,08/11/2026 *,3:00 pm,3:45 pm,Tu,Barcroft Fitness Center,5-5.99,$69.00/$89.00,2026-05-11T11:35:02+00:00,Unavailable,,
350216872,410506-B,Junior Gymnast (Age: 5),ENJOYSUMMER1,,07/08/2026,08/12/2026 *,3:00 pm,3:45 pm,W,Barcroft Fitness Center,5-5.99,$69.00/$89.00,2026-05-11T11:35:02+00:00,Unavailable,,
350216884,410506-C,Junior Gymnast (Age: 5),ENJOYSUMMER1,,07/09/2026,08/13/2026,3:00 pm,3:45 pm,Th,Barcroft Fitness Center,5-5.99,$69.00/$89.00,2026-05-11T11:35:02+00:00,Unavailable,,
350225119,420307-A,Junior Judo,ENJOYSUMMER,,06/23/2026,08/27/2026,7:10 pm,8:10 pm,"Tu, Th",Dawson Terrace,5-14.99,$200.00/$220.00,2026-05-11T11:35:16+00:00,Unavailable,,
350225130,420307-B,Junior Judo,ENJOYSUMMER,,06/23/2026,08/27/2026,6:00 pm,7:00 pm,"Tu, Th",Dawson Terrace,5-14.99,$200.00/$220.00,2026-05-11T11:35:16+00:00,Unavailable,,
350225415,420320-A,Keys to Fun! Beginner Piano,ENJOYSUMMER,,07/06/2026,08/10/2026,5:00 pm,6:00 pm,M,Long Bridge Aquatics Center,5-12.99,$175.00/$195.00,2026-05-11T11:35:16+00:00,Unavailable,,
350225429,420320-B,Keys to Fun! Beginner Piano,ENJOYSUMMER,,07/11/2026,08/15/2026,9:45 am,10:45 am,Sa,Arlington Mill,5-12.99,$175.00/$195.00,2026-05-11T11:35:16+00:00,Unavailable,,
350225443,420320-C,Keys to Fun! Beginner Piano,ENJOYSUMMER,,07/12/2026,08/16/2026,6:00 pm,7:00 pm,Su,Arlington Mill,13-99.99,$175.00/$195.00,2026-05-11T11:35:16+00:00,Unavailable,,
350224533,410612-A,Kicks for Tots Soccer,ENJOYSUMMER,,06/27/2026,08/22/2026 *,12:15 pm,12:55 pm,Sa,Mosaic Park,2-3.99,$170.00/$190.00,2026-05-11T11:35:16+00:00,Unavailable,,
350224544,410612-B,Kicks for Tots Soccer,ENJOYSUMMER,,06/27/2026,08/22/2026 *,1:00 pm,1:45 pm,Sa,Mosaic Park,3-6.99,$170.00/$190.00,2026-05-11T11:35:16+00:00,Unavailable,,
350224555,410612-C,Kicks for Tots Soccer,ENJOYSUMMER,,06/27/2026,08/22/2026 *,8:00 am,8:40 am,Sa,Rocky Run Park,2-3.99,$170.00/$190.00,2026-05-11T11:35:16+00:00,Unavailable,,
350224566,410612-D,Kicks for Tots Soccer,ENJOYSUMMER,,06/27/2026,08/22/2026 *,10:00 am,10:40 am,Sa,Rocky Run Park,2-3.99,$170.00/$190.00,2026-05-11T11:35:16+00:00,Unavailable,,
350224577,410612-E,Kicks for Tots Soccer,ENJOYSUMMER,,06/27/2026,08/22/2026 *,9:00 am,9:45 am,Sa,Rocky Run Park,3-6.99,$170.00/$190.00,2026-05-11T11:35:16+00:00,Unavailable,,
350224588,410612-F,Kicks for Tots Soccer,ENJOYSUMMER,,06/27/2026,08/22/2026 *,11:00 am,11:45 am,Sa,Rocky Run Park,3-6.99,$170.00/$190.00,2026-05-11T11:35:16+00:00,Unavailable,,
350224599,410612-G,Kicks for Tots Soccer,ENJOYSUMMER,,06/28/2026,08/23/2026 *,12:15 pm,12:55 pm,Su,Barrett Elem. School,2-3.99,$170.00/$190.00,2026-05-11T11:35:16+00:00,Unavailable,,
350224612,410612-H,Kicks for Tots Soccer,ENJOYSUMMER,,06/28/2026,08/23/2026 *,1:05 pm,1:50 pm,Su,Barrett Elem. School,3-6.99,$170.00/$190.00,2026-05-11T11:35:16+00:00,Unavailable,,
350224623,410612-I,Kicks for Tots Soccer,ENJOYSUMMER,,06/28/2026,08/23/2026 *,3:00 pm,3:40 pm,Su,Lacey Woods Park,2-3.99,$170.00/$190.00,2026-05-11T11:35:16+00:00,Unavailable,,
350224634,410612-J,Kicks for Tots Soccer,ENJOYSUMMER,,06/28/2026,08/23/2026 *,4:00 pm,4:45 pm,Su,Lacey Woods Park,3-6.99,$170.00/$190.00,2026-05-11T11:35:16+00:00,Unavailable,,
350224645,410612-K,Kicks for Tots Soccer,ENJOYSUMMER,,06/28/2026,08/23/2026 *,5:00 pm,5:50 pm,Su,Lacey Woods Park,5-8.99,$170.00/$190.00,2026-05-11T11:35:16+00:00,Unavailable,,
350225496,420331-A,LEGO STEAM Park,ENJOYSUMMER,,07/11/2026,08/15/2026,9:30 am,10:15 am,Sa,Long Bridge Aquatics Center,3-5.99,$155.00/$175.00,2026-05-11T11:35:16+00:00,Unavailable,,
350225507,420331-B,LEGO STEAM Park,ENJOYSUMMER,,07/11/2026,08/15/2026,10:30 am,11:15 am,Sa,Long Bridge Aquatics Center,3-5.99,$155.00/$175.00,2026-05-11T11:35:16+00:00,Unavailable,,
350225518,420341-A,Lego Spike Amazing Amusement Park,ENJOYSUMMER,,07/11/2026,08/15/2026,3:00 pm,4:00 pm,Sa,Long Bridge Aquatics Center,5-7.99,$155.00/$175.00,2026-05-11T11:35:16+00:00,Unavailable,,
350225529,420342-A,Lego Spike Essential Robotics Happy Traveler,ENJOYSUMMER,,07/11/2026,08/15/2026,4:30 pm,5:30 pm,Sa,Long Bridge Aquatics Center,7-11.99,$155.00/$175.00,2026-05-11T11:35:16+00:00,Unavailable,,
350225086,420301-A,Lego WeDo 2.0: Aquatic Robots,ENJOYSUMMER,,07/08/2026,08/12/2026,5:00 pm,6:00 pm,W,Long Bridge Aquatics Center,5-11.99,$155.00/$175.00,2026-05-11T11:35:16+00:00,Unavailable,,
350224962,420214-A,Let's Dance,ENJOYSUMMER,,07/15/2026,08/12/2026,4:00 pm,4:45 pm,W,Lubber Run,5-9.99,$120.00/$140.00,2026-05-11T11:35:16+00:00,Unavailable,,
350224044,410207-A,Let's Play Ballet,ENJOYSUMMER,,07/11/2026,08/08/2026,10:00 am,10:30 am,Sa,Barcroft Fitness Center,2-3.99,$100.00/$120.00,2026-05-11T11:35:16+00:00,Unavailable,,
350224055,410207-B,Let's Play Ballet,ENJOYSUMMER,,07/16/2026,08/13/2026,5:15 pm,5:45 pm,Th,Barcroft Fitness Center,2-3.99,$100.00/$120.00,2026-05-11T11:35:16+00:00,Unavailable,,
350224066,410207-C,Let's Play Ballet,ENJOYSUMMER,,07/11/2026,08/08/2026,10:30 am,11:00 am,Sa,Lubber Run,2-3.99,$100.00/$120.00,2026-05-11T11:35:16+00:00,Unavailable,,
350224077,410207-D,Let's Play Ballet,ENJOYSUMMER,,07/17/2026,08/14/2026,10:00 am,10:30 am,F,Walter Reed Center,2-3.99,$100.00/$120.00,2026-05-11T11:35:16+00:00,Unavailable,,
350202406,420400-A,Level 1: Youth Swim,ENJOYSUMMER2,,06/22/2026,08/10/2026,4:35 pm,5:15 pm,M,Long Bridge Aquatics Center,6-12.99,$96.00/$116.00,2026-05-11T11:35:06+00:00,Unavailable,,
350202417,420400-B,Level 1: Youth Swim,ENJOYSUMMER2,,06/22/2026,08/10/2026,6:10 pm,6:50 pm,M,Long Bridge Aquatics Center,6-12.99,$96.00/$116.00,2026-05-11T11:35:06+00:00,Unavailable,,
350202429,420400-C,Level 1: Youth Swim,ENJOYSUMMER2,,06/22/2026,08/10/2026,7:20 pm,8:00 pm,M,Long Bridge Aquatics Center,6-12.99,$96.00/$116.00,2026-05-11T11:35:06+00:00,Unavailable,,
350202440,420400-D,Level 1: Youth Swim,ENJOYSUMMER2,,06/23/2026,08/11/2026,5:35 pm,6:15 pm,Tu,Long Bridge Aquatics Center,6-12.99,$96.00/$116.00,2026-05-11T11:35:06+00:00,Unavailable,,
350202451,420400-E,Level 1: Youth Swim,ENJOYSUMMER2,,06/23/2026,08/11/2026,6:45 pm,7:25 pm,Tu,Long Bridge Aquatics Center,6-12.99,$96.00/$116.00,2026-05-11T11:35:06+00:00,Unavailable,,
350202462,420400-F,Level 1: Youth Swim,ENJOYSUMMER2,,06/24/2026,08/12/2026,4:35 pm,5:15 pm,W,Long Bridge Aquatics Center,6-12.99,$96.00/$116.00,2026-05-11T11:35:06+00:00,Unavailable,,
350202473,420400-G,Level 1: Youth Swim,ENJOYSUMMER2,,06/24/2026,08/12/2026,6:10 pm,6:50 pm,W,Long Bridge Aquatics Center,6-12.99,$96.00/$116.00,2026-05-11T11:35:06+00:00,Unavailable,,
350202484,420400-H,Level 1: Youth Swim,ENJOYSUMMER2,,06/24/2026,08/12/2026,7:20 pm,8:00 pm,W,Long Bridge Aquatics Center,6-12.99,$96.00/$116.00,2026-05-11T11:35:06+00:00,Unavailable,,
350202495,420400-I,Level 1: Youth Swim,ENJOYSUMMER2,,06/25/2026,08/13/2026,5:35 pm,6:15 pm,Th,Long Bridge Aquatics Center,6-12.99,$96.00/$116.00,2026-05-11T11:35:06+00:00,Unavailable,,
350202506,420400-J,Level 1: Youth Swim,ENJOYSUMMER2,,06/25/2026,08/13/2026,6:45 pm,7:25 pm,Th,Long Bridge Aquatics Center,6-12.99,$96.00/$116.00,2026-05-11T11:35:06+00:00,Unavailable,,
350202517,420400-K,Level 1: Youth Swim,ENJOYSUMMER2,,06/26/2026,08/14/2026 *,4:00 pm,4:40 pm,F,Long Bridge Aquatics Center,6-12.99,$84.00/$104.00,2026-05-11T11:35:06+00:00,Unavailable,,
350202528,420400-L,Level 1: Youth Swim,ENJOYSUMMER2,,06/26/2026,08/14/2026 *,6:10 pm,6:50 pm,F,Long Bridge Aquatics Center,6-12.99,$84.00/$104.00,2026-05-11T11:35:06+00:00,Unavailable,,
350202539,420400-M,Level 1: Youth Swim,ENJOYSUMMER2,,06/27/2026,08/15/2026 *,9:05 am,9:45 am,Sa,Long Bridge Aquatics Center,6-12.99,$84.00/$104.00,2026-05-11T11:35:06+00:00,Unavailable,,
350202551,420400-N,Level 1: Youth Swim,ENJOYSUMMER2,,06/27/2026,08/15/2026 *,10:30 am,11:10 am,Sa,Long Bridge Aquatics Center,6-12.99,$84.00/$104.00,2026-05-11T11:35:06+00:00,Unavailable,,
350202562,420400-O,Level 1: Youth Swim,ENJOYSUMMER2,,06/27/2026,08/15/2026 *,11:15 am,11:55 am,Sa,Long Bridge Aquatics Center,6-12.99,$84.00/$104.00,2026-05-11T11:35:06+00:00,Unavailable,,
350202573,420400-P,Level 1: Youth Swim,ENJOYSUMMER2,,06/28/2026,08/16/2026 *,9:05 am,9:45 am,Su,Long Bridge Aquatics Center,6-12.99,$84.00/$104.00,2026-05-11T11:35:06+00:00,Unavailable,,
350202584,420400-Q,Level 1: Youth Swim,ENJOYSUMMER2,,06/28/2026,08/16/2026 *,10:00 am,10:40 am,Su,Long Bridge Aquatics Center,6-12.99,$84.00/$104.00,2026-05-11T11:35:06+00:00,Unavailable,,
350202595,420400-R,Level 1: Youth Swim,ENJOYSUMMER2,,06/28/2026,08/16/2026 *,11:25 am,12:05 pm,Su,Long Bridge Aquatics Center,6-12.99,$84.00/$104.00,2026-05-11T11:35:06+00:00,Unavailable,,
350202607,420401-A,Level 2: Youth Swim,ENJOYSUMMER2,,06/22/2026,08/10/2026,5:20 pm,6:00 pm,M,Long Bridge Aquatics Center,6-12.99,$96.00/$116.00,2026-05-11T11:35:06+00:00,Unavailable,,
350202618,420401-B,Level 2: Youth Swim,ENJOYSUMMER2,,06/22/2026,08/10/2026,6:35 pm,7:15 pm,M,Long Bridge Aquatics Center,6-12.99,$96.00/$116.00,2026-05-11T11:35:06+00:00,Unavailable,,
350202631,420401-C,Level 2: Youth Swim,ENJOYSUMMER2,,06/22/2026,08/10/2026,6:55 pm,7:35 pm,M,Long Bridge Aquatics Center,6-12.99,$96.00/$116.00,2026-05-11T11:35:06+00:00,Unavailable,,
350202642,420401-D,Level 2: Youth Swim,ENJOYSUMMER2,,06/23/2026,08/11/2026,4:45 pm,5:25 pm,Tu,Long Bridge Aquatics Center,6-12.99,$96.00/$116.00,2026-05-11T11:35:06+00:00,Unavailable,,
350202654,420401-E,Level 2: Youth Swim,ENJOYSUMMER2,,06/23/2026,08/11/2026,6:15 pm,6:55 pm,Tu,Long Bridge Aquatics Center,6-12.99,$96.00/$116.00,2026-05-11T11:35:06+00:00,Unavailable,,
350202665,420401-F,Level 2: Youth Swim,ENJOYSUMMER2,,06/23/2026,08/11/2026,7:30 pm,8:10 pm,Tu,Long Bridge Aquatics Center,6-12.99,$96.00/$116.00,2026-05-11T11:35:06+00:00,Unavailable,,
350202676,420401-G,Level 2: Youth Swim,ENJOYSUMMER2,,06/24/2026,08/12/2026,5:20 pm,6:00 pm,W,Long Bridge Aquatics Center,6-12.99,$96.00/$116.00,2026-05-11T11:35:06+00:00,Unavailable,,
350202687,420401-H,Level 2: Youth Swim,ENJOYSUMMER2,,06/24/2026,08/12/2026,6:35 pm,7:15 pm,W,Long Bridge Aquatics Center,6-12.99,$96.00/$116.00,2026-05-11T11:35:06+00:00,Unavailable,,
350202698,420401-I,Level 2: Youth Swim,ENJOYSUMMER2,,06/24/2026,08/12/2026,6:55 pm,7:35 pm,W,Long Bridge Aquatics Center,6-12.99,$96.00/$116.00,2026-05-11T11:35:06+00:00,Unavailable,,
350202709,420401-J,Level 2: Youth Swim,ENJOYSUMMER2,,06/25/2026,08/13/2026,4:45 pm,5:25 pm,Th,Long Bridge Aquatics Center,6-12.99,$96.00/$116.00,2026-05-11T11:35:06+00:00,Unavailable,,
350202720,420401-K,Level 2: Youth Swim,ENJOYSUMMER2,,06/25/2026,08/13/2026,6:15 pm,6:55 pm,Th,Long Bridge Aquatics Center,6-12.99,$96.00/$116.00,2026-05-11T11:35:06+00:00,Unavailable,,
350202731,420401-L,Level 2: Youth Swim,ENJOYSUMMER2,,06/25/2026,08/13/2026,7:30 pm,8:10 pm,Th,Long Bridge Aquatics Center,6-12.99,$96.00/$116.00,2026-05-11T11:35:06+00:00,Unavailable,,
350202742,420401-M,Level 2: Youth Swim,ENJOYSUMMER2,,06/26/2026,08/14/2026 *,4:45 pm,5:25 pm,F,Long Bridge Aquatics Center,6-12.99,$84.00/$104.00,2026-05-11T11:35:06+00:00,Unavailable,,
350202753,420401-N,Level 2: Youth Swim,ENJOYSUMMER2,,06/26/2026,08/14/2026 *,6:55 pm,7:35 pm,F,Long Bridge Aquatics Center,6-12.99,$84.00/$104.00,2026-05-11T11:35:06+00:00,Unavailable,,
350202764,420401-O,Level 2: Youth Swim,ENJOYSUMMER2,,06/27/2026,08/15/2026 *,9:15 am,9:55 am,Sa,Long Bridge Aquatics Center,6-12.99,$84.00/$104.00,2026-05-11T11:35:06+00:00,Unavailable,,
350202775,420401-P,Level 2: Youth Swim,ENJOYSUMMER2,,06/27/2026,08/15/2026 *,10:25 am,11:05 am,Sa,Long Bridge Aquatics Center,6-12.99,$84.00/$104.00,2026-05-11T11:35:06+00:00,Unavailable,,
350202786,420401-Q,Level 2: Youth Swim,ENJOYSUMMER2,,06/27/2026,08/15/2026 *,10:50 am,11:30 am,Sa,Long Bridge Aquatics Center,6-12.99,$84.00/$104.00,2026-05-11T11:35:06+00:00,Unavailable,,
350202797,420401-R,Level 2: Youth Swim,ENJOYSUMMER2,,06/28/2026,08/16/2026 *,9:05 am,9:45 am,Su,Long Bridge Aquatics Center,6-12.99,$84.00/$104.00,2026-05-11T11:35:06+00:00,Unavailable,,
350202808,420401-S,Level 2: Youth Swim,ENJOYSUMMER2,,06/28/2026,08/16/2026 *,10:25 am,11:05 am,Su,Long Bridge Aquatics Center,6-12.99,$84.00/$104.00,2026-05-11T11:35:06+00:00,Unavailable,,
350202819,420401-T,Level 2: Youth Swim,ENJOYSUMMER2,,06/28/2026,08/16/2026 *,11:10 am,11:50 am,Su,Long Bridge Aquatics Center,6-12.99,$84.00/$104.00,2026-05-11T11:35:06+00:00,Unavailable,,
350202830,420402-A,Level 3: Youth Swim,ENJOYSUMMER2,,06/22/2026,08/10/2026,4:35 pm,5:15 pm,M,Long Bridge Aquatics Center,6-12.99,$96.00/$116.00,2026-05-11T11:35:06+00:00,Unavailable,,
350202841,420402-B,Level 3: Youth Swim,ENJOYSUMMER2,,06/22/2026,08/10/2026,5:55 pm,6:35 pm,M,Long Bridge Aquatics Center,6-12.99,$96.00/$116.00,2026-05-11T11:35:06+00:00,Unavailable,,
350202852,420402-C,Level 3: Youth Swim,ENJOYSUMMER2,,06/22/2026,08/10/2026,7:25 pm,8:05 pm,M,Long Bridge Aquatics Center,6-12.99,$96.00/$116.00,2026-05-11T11:35:06+00:00,Unavailable,,
350202863,420402-D,Level 3: Youth Swim,ENJOYSUMMER2,,06/23/2026,08/11/2026,4:00 pm,4:40 pm,Tu,Long Bridge Aquatics Center,6-12.99,$96.00/$116.00,2026-05-11T11:35:06+00:00,Unavailable,,
350202874,420402-E,Level 3: Youth Swim,ENJOYSUMMER2,,06/23/2026,08/11/2026,5:10 pm,5:50 pm,Tu,Long Bridge Aquatics Center,6-12.99,$96.00/$116.00,2026-05-11T11:35:06+00:00,Unavailable,,
350202885,420402-F,Level 3: Youth Swim,ENJOYSUMMER2,,06/23/2026,08/11/2026,5:30 pm,6:10 pm,Tu,Long Bridge Aquatics Center,6-12.99,$96.00/$116.00,2026-05-11T11:35:06+00:00,Unavailable,,
350202896,420402-G,Level 3: Youth Swim,ENJOYSUMMER2,,06/23/2026,08/11/2026,7:00 pm,7:40 pm,Tu,Long Bridge Aquatics Center,6-12.99,$96.00/$116.00,2026-05-11T11:35:06+00:00,Unavailable,,
350202908,420402-H,Level 3: Youth Swim,ENJOYSUMMER2,,06/24/2026,08/12/2026,4:35 pm,5:15 pm,W,Long Bridge Aquatics Center,6-12.99,$96.00/$116.00,2026-05-11T11:35:06+00:00,Unavailable,,
350202919,420402-I,Level 3: Youth Swim,ENJOYSUMMER2,,06/24/2026,08/12/2026,5:55 pm,6:35 pm,W,Long Bridge Aquatics Center,6-12.99,$96.00/$116.00,2026-05-11T11:35:06+00:00,Unavailable,,
350202930,420402-J,Level 3: Youth Swim,ENJOYSUMMER2,,06/24/2026,08/12/2026,7:25 pm,8:05 pm,W,Long Bridge Aquatics Center,6-12.99,$96.00/$116.00,2026-05-11T11:35:06+00:00,Unavailable,,
350202941,420402-K,Level 3: Youth Swim,ENJOYSUMMER2,,06/25/2026,08/13/2026,4:00 pm,4:40 pm,Th,Long Bridge Aquatics Center,6-12.99,$96.00/$116.00,2026-05-11T11:35:06+00:00,Unavailable,,
350202952,420402-L,Level 3: Youth Swim,ENJOYSUMMER2,,06/25/2026,08/13/2026,5:10 pm,5:50 pm,Th,Long Bridge Aquatics Center,6-12.99,$96.00/$116.00,2026-05-11T11:35:06+00:00,Unavailable,,
350202963,420402-M,Level 3: Youth Swim,ENJOYSUMMER2,,06/25/2026,08/13/2026,5:30 pm,6:10 pm,Th,Long Bridge Aquatics Center,6-12.99,$96.00/$116.00,2026-05-11T11:35:06+00:00,Unavailable,,
350202974,420402-N,Level 3: Youth Swim,ENJOYSUMMER2,,06/25/2026,08/13/2026,7:00 pm,7:40 pm,Th,Long Bridge Aquatics Center,6-12.99,$96.00/$116.00,2026-05-11T11:35:06+00:00,Unavailable,,
350202985,420402-O,Level 3: Youth Swim,ENJOYSUMMER2,,06/26/2026,08/14/2026 *,4:00 pm,4:40 pm,F,Long Bridge Aquatics Center,6-12.99,$84.00/$104.00,2026-05-11T11:35:06+00:00,Unavailable,,
350202996,420402-P,Level 3: Youth Swim,ENJOYSUMMER2,,06/26/2026,08/14/2026 *,5:30 pm,6:10 pm,F,Long Bridge Aquatics Center,6-12.99,$84.00/$104.00,2026-05-11T11:35:06+00:00,Unavailable,,
350203007,420402-Q,Level 3: Youth Swim,ENJOYSUMMER2,,06/26/2026,08/14/2026 *,6:20 pm,7:00 pm,F,Long Bridge Aquatics Center,6-12.99,$84.00/$104.00,2026-05-11T11:35:06+00:00,Unavailable,,
350203018,420402-R,Level 3: Youth Swim,ENJOYSUMMER2,,06/26/2026,08/14/2026 *,6:40 pm,7:20 pm,F,Long Bridge Aquatics Center,6-12.99,$84.00/$104.00,2026-05-11T11:35:06+00:00,Unavailable,,
350203029,420402-S,Level 3: Youth Swim,ENJOYSUMMER2,,06/27/2026,08/15/2026 *,8:30 am,9:10 am,Sa,Long Bridge Aquatics Center,6-12.99,$84.00/$104.00,2026-05-11T11:35:06+00:00,Unavailable,,
350203040,420402-T,Level 3: Youth Swim,ENJOYSUMMER2,,06/27/2026,08/15/2026 *,10:00 am,10:40 am,Sa,Long Bridge Aquatics Center,6-12.99,$84.00/$104.00,2026-05-11T11:35:06+00:00,Unavailable,,
350203051,420402-U,Level 3: Youth Swim,ENJOYSUMMER2,,06/27/2026,08/15/2026 *,11:35 am,12:15 pm,Sa,Long Bridge Aquatics Center,6-12.99,$84.00/$104.00,2026-05-11T11:35:06+00:00,Unavailable,,
350203062,420402-V,Level 3: Youth Swim,ENJOYSUMMER2,,06/28/2026,08/16/2026 *,8:30 am,9:10 am,Su,Long Bridge Aquatics Center,6-12.99,$84.00/$104.00,2026-05-11T11:35:06+00:00,Unavailable,,
350203073,420402-W,Level 3: Youth Swim,ENJOYSUMMER2,,06/28/2026,08/16/2026 *,10:25 am,11:05 am,Su,Long Bridge Aquatics Center,6-12.99,$84.00/$104.00,2026-05-11T11:35:06+00:00,Unavailable,,
350203084,420403-A,Level 4: Youth Swim,ENJOYSUMMER2,,06/22/2026,08/10/2026,4:00 pm,4:40 pm,M,Long Bridge Aquatics Center,6-12.99,$96.00/$116.00,2026-05-11T11:35:06+00:00,Unavailable,,
350203095,420403-B,Level 4: Youth Swim,ENJOYSUMMER2,,06/22/2026,08/10/2026,5:45 pm,6:25 pm,M,Long Bridge Aquatics Center,6-12.99,$96.00/$116.00,2026-05-11T11:35:06+00:00,Unavailable,,
350203106,420403-C,Level 4: Youth Swim,ENJOYSUMMER2,,06/22/2026,08/10/2026,7:15 pm,7:55 pm,M,Long Bridge Aquatics Center,6-12.99,$96.00/$116.00,2026-05-11T11:35:06+00:00,Unavailable,,
350203117,420403-D,Level 4: Youth Swim,ENJOYSUMMER2,,06/23/2026,08/11/2026,4:45 pm,5:25 pm,Tu,Long Bridge Aquatics Center,6-12.99,$96.00/$116.00,2026-05-11T11:35:06+00:00,Unavailable,,
350203128,420403-E,Level 4: Youth Swim,ENJOYSUMMER2,,06/23/2026,08/11/2026,7:15 pm,7:55 pm,Tu,Long Bridge Aquatics Center,6-12.99,$96.00/$116.00,2026-05-11T11:35:06+00:00,Unavailable,,
350203139,420403-F,Level 4: Youth Swim,ENJOYSUMMER2,,06/24/2026,08/12/2026,4:00 pm,4:40 pm,W,Long Bridge Aquatics Center,6-12.99,$96.00/$116.00,2026-05-11T11:35:06+00:00,Unavailable,,
350203150,420403-G,Level 4: Youth Swim,ENJOYSUMMER2,,06/24/2026,08/12/2026,5:45 pm,6:25 pm,W,Long Bridge Aquatics Center,6-12.99,$96.00/$116.00,2026-05-11T11:35:06+00:00,Unavailable,,
350203162,420403-H,Level 4: Youth Swim,ENJOYSUMMER2,,06/24/2026,08/12/2026,7:15 pm,7:55 pm,W,Long Bridge Aquatics Center,6-12.99,$96.00/$116.00,2026-05-11T11:35:06+00:00,Unavailable,,
350203173,420403-I,Level 4: Youth Swim,ENJOYSUMMER2,,06/25/2026,08/13/2026,4:45 pm,5:25 pm,Th,Long Bridge Aquatics Center,6-12.99,$96.00/$116.00,2026-05-11T11:35:06+00:00,Unavailable,,
350203184,420403-J,Level 4: Youth Swim,ENJOYSUMMER2,,06/25/2026,08/13/2026,7:15 pm,7:55 pm,Th,Long Bridge Aquatics Center,6-12.99,$96.00/$116.00,2026-05-11T11:35:06+00:00,Unavailable,,
350203195,420403-K,Level 4: Youth Swim,ENJOYSUMMER2,,06/26/2026,08/14/2026 *,4:45 pm,5:25 pm,F,Long Bridge Aquatics Center,6-12.99,$84.00/$104.00,2026-05-11T11:35:06+00:00,Unavailable,,
350203206,420403-L,Level 4: Youth Swim,ENJOYSUMMER2,,06/26/2026,08/14/2026 *,7:05 pm,7:45 pm,F,Long Bridge Aquatics Center,6-12.99,$84.00/$104.00,2026-05-11T11:35:06+00:00,Unavailable,,
350203217,420403-M,Level 4: Youth Swim,ENJOYSUMMER2,,06/27/2026,08/15/2026 *,9:15 am,9:55 am,Sa,Long Bridge Aquatics Center,6-12.99,$84.00/$104.00,2026-05-11T11:35:06+00:00,Unavailable,,
350203228,420403-N,Level 4: Youth Swim,ENJOYSUMMER2,,06/27/2026,08/15/2026 *,11:05 am,11:45 am,Sa,Long Bridge Aquatics Center,6-12.99,$84.00/$104.00,2026-05-11T11:35:06+00:00,Unavailable,,
350203239,420403-O,Level 4: Youth Swim,ENJOYSUMMER2,,06/28/2026,08/16/2026 *,9:15 am,9:55 am,Su,Long Bridge Aquatics Center,6-12.99,$84.00/$104.00,2026-05-11T11:35:06+00:00,Unavailable,,
350203250,420403-P,Level 4: Youth Swim,ENJOYSUMMER2,,06/28/2026,08/16/2026 *,10:15 am,10:55 am,Su,Long Bridge Aquatics Center,6-12.99,$84.00/$104.00,2026-05-11T11:35:06+00:00,Unavailable,,
350203261,420403-Q,Level 4: Youth Swim,ENJOYSUMMER2,,06/28/2026,08/16/2026 *,11:45 am,12:25 pm,Su,Long Bridge Aquatics Center,6-12.99,$84.00/$104.00,2026-05-11T11:35:06+00:00,Unavailable,,
350203272,420404-A,Level 5: Youth Swim,ENJOYSUMMER2,,06/22/2026,08/10/2026,6:30 pm,7:10 pm,M,Long Bridge Aquatics Center,6-12.99,$96.00/$116.00,2026-05-11T11:35:06+00:00,Unavailable,,
350203283,420404-B,Level 5: Youth Swim,ENJOYSUMMER2,,06/23/2026,08/11/2026,4:00 pm,4:40 pm,Tu,Long Bridge Aquatics Center,6-12.99,$96.00/$116.00,2026-05-11T11:35:06+00:00,Unavailable,,
350203294,420404-C,Level 5: Youth Swim,ENJOYSUMMER2,,06/23/2026,08/11/2026,6:30 pm,7:10 pm,Tu,Long Bridge Aquatics Center,6-12.99,$96.00/$116.00,2026-05-11T11:35:06+00:00,Unavailable,,
350203305,420404-D,Level 5: Youth Swim,ENJOYSUMMER2,,06/24/2026,08/12/2026,6:30 pm,7:10 pm,W,Long Bridge Aquatics Center,6-12.99,$96.00/$116.00,2026-05-11T11:35:06+00:00,Unavailable,,
350203316,420404-E,Level 5: Youth Swim,ENJOYSUMMER2,,06/25/2026,08/13/2026,4:00 pm,4:40 pm,Th,Long Bridge Aquatics Center,6-12.99,$96.00/$116.00,2026-05-11T11:35:06+00:00,Unavailable,,
350203327,420404-F,Level 5: Youth Swim,ENJOYSUMMER2,,06/25/2026,08/13/2026,6:30 pm,7:10 pm,Th,Long Bridge Aquatics Center,6-12.99,$96.00/$116.00,2026-05-11T11:35:06+00:00,Unavailable,,
350203338,420404-G,Level 5: Youth Swim,ENJOYSUMMER2,,06/26/2026,08/14/2026 *,5:35 pm,6:15 pm,F,Long Bridge Aquatics Center,6-12.99,$84.00/$104.00,2026-05-11T11:35:06+00:00,Unavailable,,
350203349,420404-H,Level 5: Youth Swim,ENJOYSUMMER2,,06/27/2026,08/15/2026 *,8:30 am,9:10 am,Sa,Long Bridge Aquatics Center,6-12.99,$84.00/$104.00,2026-05-11T11:35:06+00:00,Unavailable,,
350203360,420404-I,Level 5: Youth Swim,ENJOYSUMMER2,,06/27/2026,08/15/2026 *,11:50 am,12:30 pm,Sa,Long Bridge Aquatics Center,6-12.99,$84.00/$104.00,2026-05-11T11:35:06+00:00,Unavailable,,
350203371,420404-J,Level 5: Youth Swim,ENJOYSUMMER2,,06/28/2026,08/16/2026 *,9:30 am,10:10 am,Su,Long Bridge Aquatics Center,6-12.99,$84.00/$104.00,2026-05-11T11:35:06+00:00,Unavailable,,
350203383,420404-K,Level 5: Youth Swim,ENJOYSUMMER2,,06/28/2026,08/16/2026 *,11:00 am,11:40 am,Su,Long Bridge Aquatics Center,6-12.99,$84.00/$104.00,2026-05-11T11:35:06+00:00,Unavailable,,
350224692,410616-A,Little Athletes,ENJOYSUMMER,,06/27/2026,08/29/2026 *,10:00 am,10:45 am,Sa,Lubber Run,4-5.99,$183.00/$203.00,2026-05-11T11:35:16+00:00,Unavailable,,
350224714,410616-B,Little Athletes,ENJOYSUMMER,,06/28/2026,08/30/2026 *,3:10 pm,3:55 pm,Su,Lubber Run,4-6.99,$183.00/$203.00,2026-05-11T11:35:16+00:00,Unavailable,,
350224658,410615-A,Little Athletes & Me,ENJOYSUMMER,,06/27/2026,08/29/2026 *,9:00 am,9:45 am,Sa,Lubber Run,2-3.99,$183.00/$203.00,2026-05-11T11:35:16+00:00,Unavailable,,
350224669,410615-B,Little Athletes & Me,ENJOYSUMMER,,06/28/2026,08/30/2026 *,4:00 pm,4:45 pm,Su,Lubber Run,2-3.99,$183.00/$203.00,2026-05-11T11:35:16+00:00,Unavailable,,
350224680,410615-C,Little Athletes & Me,ENJOYSUMMER,,06/27/2026,08/22/2026 *,9:00 am,9:45 am,Sa,Arlington Mill,2-3.99,$163.00/$183.00,2026-05-11T11:35:16+00:00,Unavailable,,
350224837,410621-A,Little Champions Soccer,ENJOYSUMMER,,06/27/2026,08/22/2026 *,11:00 am,12:00 pm,Sa,Arlington Mill,7-9.99,$189.00/$209.00,2026-05-11T11:35:16+00:00,Unavailable,,
350224848,410621-B,Little Champions Soccer,ENJOYSUMMER,,06/28/2026,08/30/2026 *,11:00 am,12:00 pm,Su,Rocky Run Park,7-9.99,$213.00/$233.00,2026-05-11T11:35:16+00:00,Unavailable,,
350224489,410610-A,Little Kicks Soccer,ENJOYSUMMER,,06/27/2026,08/29/2026 *,12:00 pm,1:00 pm,Sa,Barrett Elem. School,4-6.99,$213.00/$233.00,2026-05-11T11:35:16+00:00,Unavailable,,
350224500,410610-B,Little Kicks Soccer,ENJOYSUMMER,,06/27/2026,08/29/2026 *,10:00 am,10:45 am,Sa,Fairlington Center,4-6.99,$183.00/$203.00,2026-05-11T11:35:16+00:00,Unavailable,,
350224511,410610-C,Little Kicks Soccer,ENJOYSUMMER,,06/28/2026,08/30/2026 *,10:00 am,10:45 am,Su,Rocky Run Park,4-6.99,$183.00/$203.00,2026-05-11T11:35:16+00:00,Unavailable,,
350224522,410610-D,Little Kicks Soccer,ENJOYSUMMER,,06/27/2026,08/22/2026 *,10:00 am,10:45 am,Sa,Arlington Mill,4-6.99,$163.00/$183.00,2026-05-11T11:35:16+00:00,Unavailable,,
350224703,410610-E,Little Kicks Soccer,ENJOYSUMMER,,06/27/2026,08/29/2026 *,12:10 pm,12:55 pm,Sa,Lubber Run,4-6.99,$183.00/$203.00,2026-05-11T11:35:16+00:00,Unavailable,,
350224433,410605-A,Little Kicks Soccer & Me,ENJOYSUMMER,,06/27/2026,08/29/2026 *,11:00 am,11:45 am,Sa,Barrett Elem. School,2-3.99,$183.00/$203.00,2026-05-11T11:35:16+00:00,Unavailable,,
350224444,410605-B,Little Kicks Soccer & Me,ENJOYSUMMER,,06/28/2026,08/30/2026 *,9:00 am,9:45 am,Su,Barrett Elem. School,2-3.99,$183.00/$203.00,2026-05-11T11:35:16+00:00,Unavailable,,
350224455,410605-C,Little Kicks Soccer & Me,ENJOYSUMMER,,06/27/2026,08/29/2026 *,9:00 am,9:45 am,Sa,Fairlington Center,2-3.99,$183.00/$203.00,2026-05-11T11:35:16+00:00,Unavailable,,
350224466,410605-D,Little Kicks Soccer & Me,ENJOYSUMMER,,06/28/2026,08/30/2026 *,9:00 am,9:45 am,Su,Rocky Run Park,2-3.99,$183.00/$203.00,2026-05-11T11:35:16+00:00,Unavailable,,
350288650,410602-A,Little Shots (Age 5-6),ENJOYSUMMER,,06/24/2026,08/26/2026 *,4:30 pm,5:20 pm,W,Barcroft Park,5-6.99,$272.00/$292.00,2026-05-11T11:35:16+00:00,Unavailable,,
350288664,410602-B,Little Shots (Age 5-6),ENJOYSUMMER,,06/24/2026,08/26/2026 *,5:30 pm,6:20 pm,W,Barcroft Park,5-6.99,$272.00/$292.00,2026-05-11T11:35:16+00:00,Unavailable,,
350288680,410602-C,Little Shots (Age 5-6),ENJOYSUMMER,,06/24/2026,08/26/2026 *,6:30 pm,7:20 pm,W,Barcroft Park,5-6.99,$272.00/$292.00,2026-05-11T11:35:16+00:00,Unavailable,,
350288691,410602-D,Little Shots (Age 5-6),ENJOYSUMMER,,06/23/2026,08/25/2026 *,4:30 pm,5:20 pm,Tu,Quincy Park,5-6.99,$272.00/$292.00,2026-05-11T11:35:16+00:00,Unavailable,,
350288702,410602-E,Little Shots (Age 5-6),ENJOYSUMMER,,06/23/2026,08/25/2026 *,5:30 pm,6:20 pm,Tu,Quincy Park,5-6.99,$272.00/$292.00,2026-05-11T11:35:16+00:00,Unavailable,,
350288713,410602-F,Little Shots (Age 5-6),ENJOYSUMMER,,06/23/2026,08/25/2026 *,6:30 pm,7:20 pm,Tu,Quincy Park,5-6.99,$272.00/$292.00,2026-05-11T11:35:16+00:00,Unavailable,,
350288724,410602-G,Little Shots (Age 5-6),ENJOYSUMMER,,07/11/2026,09/05/2026,9:00 am,9:50 am,Sa,Quincy Park,5-6.99,$272.00/$292.00,2026-05-11T11:35:16+00:00,Unavailable,,
350288737,410602-H,Little Shots (Age 5-6),ENJOYSUMMER,,07/11/2026,09/05/2026,10:00 am,10:50 am,Sa,Quincy Park,5-6.99,$272.00/$292.00,2026-05-11T11:35:16+00:00,Unavailable,,
350288748,410602-I,Little Shots (Age 5-6),ENJOYSUMMER,,07/11/2026,09/05/2026,11:00 am,11:50 am,Sa,Quincy Park,5-6.99,$272.00/$292.00,2026-05-11T11:35:16+00:00,Unavailable,,
350288759,410602-J,Little Shots (Age 5-6),ENJOYSUMMER,,06/25/2026,08/27/2026 *,4:30 pm,5:20 pm,Th,Maury Park,5-6.99,$272.00/$292.00,2026-05-11T11:35:16+00:00,Unavailable,,
350288770,410602-K,Little Shots (Age 5-6),ENJOYSUMMER,,06/25/2026,08/27/2026 *,5:30 pm,6:20 pm,Th,Maury Park,5-6.99,$272.00/$292.00,2026-05-11T11:35:16+00:00,Unavailable,,
350288781,410602-L,Little Shots (Age 5-6),ENJOYSUMMER,,06/25/2026,08/27/2026 *,6:30 pm,7:20 pm,Th,Maury Park,5-6.99,$272.00/$292.00,2026-05-11T11:35:16+00:00,Unavailable,,
350288792,410602-M,Little Shots (Age 5-6),ENJOYSUMMER,,06/22/2026,08/31/2026 *,4:30 pm,5:20 pm,M,Tuckahoe Park,5-6.99,$303.00/$323.00,2026-05-11T11:35:16+00:00,Unavailable,,
350288804,410602-N,Little Shots (Age 5-6),ENJOYSUMMER,,06/22/2026,08/31/2026 *,5:30 pm,6:20 pm,M,Tuckahoe Park,5-6.99,$303.00/$323.00,2026-05-11T11:35:16+00:00,Unavailable,,
350288815,410602-O,Little Shots (Age 5-6),ENJOYSUMMER,,06/22/2026,08/31/2026 *,6:30 pm,7:20 pm,M,Tuckahoe Park,5-6.99,$303.00/$323.00,2026-05-11T11:35:16+00:00,Unavailable,,
350224088,410208-A,Music Together,ENJOYSUMMER,,06/27/2026,08/22/2026 *,9:30 am,10:15 am,Sa,Fairlington Center,0-5.99,$227.00/$247.00,2026-05-11T11:35:16+00:00,Unavailable,,
350224102,410208-B,Music Together,ENJOYSUMMER,,06/27/2026,08/22/2026 *,10:30 am,11:15 am,Sa,Fairlington Center,0-5.99,$227.00/$247.00,2026-05-11T11:35:16+00:00,Unavailable,,
350224116,410208-C,Music Together,ENJOYSUMMER,,06/27/2026,08/22/2026 *,11:30 am,12:15 pm,Sa,Fairlington Center,0-5.99,$227.00/$247.00,2026-05-11T11:35:16+00:00,Unavailable,,
350224130,410208-D,Music Together,ENJOYSUMMER,,06/29/2026,08/17/2026,9:30 am,10:15 am,M,Lubber Run,0-5.99,$227.00/$247.00,2026-05-11T11:35:16+00:00,Unavailable,,
350224144,410208-E,Music Together,ENJOYSUMMER,,06/29/2026,08/17/2026,10:30 am,11:15 am,M,Lubber Run,0-5.99,$227.00/$247.00,2026-05-11T11:35:16+00:00,Unavailable,,
350224158,410208-F,Music Together,ENJOYSUMMER,,06/30/2026,08/18/2026,9:30 am,10:15 am,Tu,Lubber Run,0-5.99,$227.00/$247.00,2026-05-11T11:35:16+00:00,Unavailable,,
350224172,410208-G,Music Together,ENJOYSUMMER,,06/30/2026,08/18/2026,10:30 am,11:15 am,Tu,Lubber Run,0-5.99,$227.00/$247.00,2026-05-11T11:35:16+00:00,Unavailable,,
350224186,410208-H,Music Together,ENJOYSUMMER,,07/02/2026,08/20/2026,10:00 am,10:45 am,Th,Lubber Run,0-5.99,$227.00/$247.00,2026-05-11T11:35:16+00:00,Unavailable,,
350224200,410208-I,Music Together,ENJOYSUMMER,,07/02/2026,08/20/2026,11:00 am,11:45 am,Th,Lubber Run,0-5.99,$227.00/$247.00,2026-05-11T11:35:16+00:00,Unavailable,,
350224214,410209-A,Music Together Babies Only,ENJOYSUMMER,,06/29/2026,08/17/2026,11:30 am,12:15 pm,M,Lubber Run,0-0.83,$227.00/$247.00,2026-05-11T11:35:16+00:00,Unavailable,,
350280422,440159-A,Old Scrap to New Beginnings - Recycle your Silver!,ENJOYSUMMER,,06/24/2026,07/08/2026,6:00 pm,8:30 pm,W,Thomas Jefferson Center,18-99.99,$190.00/$210.00,2026-05-11T11:35:16+00:00,Unavailable,,
350224361,410302-A,Postpartum Yoga with Baby,ENJOYSUMMER,,07/13/2026,08/10/2026 *,10:45 am,11:45 am,M,Lubber Run,18-99.99,$62.00/$82.00,2026-05-11T11:35:16+00:00,Unavailable,,
350224294,410211-A,Pre-Ballet & Movement 2,ENJOYSUMMER,,07/15/2026,08/12/2026,5:45 pm,6:30 pm,W,Langston Brown,4-5.99,$120.00/$140.00,2026-05-11T11:35:16+00:00,Unavailable,,
350224305,410211-B,Pre-Ballet & Movement 2,ENJOYSUMMER,,07/20/2026,08/17/2026,5:15 pm,6:00 pm,M,Barcroft Fitness Center,4-5.99,$120.00/$140.00,2026-05-11T11:35:16+00:00,Unavailable,,
350224228,410210-A,Pre-Ballet & Movement I,ENJOYSUMMER,,07/11/2026,08/08/2026,11:10 am,11:50 am,Sa,Lubber Run,3-5.99,$120.00/$140.00,2026-05-11T11:35:16+00:00,Unavailable,,
350224239,410210-B,Pre-Ballet & Movement I,ENJOYSUMMER,,07/12/2026,08/09/2026,3:40 pm,4:20 pm,Su,Lubber Run,3-5.99,$120.00/$140.00,2026-05-11T11:35:16+00:00,Unavailable,,
350224250,410210-C,Pre-Ballet & Movement I,ENJOYSUMMER,,07/13/2026,08/10/2026,5:10 pm,5:55 pm,M,Fairlington Center,3-5.99,$120.00/$140.00,2026-05-11T11:35:16+00:00,Unavailable,,
350224261,410210-D,Pre-Ballet & Movement I,ENJOYSUMMER,,07/15/2026,08/12/2026,5:00 pm,5:40 pm,W,Langston Brown,3-5.99,$120.00/$140.00,2026-05-11T11:35:16+00:00,Unavailable,,
350224272,410210-E,Pre-Ballet & Movement I,ENJOYSUMMER,,07/17/2026,08/14/2026,10:45 am,11:30 am,F,Walter Reed Center,3-5.99,$120.00/$140.00,2026-05-11T11:35:16+00:00,Unavailable,,
350224283,410210-F,Pre-Ballet & Movement I,ENJOYSUMMER,,07/20/2026,08/17/2026,4:30 pm,5:10 pm,M,Barcroft Fitness Center,3-5.99,$120.00/$140.00,2026-05-11T11:35:16+00:00,Unavailable,,
350201205,410403-A,Pre-Fin,ENJOYSUMMER2,,06/22/2026,08/10/2026,10:00 am,10:20 am,M,Long Bridge Aquatics Center,3-3.99,$62.00/$82.00,2026-05-11T11:35:06+00:00,Unavailable,,
350201216,410403-B,Pre-Fin,ENJOYSUMMER2,,06/22/2026,08/10/2026,11:45 am,12:05 pm,M,Long Bridge Aquatics Center,3-3.99,$62.00/$82.00,2026-05-11T11:35:06+00:00,Unavailable,,
350201227,410403-C,Pre-Fin,ENJOYSUMMER2,,06/22/2026,08/10/2026,4:00 pm,4:20 pm,M,Long Bridge Aquatics Center,3-3.99,$62.00/$82.00,2026-05-11T11:35:06+00:00,Unavailable,,
350201238,410403-D,Pre-Fin,ENJOYSUMMER2,,06/22/2026,08/10/2026,5:35 pm,5:55 pm,M,Long Bridge Aquatics Center,3-3.99,$62.00/$82.00,2026-05-11T11:35:06+00:00,Unavailable,,
350201249,410403-E,Pre-Fin,ENJOYSUMMER2,,06/22/2026,08/10/2026,5:45 pm,6:05 pm,M,Long Bridge Aquatics Center,3-3.99,$62.00/$82.00,2026-05-11T11:35:06+00:00,Unavailable,,
350201260,410403-F,Pre-Fin,ENJOYSUMMER2,,06/23/2026,08/11/2026,10:00 am,10:20 am,Tu,Long Bridge Aquatics Center,3-3.99,$62.00/$82.00,2026-05-11T11:35:06+00:00,Unavailable,,
350201271,410403-G,Pre-Fin,ENJOYSUMMER2,,06/23/2026,08/11/2026,11:45 am,12:05 pm,Tu,Long Bridge Aquatics Center,3-3.99,$62.00/$82.00,2026-05-11T11:35:06+00:00,Unavailable,,
350201283,410403-H,Pre-Fin,ENJOYSUMMER2,,06/23/2026,08/11/2026,4:35 pm,4:55 pm,Tu,Long Bridge Aquatics Center,3-3.99,$62.00/$82.00,2026-05-11T11:35:06+00:00,Unavailable,,
350201294,410403-I,Pre-Fin,ENJOYSUMMER2,,06/23/2026,08/11/2026,5:10 pm,5:30 pm,Tu,Long Bridge Aquatics Center,3-3.99,$62.00/$82.00,2026-05-11T11:35:06+00:00,Unavailable,,
350201305,410403-J,Pre-Fin,ENJOYSUMMER2,,06/23/2026,08/11/2026,6:20 pm,6:40 pm,Tu,Long Bridge Aquatics Center,3-3.99,$62.00/$82.00,2026-05-11T11:35:06+00:00,Unavailable,,
350201316,410403-K,Pre-Fin,ENJOYSUMMER2,,06/24/2026,08/12/2026,4:00 pm,4:20 pm,W,Long Bridge Aquatics Center,3-3.99,$62.00/$82.00,2026-05-11T11:35:06+00:00,Unavailable,,
350201327,410403-L,Pre-Fin,ENJOYSUMMER2,,06/24/2026,08/12/2026,5:35 pm,5:55 pm,W,Long Bridge Aquatics Center,3-3.99,$62.00/$82.00,2026-05-11T11:35:06+00:00,Unavailable,,
350201338,410403-M,Pre-Fin,ENJOYSUMMER2,,06/24/2026,08/12/2026,5:45 pm,6:05 pm,W,Long Bridge Aquatics Center,3-3.99,$62.00/$82.00,2026-05-11T11:35:06+00:00,Unavailable,,
350201349,410403-N,Pre-Fin,ENJOYSUMMER2,,06/25/2026,08/13/2026,4:35 pm,4:55 pm,Th,Long Bridge Aquatics Center,3-3.99,$62.00/$82.00,2026-05-11T11:35:06+00:00,Unavailable,,
350201360,410403-O,Pre-Fin,ENJOYSUMMER2,,06/25/2026,08/13/2026,5:10 pm,5:30 pm,Th,Long Bridge Aquatics Center,3-3.99,$62.00/$82.00,2026-05-11T11:35:06+00:00,Unavailable,,
350201371,410403-P,Pre-Fin,ENJOYSUMMER2,,06/25/2026,08/13/2026,6:20 pm,6:40 pm,Th,Long Bridge Aquatics Center,3-3.99,$62.00/$82.00,2026-05-11T11:35:06+00:00,Unavailable,,
350201382,410403-Q,Pre-Fin,ENJOYSUMMER2,,06/26/2026,08/14/2026 *,4:00 pm,4:20 pm,F,Long Bridge Aquatics Center,3-3.99,$54.00/$74.00,2026-05-11T11:35:06+00:00,Unavailable,,
350201393,410403-R,Pre-Fin,ENJOYSUMMER2,,06/26/2026,08/14/2026 *,5:45 pm,6:05 pm,F,Long Bridge Aquatics Center,3-3.99,$54.00/$74.00,2026-05-11T11:35:06+00:00,Unavailable,,
350201404,410403-S,Pre-Fin,ENJOYSUMMER2,,06/27/2026,08/15/2026 *,8:30 am,8:50 am,Sa,Long Bridge Aquatics Center,3-3.99,$54.00/$74.00,2026-05-11T11:35:06+00:00,Unavailable,,
350201415,410403-T,Pre-Fin,ENJOYSUMMER2,,06/27/2026,08/15/2026 *,9:30 am,9:50 am,Sa,Long Bridge Aquatics Center,3-3.99,$54.00/$74.00,2026-05-11T11:35:06+00:00,Unavailable,,
350201426,410403-U,Pre-Fin,ENJOYSUMMER2,,06/27/2026,08/15/2026 *,10:15 am,10:35 am,Sa,Long Bridge Aquatics Center,3-3.99,$54.00/$74.00,2026-05-11T11:35:06+00:00,Unavailable,,
350201437,410403-V,Pre-Fin,ENJOYSUMMER2,,06/27/2026,08/15/2026 *,10:50 am,11:10 am,Sa,Long Bridge Aquatics Center,3-3.99,$54.00/$74.00,2026-05-11T11:35:06+00:00,Unavailable,,
350201448,410403-W,Pre-Fin,ENJOYSUMMER2,,06/27/2026,08/15/2026 *,12:00 pm,12:20 pm,Sa,Long Bridge Aquatics Center,3-3.99,$54.00/$74.00,2026-05-11T11:35:06+00:00,Unavailable,,
350201459,410403-X,Pre-Fin,ENJOYSUMMER2,,06/28/2026,08/16/2026 *,8:30 am,8:50 am,Su,Long Bridge Aquatics Center,3-3.99,$54.00/$74.00,2026-05-11T11:35:06+00:00,Unavailable,,
350201470,410403-Y,Pre-Fin,ENJOYSUMMER2,,06/28/2026,08/16/2026 *,10:05 am,10:25 am,Su,Long Bridge Aquatics Center,3-3.99,$54.00/$74.00,2026-05-11T11:35:06+00:00,Unavailable,,
350201481,410403-Z,Pre-Fin,ENJOYSUMMER2,,06/28/2026,08/16/2026 *,11:45 am,12:05 pm,Su,Long Bridge Aquatics Center,3-3.99,$54.00/$74.00,2026-05-11T11:35:06+00:00,Unavailable,,
350201058,410402-A,Pre-Fin & Me,ENJOYSUMMER2,,06/22/2026,08/10/2026,11:10 am,11:40 am,M,Long Bridge Aquatics Center,2.5-3.99,$80.00/$100.00,2026-05-11T11:35:06+00:00,Unavailable,,
350201069,410402-B,Pre-Fin & Me,ENJOYSUMMER2,,06/22/2026,08/10/2026,5:10 pm,5:40 pm,M,Long Bridge Aquatics Center,2.5-3.99,$80.00/$100.00,2026-05-11T11:35:06+00:00,Unavailable,,
350201080,410402-C,Pre-Fin & Me,ENJOYSUMMER2,,06/23/2026,08/11/2026,11:10 am,11:40 am,Tu,Long Bridge Aquatics Center,2.5-3.99,$80.00/$100.00,2026-05-11T11:35:06+00:00,Unavailable,,
350201091,410402-D,Pre-Fin & Me,ENJOYSUMMER2,,06/23/2026,08/11/2026,4:35 pm,5:05 pm,Tu,Long Bridge Aquatics Center,2.5-3.99,$80.00/$100.00,2026-05-11T11:35:06+00:00,Unavailable,,
350201102,410402-E,Pre-Fin & Me,ENJOYSUMMER2,,06/24/2026,08/12/2026,5:10 pm,5:40 pm,W,Long Bridge Aquatics Center,2.5-3.99,$80.00/$100.00,2026-05-11T11:35:06+00:00,Unavailable,,
350201113,410402-F,Pre-Fin & Me,ENJOYSUMMER2,,06/25/2026,08/13/2026,4:35 pm,5:05 pm,Th,Long Bridge Aquatics Center,2.5-3.99,$80.00/$100.00,2026-05-11T11:35:06+00:00,Unavailable,,
350201124,410402-G,Pre-Fin & Me,ENJOYSUMMER2,,06/26/2026,08/14/2026 *,5:10 pm,5:40 pm,F,Long Bridge Aquatics Center,2.5-3.99,$70.00/$90.00,2026-05-11T11:35:06+00:00,Unavailable,,
350201135,410402-H,Pre-Fin & Me,ENJOYSUMMER2,,06/27/2026,08/15/2026 *,8:30 am,9:00 am,Sa,Long Bridge Aquatics Center,2.5-3.99,$70.00/$90.00,2026-05-11T11:35:06+00:00,Unavailable,,
350201146,410402-I,Pre-Fin & Me,ENJOYSUMMER2,,06/27/2026,08/15/2026 *,9:40 am,10:10 am,Sa,Long Bridge Aquatics Center,2.5-3.99,$70.00/$90.00,2026-05-11T11:35:06+00:00,Unavailable,,
350201157,410402-J,Pre-Fin & Me,ENJOYSUMMER2,,06/27/2026,08/15/2026 *,10:15 am,10:45 am,Sa,Long Bridge Aquatics Center,2.5-3.99,$70.00/$90.00,2026-05-11T11:35:06+00:00,Unavailable,,
350201170,410402-K,Pre-Fin & Me,ENJOYSUMMER2,,06/27/2026,08/15/2026 *,11:25 am,11:55 am,Sa,Long Bridge Aquatics Center,2.5-3.99,$70.00/$90.00,2026-05-11T11:35:06+00:00,Unavailable,,
350201182,410402-L,Pre-Fin & Me,ENJOYSUMMER2,,06/28/2026,08/16/2026 *,9:40 am,10:10 am,Su,Long Bridge Aquatics Center,2.5-3.99,$70.00/$90.00,2026-05-11T11:35:06+00:00,Unavailable,,
350201193,410402-M,Pre-Fin & Me,ENJOYSUMMER2,,06/28/2026,08/16/2026 *,10:50 am,11:20 am,Su,Long Bridge Aquatics Center,2.5-3.99,$70.00/$90.00,2026-05-11T11:35:06+00:00,Unavailable,,
350280176,420605-A,Red Ball Tennis,ENJOYSUMMER,,06/28/2026,08/30/2026 *,9:00 am,10:00 am,Su,Quincy Street Deck,5-9.99,$272.00/$292.00,2026-05-11T11:35:16+00:00,Unavailable,,
350224782,410619-A,Run Shoot Basketball,ENJOYSUMMER,,06/22/2026,08/31/2026,6:15 pm,7:15 pm,M,Fairlington Center,5-6.99,$260.00/$280.00,2026-05-11T11:35:16+00:00,Unavailable,,
350224793,410619-B,Run Shoot Basketball,ENJOYSUMMER,,06/27/2026,08/29/2026 *,11:00 am,12:00 pm,Sa,Fairlington Center,4-6.99,$213.00/$233.00,2026-05-11T11:35:16+00:00,Unavailable,,
350224804,410619-C,Run Shoot Basketball,ENJOYSUMMER,,06/27/2026,08/29/2026 *,11:00 am,12:00 pm,Sa,Lubber Run,3-4.99,$213.00/$233.00,2026-05-11T11:35:16+00:00,Unavailable,,
350224815,410619-D,Run Shoot Basketball,ENJOYSUMMER,,06/27/2026,08/29/2026 *,1:00 pm,2:00 pm,Sa,Lubber Run,5-7.99,$213.00/$233.00,2026-05-11T11:35:16+00:00,Unavailable,,
350224826,410619-E,Run Shoot Basketball,ENJOYSUMMER,,06/28/2026,08/30/2026 *,2:05 pm,3:05 pm,Su,Lubber Run,5-6.99,$213.00/$233.00,2026-05-11T11:35:16+00:00,Unavailable,,
350280525,420339-A,STEM Adventures,ENJOYSUMMER,,07/09/2026,08/13/2026,5:00 pm,6:00 pm,Th,Long Bridge Aquatics Center,5-7.99,$155.00/$175.00,2026-05-11T11:35:16+00:00,Unavailable,,
350280536,420339-B,STEM Adventures,ENJOYSUMMER,,07/09/2026,08/13/2026,6:15 pm,7:15 pm,Th,Long Bridge Aquatics Center,8-12.99,$155.00/$175.00,2026-05-11T11:35:16+00:00,Unavailable,,
350226070,440353-A,Senior Judo,ENJOYSUMMER,,06/23/2026,08/27/2026,8:20 pm,9:20 pm,"Tu, Th",Dawson Terrace,13-99.99,$200.00/$220.00,2026-05-11T11:35:16+00:00,Unavailable,,
350225902,440308-A,Strength & Sculpt,ENJOYSUMMER,,06/25/2026,08/13/2026,10:15 am,11:15 am,Th,Barcroft Fitness Center,18-99.99,$120.00/$140.00,2026-05-11T11:35:16+00:00,Unavailable,,
350225847,440304-A,Strong Camp 1,ENJOYSUMMER,,06/23/2026,08/11/2026,7:00 pm,8:00 pm,Tu,Long Bridge Aquatics Center,15-99.99,$120.00/$140.00,2026-05-11T11:35:16+00:00,Unavailable,,
350225858,440304-B,Strong Camp 1,ENJOYSUMMER,,06/27/2026,08/15/2026 *,9:15 am,10:15 am,Sa,Long Bridge Aquatics Center,15-99.99,$105.00/$125.00,2026-05-11T11:35:16+00:00,Unavailable,,
350225471,420322-A,Strum & Smile! Beginner Ukulele,ENJOYSUMMER,,07/06/2026,08/10/2026,6:15 pm,7:15 pm,M,Long Bridge Aquatics Center,5-12.99,$175.00/$195.00,2026-05-11T11:35:16+00:00,Unavailable,,
350224317,410213-A,Tap n' Ballet,ENJOYSUMMER,,07/12/2026,08/09/2026,4:30 pm,5:15 pm,Su,Lubber Run,4-6.99,$120.00/$140.00,2026-05-11T11:35:16+00:00,Unavailable,,
350224328,410213-B,Tap n' Ballet,ENJOYSUMMER,,07/14/2026,08/11/2026,5:15 pm,6:00 pm,Tu,Barcroft Fitness Center,4-6.99,$120.00/$140.00,2026-05-11T11:35:16+00:00,Unavailable,,
350289048,440601-A,Tennis 1,ENJOYSUMMER,,06/23/2026,08/25/2026 *,7:30 pm,8:40 pm,Tu,Barcroft Park,15-99.99,$371.00/$391.00,2026-05-11T11:35:16+00:00,Unavailable,,
350289060,440601-B,Tennis 1,ENJOYSUMMER,,06/24/2026,08/26/2026 *,6:10 pm,7:20 pm,W,Jennie Dean Park,15-99.99,$371.00/$391.00,2026-05-11T11:35:16+00:00,Unavailable,,
350289071,440601-C,Tennis 1,ENJOYSUMMER,,07/11/2026,09/05/2026,10:40 am,11:50 am,Sa,Kenmore MS,15-99.99,$371.00/$391.00,2026-05-11T11:35:16+00:00,Unavailable,,
350289082,440601-D,Tennis 1,ENJOYSUMMER,,06/23/2026,08/25/2026 *,6:10 pm,7:20 pm,Tu,Lyon Village Park,15-99.99,$371.00/$391.00,2026-05-11T11:35:16+00:00,Unavailable,,
350289093,440601-E,Tennis 1,ENJOYSUMMER,,06/23/2026,08/25/2026 *,8:50 pm,10:00 pm,Tu,Lyon Village Park,15-99.99,$371.00/$391.00,2026-05-11T11:35:16+00:00,Unavailable,,
350289104,440601-F,Tennis 1,ENJOYSUMMER,,06/25/2026,08/27/2026,6:10 pm,7:20 pm,Th,Lyon Village Park,15-99.99,$371.00/$391.00,2026-05-11T11:35:16+00:00,Unavailable,,
350289115,440601-G,Tennis 1,ENJOYSUMMER,,07/12/2026,09/06/2026,11:40 am,12:50 pm,Su,Maury Park,15-99.99,$371.00/$391.00,2026-05-11T11:35:16+00:00,Unavailable,,
350289126,440601-H,Tennis 1,ENJOYSUMMER,,06/23/2026,08/25/2026 *,6:10 pm,7:20 pm,Tu,Stratford Park,15-99.99,$371.00/$391.00,2026-05-11T11:35:16+00:00,Unavailable,,
350289137,440601-I,Tennis 1,ENJOYSUMMER,,06/24/2026,08/26/2026 *,6:10 pm,7:20 pm,W,Stratford Park,15-99.99,$371.00/$391.00,2026-05-11T11:35:16+00:00,Unavailable,,
350289148,440601-J,Tennis 1,ENJOYSUMMER,,06/25/2026,08/27/2026 *,6:10 pm,7:20 pm,Th,Virginia Highlands Park,15-99.99,$371.00/$391.00,2026-05-11T11:35:16+00:00,Unavailable,,
350288837,420602-B,Tennis 1 & 2 (Age 10-13),ENJOYSUMMER,,06/25/2026,08/27/2026 *,6:30 pm,7:20 pm,Th,Barcroft Park,10-13.99,$272.00/$292.00,2026-05-11T11:35:16+00:00,Unavailable,,
350288892,420602-G,Tennis 1 & 2 (Age 10-13),ENJOYSUMMER,,06/22/2026,08/31/2026 *,6:30 pm,7:20 pm,M,Lyon Village Park,10-13.99,$303.00/$323.00,2026-05-11T11:35:16+00:00,Unavailable,,
350288903,420602-H,Tennis 1 & 2 (Age 10-13),ENJOYSUMMER,,06/24/2026,08/26/2026 *,6:30 pm,7:20 pm,W,Lyon Village Park,10-13.99,$272.00/$292.00,2026-05-11T11:35:16+00:00,Unavailable,,
350288925,420602-J,Tennis 1 & 2 (Age 10-13),ENJOYSUMMER,,06/23/2026,08/25/2026 *,5:10 pm,6:00 pm,Tu,Stratford Park,10-13.99,$272.00/$292.00,2026-05-11T11:35:16+00:00,Unavailable,,
350288948,420602-L,Tennis 1 & 2 (Age 10-13),ENJOYSUMMER,,06/22/2026,08/31/2026 *,6:30 pm,7:20 pm,M,Virginia Highlands Park,10-13.99,$303.00/$323.00,2026-05-11T11:35:16+00:00,Unavailable,,
350288826,420602-A,Tennis 1 & 2 (Age 7-9),ENJOYSUMMER,,06/25/2026,08/27/2026 *,5:30 pm,6:20 pm,Th,Barcroft Park,7-9.99,$272.00/$292.00,2026-05-11T11:35:16+00:00,Unavailable,,
350288848,420602-C,Tennis 1 & 2 (Age 7-9),ENJOYSUMMER,,06/22/2026,08/31/2026 *,5:30 pm,6:20 pm,M,Lyon Village Park,7-9.99,$303.00/$323.00,2026-05-11T11:35:16+00:00,Unavailable,,
350288859,420602-D,Tennis 1 & 2 (Age 7-9),ENJOYSUMMER,,06/23/2026,08/25/2026 *,5:10 pm,6:00 pm,Tu,Lyon Village Park,7-9.99,$272.00/$292.00,2026-05-11T11:35:16+00:00,Unavailable,,
350288870,420602-E,Tennis 1 & 2 (Age 7-9),ENJOYSUMMER,,06/24/2026,08/26/2026 *,5:30 pm,6:20 pm,W,Lyon Village Park,7-9.99,$272.00/$292.00,2026-05-11T11:35:16+00:00,Unavailable,,
350288881,420602-F,Tennis 1 & 2 (Age 7-9),ENJOYSUMMER,,06/25/2026,08/27/2026 *,5:10 pm,6:00 pm,Th,Lyon Village Park,7-9.99,$272.00/$292.00,2026-05-11T11:35:16+00:00,Unavailable,,
350288914,420602-I,Tennis 1 & 2 (Age 7-9),ENJOYSUMMER,,06/24/2026,08/26/2026 *,5:10 pm,6:00 pm,W,Stratford Park,7-9.99,$272.00/$292.00,2026-05-11T11:35:16+00:00,Unavailable,,
350288937,420602-K,Tennis 1 & 2 (Age 7-9),ENJOYSUMMER,,06/22/2026,08/31/2026 *,5:30 pm,6:20 pm,M,Virginia Highlands Park,7-9.99,$303.00/$323.00,2026-05-11T11:35:16+00:00,Unavailable,,
350289159,440602-A,Tennis 2,ENJOYSUMMER,,06/23/2026,08/25/2026 *,6:10 pm,7:20 pm,Tu,Barcroft Park,15-99.99,$371.00/$391.00,2026-05-11T11:35:16+00:00,Unavailable,,
350289170,440602-B,Tennis 2,ENJOYSUMMER,,06/23/2026,08/25/2026 *,8:50 pm,10:00 pm,Tu,Barcroft Park,15-99.99,$371.00/$391.00,2026-05-11T11:35:16+00:00,Unavailable,,
350289181,440602-C,Tennis 2,ENJOYSUMMER,,06/25/2026,08/27/2026 *,7:30 pm,8:40 pm,Th,Barcroft Park,15-99.99,$371.00/$391.00,2026-05-11T11:35:16+00:00,Unavailable,,
350289192,440602-D,Tennis 2,ENJOYSUMMER,,06/24/2026,08/26/2026 *,7:30 pm,8:40 pm,W,Jennie Dean Park,15-99.99,$371.00/$391.00,2026-05-11T11:35:16+00:00,Unavailable,,
350289203,440602-E,Tennis 2,ENJOYSUMMER,,06/25/2026,08/27/2026 *,5:30 pm,6:40 pm,Th,Langston Brown,15-99.99,$371.00/$391.00,2026-05-11T11:35:16+00:00,Unavailable,,
350289214,440602-F,Tennis 2,ENJOYSUMMER,,07/11/2026,09/05/2026,9:00 am,10:10 am,Sa,Langston Brown,15-99.99,$371.00/$391.00,2026-05-11T11:35:16+00:00,Unavailable,,
350289226,440602-G,Tennis 2,ENJOYSUMMER,,06/22/2026,08/31/2026 *,7:30 pm,8:40 pm,M,Lyon Village Park,15-99.99,$413.00/$433.00,2026-05-11T11:35:16+00:00,Unavailable,,
350289237,440602-H,Tennis 2,ENJOYSUMMER,,06/23/2026,08/25/2026 *,7:30 pm,8:40 pm,Tu,Lyon Village Park,15-99.99,$371.00/$391.00,2026-05-11T11:35:16+00:00,Unavailable,,
350289248,440602-I,Tennis 2,ENJOYSUMMER,,07/12/2026,09/06/2026,10:20 am,11:30 am,Su,Maury Park,15-99.99,$371.00/$391.00,2026-05-11T11:35:16+00:00,Unavailable,,
350289260,440602-J,Tennis 2,ENJOYSUMMER,,06/23/2026,08/25/2026 *,7:30 pm,8:40 pm,Tu,Stratford Park,15-99.99,$371.00/$391.00,2026-05-11T11:35:16+00:00,Unavailable,,
350289271,440602-K,Tennis 2,ENJOYSUMMER,,06/24/2026,08/26/2026 *,7:30 pm,8:40 pm,W,Stratford Park,15-99.99,$371.00/$391.00,2026-05-11T11:35:16+00:00,Unavailable,,
350289282,440602-L,Tennis 2,ENJOYSUMMER,,06/22/2026,08/31/2026,7:30 pm,8:40 pm,M,Virginia Highlands Park,15-99.99,$413.00/$433.00,2026-05-11T11:35:16+00:00,Unavailable,,
350289293,440603-A,Tennis 3,ENJOYSUMMER,,06/25/2026,08/27/2026 *,8:50 pm,10:00 pm,Th,Barcroft Park,15-99.99,$371.00/$391.00,2026-05-11T11:35:16+00:00,Unavailable,,
350289304,440603-B,Tennis 3,ENJOYSUMMER,,06/24/2026,08/26/2026 *,8:50 pm,10:00 pm,W,Jennie Dean Park,15-99.99,$371.00/$391.00,2026-05-11T11:35:16+00:00,Unavailable,,
350289315,440603-C,Tennis 3,ENJOYSUMMER,,06/25/2026,08/27/2026 *,7:30 pm,8:40 pm,Th,Langston Brown,15-99.99,$371.00/$391.00,2026-05-11T11:35:16+00:00,Unavailable,,
350289326,440603-D,Tennis 3,ENJOYSUMMER,,07/11/2026,09/05/2026,10:20 am,11:30 am,Sa,Langston Brown,15-99.99,$371.00/$391.00,2026-05-11T11:35:16+00:00,Unavailable,,
350289337,440603-E,Tennis 3,ENJOYSUMMER,,06/22/2026,08/31/2026 *,8:50 pm,10:00 pm,M,Lyon Village Park,15-99.99,$413.00/$433.00,2026-05-11T11:35:16+00:00,Unavailable,,
350289348,440603-F,Tennis 3,ENJOYSUMMER,,06/24/2026,08/26/2026 *,7:30 pm,8:40 pm,W,Lyon Village Park,15-99.99,$371.00/$391.00,2026-05-11T11:35:16+00:00,Unavailable,,
350289359,440603-G,Tennis 3,ENJOYSUMMER,,06/25/2026,08/27/2026 *,8:50 pm,10:00 pm,Th,Lyon Village Park,15-99.99,$371.00/$391.00,2026-05-11T11:35:16+00:00,Unavailable,,
350289370,440603-H,Tennis 3,ENJOYSUMMER,,06/22/2026,08/31/2026 *,8:50 pm,10:00 pm,M,Stratford Park,15-99.99,$413.00/$433.00,2026-05-11T11:35:16+00:00,Unavailable,,
350289381,440603-I,Tennis 3,ENJOYSUMMER,,06/24/2026,08/26/2026 *,8:50 pm,10:00 pm,W,Stratford Park,15-99.99,$371.00/$391.00,2026-05-11T11:35:16+00:00,Unavailable,,
350289392,440603-J,Tennis 3,ENJOYSUMMER,,06/22/2026,08/31/2026 *,8:50 pm,10:00 pm,M,Virginia Highlands Park,15-99.99,$413.00/$433.00,2026-05-11T11:35:16+00:00,Unavailable,,
350289404,440603-K,Tennis 3,ENJOYSUMMER,,06/25/2026,08/27/2026 *,8:50 pm,10:00 pm,Th,Virginia Highlands Park,15-99.99,$371.00/$391.00,2026-05-11T11:35:16+00:00,Unavailable,,
350288981,420603-B,Tennis 3 Drill & Match Play (Age 11-14),ENJOYSUMMER,,06/22/2026,08/31/2026 *,6:10 pm,7:20 pm,M,Stratford Park,11-14.99,$380.00/$400.00,2026-05-11T11:35:16+00:00,Unavailable,,
350288992,420603-D,Tennis 3 Drill & Match Play (Age 11-14),ENJOYSUMMER,,06/23/2026,08/25/2026 *,6:10 pm,7:20 pm,Tu,Langston Brown,11-14.99,$342.00/$362.00,2026-05-11T11:35:16+00:00,Unavailable,,
350288959,420603-A,Tennis 3 Drill & Match Play (Age 8-10),ENJOYSUMMER,,06/22/2026,08/31/2026 *,4:50 pm,6:00 pm,M,Stratford Park,8-10.99,$380.00/$400.00,2026-05-11T11:35:16+00:00,Unavailable,,
350288970,420603-C,Tennis 3 Drill & Match Play (Age 8-10),ENJOYSUMMER,,06/23/2026,08/25/2026 *,4:50 pm,6:00 pm,Tu,Langston Brown,8-10.99,$342.00/$362.00,2026-05-11T11:35:16+00:00,Unavailable,,
350289003,420604-A,Tennis 4 JV Tennis Drill & Match Play (Age 13-17),ENJOYSUMMER,,06/22/2026,08/31/2026 *,7:30 pm,8:40 pm,M,Stratford Park,13-17.99,$380.00/$400.00,2026-05-11T11:35:16+00:00,Unavailable,,
350289014,420604-B,Tennis 4 JV Tennis Drill & Match Play (Age 13-17),ENJOYSUMMER,,06/23/2026,08/25/2026 *,7:30 pm,8:40 pm,Tu,Langston Brown,13-17.99,$342.00/$362.00,2026-05-11T11:35:16+00:00,Unavailable,,
350225041,420279-A,The Science Seed,ENJOYSUMMER,,07/11/2026,08/15/2026,9:00 am,9:45 am,Sa,Lubber Run,3-6.99,$141.00/$161.00,2026-05-11T11:35:16+00:00,Unavailable,,
350225053,420279-B,The Science Seed,ENJOYSUMMER,,07/11/2026,08/15/2026,10:00 am,10:45 am,Sa,Lubber Run,3-6.99,$141.00/$161.00,2026-05-11T11:35:16+00:00,Unavailable,,
350225064,420279-C,The Science Seed,ENJOYSUMMER,,07/11/2026,08/15/2026,11:00 am,11:45 am,Sa,Lubber Run,5-8.99,$141.00/$161.00,2026-05-11T11:35:16+00:00,Unavailable,,
350224416,410324-A,Tiny Tunes Guitar,ENJOYSUMMER,,07/07/2026,08/11/2026,10:45 am,11:15 am,Tu,Long Bridge Aquatics Center,4-5.99,$163.00/$183.00,2026-05-11T11:35:16+00:00,Unavailable,,
350224372,410321-A,Tiny Tunes Piano,ENJOYSUMMER,,07/07/2026,08/11/2026,10:00 am,10:30 am,Tu,Long Bridge Aquatics Center,3-6.99,$163.00/$183.00,2026-05-11T11:35:16+00:00,Unavailable,,
350224386,410321-B,Tiny Tunes Piano,ENJOYSUMMER,,07/12/2026,08/16/2026,4:40 pm,5:10 pm,Su,Arlington Mill,3-6.99,$163.00/$183.00,2026-05-11T11:35:16+00:00,Unavailable,,
350224401,410321-C,Tiny Tunes Piano,ENJOYSUMMER,,07/12/2026,08/16/2026,5:20 pm,5:50 pm,Su,Arlington Mill,3-6.99,$163.00/$183.00,2026-05-11T11:35:16+00:00,Unavailable,,
350225141,420308-A,Tip Top Ninjas 1,ENJOYSUMMER,,06/22/2026,08/10/2026,4:45 pm,5:30 pm,M,Barcroft Fitness Center,4-7.99,$163.00/$183.00,2026-05-11T11:35:16+00:00,Unavailable,,
350225163,420308-B,Tip Top Ninjas 1,ENJOYSUMMER,,06/27/2026,08/22/2026 *,9:30 am,10:15 am,Sa,Barcroft Fitness Center,4-7.99,$163.00/$183.00,2026-05-11T11:35:16+00:00,Unavailable,,
350225174,420308-C,Tip Top Ninjas 1,ENJOYSUMMER,,06/27/2026,08/22/2026 *,10:30 am,11:15 am,Sa,Barcroft Fitness Center,4-7.99,$163.00/$183.00,2026-05-11T11:35:16+00:00,Unavailable,,
350225185,420308-D,Tip Top Ninjas 1,ENJOYSUMMER,,06/27/2026,08/22/2026 *,11:30 am,12:15 pm,Sa,Barcroft Fitness Center,5-11.99,$163.00/$183.00,2026-05-11T11:35:16+00:00,Unavailable,,
350225196,420308-E,Tip Top Ninjas 1,ENJOYSUMMER,,06/22/2026,08/10/2026,5:45 pm,6:30 pm,M,Barcroft Fitness Center,7-11.99,$163.00/$183.00,2026-05-11T11:35:16+00:00,Unavailable,,
350225318,420311-A,Tip Top Ninjas 2,ENJOYSUMMER,,06/22/2026,08/10/2026,6:45 pm,7:30 pm,M,Barcroft Fitness Center,6-12.99,$163.00/$183.00,2026-05-11T11:35:16+00:00,Unavailable,,
350224477,410609-A,Tip Top Sticks: Hockey & Lacrosse,ENJOYSUMMER,,06/27/2026,08/29/2026 *,12:00 pm,12:45 pm,Sa,Fairlington Center,5-7.99,$183.00/$203.00,2026-05-11T11:35:16+00:00,Unavailable,,
350226048,440351-A,Traditional Japanese Karate Adult,ENJOYSUMMER,,06/26/2026,08/28/2026 *,6:15 pm,7:15 pm,F,Arlington Mill,18-99.99,$149.00/$169.00,2026-05-11T11:35:16+00:00,Unavailable,,
350226059,440351-B,Traditional Japanese Karate Adult,ENJOYSUMMER,,06/27/2026,08/29/2026 *,1:00 pm,1:50 pm,Sa,Lubber Run,18-99.99,$149.00/$169.00,2026-05-11T11:35:16+00:00,Unavailable,,
350225352,420313-A,Traditional Japanese Karate Youth/Teen,ENJOYSUMMER,,06/26/2026,08/28/2026 *,5:00 pm,6:00 pm,F,Arlington Mill,6-17.99,$149.00/$169.00,2026-05-11T11:35:16+00:00,Unavailable,,
350225363,420313-B,Traditional Japanese Karate Youth/Teen,ENJOYSUMMER,,06/27/2026,08/29/2026 *,2:00 pm,2:50 pm,Sa,Lubber Run,6-17.99,$149.00/$169.00,2026-05-11T11:35:16+00:00,Unavailable,,
350225618,420613-A,Triple Threat Basketball,ENJOYSUMMER,,06/22/2026,08/31/2026,7:20 pm,8:20 pm,M,Fairlington Center,7-9.99,$260.00/$280.00,2026-05-11T11:35:16+00:00,Unavailable,,
350225629,420613-B,Triple Threat Basketball,ENJOYSUMMER,,06/28/2026,08/30/2026 *,1:00 pm,2:00 pm,Su,Lubber Run,7-9.99,$213.00/$233.00,2026-05-11T11:35:16+00:00,Unavailable,,
350216575,410503-A,Tumbling for 3's (Age: 3),ENJOYSUMMER1,,07/09/2026,08/13/2026,1:00 pm,1:45 pm,Th,Barcroft Fitness Center,3-3.99,$83.00/$103.00,2026-05-11T11:35:02+00:00,Unavailable,,
350216586,410503-B,Tumbling for 3's (Age: 3),ENJOYSUMMER1,,07/10/2026,08/14/2026,11:30 am,12:15 pm,F,Barcroft Fitness Center,3-3.99,$83.00/$103.00,2026-05-11T11:35:02+00:00,Unavailable,,
350216597,410503-C,Tumbling for 3's (Age: 3),ENJOYSUMMER1,,07/10/2026,08/14/2026,2:00 pm,2:45 pm,F,Barcroft Fitness Center,3-3.99,$83.00/$103.00,2026-05-11T11:35:02+00:00,Unavailable,,
350216608,410503-D,Tumbling for 3's (Age: 3),ENJOYSUMMER1,,07/11/2026,08/15/2026,9:30 am,10:15 am,Sa,Barcroft Fitness Center,3-3.99,$83.00/$103.00,2026-05-11T11:35:02+00:00,Unavailable,,
350216619,410503-E,Tumbling for 3's (Age: 3),ENJOYSUMMER1,,07/11/2026,08/15/2026,10:30 am,11:15 am,Sa,Barcroft Fitness Center,3-3.99,$83.00/$103.00,2026-05-11T11:35:02+00:00,Unavailable,,
350216630,410503-F,Tumbling for 3's (Age: 3),ENJOYSUMMER1,,07/12/2026,08/16/2026,1:00 pm,1:45 pm,Su,Barcroft Fitness Center,3-3.99,$83.00/$103.00,2026-05-11T11:35:02+00:00,Unavailable,,
350216652,410503-G,Tumbling for 3's (Age: 3),ENJOYSUMMER1,,07/06/2026,08/10/2026 *,2:00 pm,2:45 pm,M,Barcroft Fitness Center,3-3.99,$69.00/$89.00,2026-05-11T11:35:02+00:00,Unavailable,,
350216663,410503-H,Tumbling for 3's (Age: 3),ENJOYSUMMER1,,07/07/2026,08/11/2026 *,1:00 pm,1:45 pm,Tu,Barcroft Fitness Center,3-3.99,$69.00/$89.00,2026-05-11T11:35:02+00:00,Unavailable,,
350216674,410503-I,Tumbling for 3's (Age: 3),ENJOYSUMMER1,,07/07/2026,08/11/2026 *,3:00 pm,3:45 pm,Tu,Barcroft Fitness Center,3-3.99,$69.00/$89.00,2026-05-11T11:35:02+00:00,Unavailable,,
350216685,410503-J,Tumbling for 3's (Age: 3),ENJOYSUMMER1,,07/08/2026,08/12/2026 *,11:30 am,12:15 pm,W,Barcroft Fitness Center,3-3.99,$69.00/$89.00,2026-05-11T11:35:02+00:00,Unavailable,,
350216696,410503-K,Tumbling for 3's (Age: 3),ENJOYSUMMER1,,07/08/2026,08/12/2026 *,2:00 pm,2:45 pm,W,Barcroft Fitness Center,3-3.99,$69.00/$89.00,2026-05-11T11:35:02+00:00,Unavailable,,
350216476,410502-A,Tumbling for Toddlers (Age: 1.5-2),ENJOYSUMMER1,,07/09/2026,08/13/2026,11:30 am,12:15 pm,Th,Barcroft Fitness Center,1.5-2.99,$83.00/$103.00,2026-05-11T11:35:02+00:00,Unavailable,,
350216487,410502-B,Tumbling for Toddlers (Age: 1.5-2),ENJOYSUMMER1,,07/09/2026,08/13/2026,2:00 pm,2:45 pm,Th,Barcroft Fitness Center,1.5-2.99,$83.00/$103.00,2026-05-11T11:35:02+00:00,Unavailable,,
350216498,410502-C,Tumbling for Toddlers (Age: 1.5-2),ENJOYSUMMER1,,07/10/2026,08/14/2026,1:00 pm,1:45 pm,F,Barcroft Fitness Center,1.5-2.99,$83.00/$103.00,2026-05-11T11:35:02+00:00,Unavailable,,
350216509,410502-D,Tumbling for Toddlers (Age: 1.5-2),ENJOYSUMMER1,,07/11/2026,08/15/2026,8:30 am,9:15 am,Sa,Barcroft Fitness Center,1.5-2.99,$83.00/$103.00,2026-05-11T11:35:02+00:00,Unavailable,,
350216520,410502-E,Tumbling for Toddlers (Age: 1.5-2),ENJOYSUMMER1,,07/12/2026,08/16/2026,12:00 pm,12:45 pm,Su,Barcroft Fitness Center,1.5-2.99,$83.00/$103.00,2026-05-11T11:35:02+00:00,Unavailable,,
350216542,410502-F,Tumbling for Toddlers (Age: 1.5-2),ENJOYSUMMER1,,07/07/2026,08/11/2026 *,11:30 am,12:15 pm,Tu,Barcroft Fitness Center,1.5-2.99,$69.00/$89.00,2026-05-11T11:35:02+00:00,Unavailable,,
350216553,410502-G,Tumbling for Toddlers (Age: 1.5-2),ENJOYSUMMER1,,07/07/2026,08/11/2026 *,2:00 pm,2:45 pm,Tu,Barcroft Fitness Center,1.5-2.99,$69.00/$89.00,2026-05-11T11:35:02+00:00,Unavailable,,
350216564,410502-H,Tumbling for Toddlers (Age: 1.5-2),ENJOYSUMMER1,,07/08/2026,08/12/2026 *,1:00 pm,1:45 pm,W,Barcroft Fitness Center,1.5-2.99,$69.00/$89.00,2026-05-11T11:35:02+00:00,Unavailable,,
350225913,440312-A,WERQ,ENJOYSUMMER,,06/25/2026,08/27/2026,7:00 pm,8:00 pm,Th,Walter Reed Center,18-99.99,$150.00/$170.00,2026-05-11T11:35:16+00:00,Unavailable,,
350225924,440312-B,WERQ,ENJOYSUMMER,,06/24/2026,08/12/2026,6:30 pm,7:30 pm,W,Long Bridge Aquatics Center,18-99.99,$120.00/$140.00,2026-05-11T11:35:16+00:00,Unavailable,,
350200801,410400-A,Water Babies,ENJOYSUMMER2,,06/22/2026,08/10/2026,10:00 am,10:30 am,M,Long Bridge Aquatics Center,0.5-1.5,$80.00/$100.00,2026-05-11T11:35:06+00:00,Unavailable,,
350200813,410400-B,Water Babies,ENJOYSUMMER2,,06/22/2026,08/10/2026,4:00 pm,4:30 pm,M,Long Bridge Aquatics Center,0.5-1.5,$80.00/$100.00,2026-05-11T11:35:06+00:00,Unavailable,,
350200824,410400-C,Water Babies,ENJOYSUMMER2,,06/23/2026,08/11/2026,10:00 am,10:30 am,Tu,Long Bridge Aquatics Center,0.5-1.5,$80.00/$100.00,2026-05-11T11:35:06+00:00,Unavailable,,
350200836,410400-D,Water Babies,ENJOYSUMMER2,,06/24/2026,08/12/2026,4:00 pm,4:30 pm,W,Long Bridge Aquatics Center,0.5-1.5,$80.00/$100.00,2026-05-11T11:35:06+00:00,Unavailable,,
350200847,410400-E,Water Babies,ENJOYSUMMER2,,06/26/2026,08/14/2026 *,4:00 pm,4:30 pm,F,Long Bridge Aquatics Center,0.5-1.5,$70.00/$90.00,2026-05-11T11:35:06+00:00,Unavailable,,
350200858,410400-F,Water Babies,ENJOYSUMMER2,,06/27/2026,08/15/2026 *,9:05 am,9:35 am,Sa,Long Bridge Aquatics Center,0.5-1.5,$70.00/$90.00,2026-05-11T11:35:06+00:00,Unavailable,,
350200869,410400-G,Water Babies,ENJOYSUMMER2,,06/27/2026,08/15/2026 *,9:40 am,10:10 am,Sa,Long Bridge Aquatics Center,0.5-1.5,$70.00/$90.00,2026-05-11T11:35:06+00:00,Unavailable,,
350200880,410400-H,Water Babies,ENJOYSUMMER2,,06/27/2026,08/15/2026 *,11:20 am,11:50 am,Sa,Long Bridge Aquatics Center,0.5-1.5,$70.00/$90.00,2026-05-11T11:35:06+00:00,Unavailable,,
350200891,410400-I,Water Babies,ENJOYSUMMER2,,06/28/2026,08/16/2026 *,8:30 am,9:00 am,Su,Long Bridge Aquatics Center,0.5-1.5,$70.00/$90.00,2026-05-11T11:35:06+00:00,Unavailable,,
350200902,410400-J,Water Babies,ENJOYSUMMER2,,06/28/2026,08/16/2026 *,10:15 am,10:45 am,Su,Long Bridge Aquatics Center,0.5-1.5,$70.00/$90.00,2026-05-11T11:35:06+00:00,Unavailable,,
350200913,410401-A,Water Tots,ENJOYSUMMER2,,06/22/2026,08/10/2026,10:35 am,11:05 am,M,Long Bridge Aquatics Center,1.5-2.5,$80.00/$100.00,2026-05-11T11:35:06+00:00,Unavailable,,
350200924,410401-B,Water Tots,ENJOYSUMMER2,,06/22/2026,08/10/2026,4:35 pm,5:05 pm,M,Long Bridge Aquatics Center,1.5-2.5,$80.00/$100.00,2026-05-11T11:35:06+00:00,Unavailable,,
350200935,410401-C,Water Tots,ENJOYSUMMER2,,06/23/2026,08/11/2026,10:35 am,11:05 am,Tu,Long Bridge Aquatics Center,1.5-2.5,$80.00/$100.00,2026-05-11T11:35:06+00:00,Unavailable,,
350200946,410401-D,Water Tots,ENJOYSUMMER2,,06/23/2026,08/11/2026,4:00 pm,4:30 pm,Tu,Long Bridge Aquatics Center,1.5-2.5,$80.00/$100.00,2026-05-11T11:35:06+00:00,Unavailable,,
350200957,410401-E,Water Tots,ENJOYSUMMER2,,06/24/2026,08/12/2026,4:35 pm,5:05 pm,W,Long Bridge Aquatics Center,1.5-2.5,$80.00/$100.00,2026-05-11T11:35:06+00:00,Unavailable,,
350200968,410401-F,Water Tots,ENJOYSUMMER2,,06/25/2026,08/13/2026,4:00 pm,4:30 pm,Th,Long Bridge Aquatics Center,1.5-2.5,$80.00/$100.00,2026-05-11T11:35:06+00:00,Unavailable,,
350200979,410401-G,Water Tots,ENJOYSUMMER2,,06/26/2026,08/14/2026 *,4:35 pm,5:05 pm,F,Long Bridge Aquatics Center,1.5-2.5,$70.00/$90.00,2026-05-11T11:35:06+00:00,Unavailable,,
350200990,410401-H,Water Tots,ENJOYSUMMER2,,06/27/2026,08/15/2026 *,8:30 am,9:00 am,Sa,Long Bridge Aquatics Center,1.5-2.5,$70.00/$90.00,2026-05-11T11:35:06+00:00,Unavailable,,
350201001,410401-I,Water Tots,ENJOYSUMMER2,,06/27/2026,08/15/2026 *,9:05 am,9:35 am,Sa,Long Bridge Aquatics Center,1.5-2.5,$70.00/$90.00,2026-05-11T11:35:06+00:00,Unavailable,,
350201012,410401-J,Water Tots,ENJOYSUMMER2,,06/27/2026,08/15/2026 *,10:15 am,10:45 am,Sa,Long Bridge Aquatics Center,1.5-2.5,$70.00/$90.00,2026-05-11T11:35:06+00:00,Unavailable,,
350201023,410401-K,Water Tots,ENJOYSUMMER2,,06/27/2026,08/15/2026 *,10:50 am,11:20 am,Sa,Long Bridge Aquatics Center,1.5-2.5,$70.00/$90.00,2026-05-11T11:35:06+00:00,Unavailable,,
350201034,410401-L,Water Tots,ENJOYSUMMER2,,06/28/2026,08/16/2026 *,9:05 am,9:35 am,Su,Long Bridge Aquatics Center,1.5-2.5,$70.00/$90.00,2026-05-11T11:35:06+00:00,Unavailable,,
350201045,410401-M,Water Tots,ENJOYSUMMER2,,06/28/2026,08/16/2026 *,11:25 am,11:55 am,Su,Long Bridge Aquatics Center,1.5-2.5,$70.00/$90.00,2026-05-11T11:35:06+00:00,Unavailable,,
350225663,420616-A,World Cup Soccer,ENJOYSUMMER,,06/27/2026,08/22/2026 *,12:05 pm,1:05 pm,Sa,Arlington Mill,9-12.99,$189.00/$209.00,2026-05-11T11:35:16+00:00,Unavailable,,
350203394,420405-A,Youth Advanced Swim,ENJOYSUMMER2,,06/22/2026,08/10/2026,4:45 pm,5:40 pm,M,Long Bridge Aquatics Center,8-13.99,$112.00/$132.00,2026-05-11T11:35:06+00:00,Unavailable,,
350203405,420405-B,Youth Advanced Swim,ENJOYSUMMER2,,06/22/2026,08/10/2026,8:00 pm,8:55 pm,M,Long Bridge Aquatics Center,8-13.99,$112.00/$132.00,2026-05-11T11:35:06+00:00,Unavailable,,
350203416,420405-C,Youth Advanced Swim,ENJOYSUMMER2,,06/23/2026,08/11/2026,5:30 pm,6:25 pm,Tu,Long Bridge Aquatics Center,8-13.99,$112.00/$132.00,2026-05-11T11:35:06+00:00,Unavailable,,
350203427,420405-D,Youth Advanced Swim,ENJOYSUMMER2,,06/23/2026,08/11/2026,7:45 pm,8:40 pm,Tu,Long Bridge Aquatics Center,8-13.99,$112.00/$132.00,2026-05-11T11:35:06+00:00,Unavailable,,
350203438,420405-E,Youth Advanced Swim,ENJOYSUMMER2,,06/24/2026,08/12/2026,4:45 pm,5:40 pm,W,Long Bridge Aquatics Center,8-13.99,$112.00/$132.00,2026-05-11T11:35:06+00:00,Unavailable,,
350203449,420405-F,Youth Advanced Swim,ENJOYSUMMER2,,06/24/2026,08/12/2026,8:00 pm,8:55 pm,W,Long Bridge Aquatics Center,8-13.99,$112.00/$132.00,2026-05-11T11:35:06+00:00,Unavailable,,
350203460,420405-G,Youth Advanced Swim,ENJOYSUMMER2,,06/25/2026,08/13/2026,5:30 pm,6:25 pm,Th,Long Bridge Aquatics Center,8-13.99,$112.00/$132.00,2026-05-11T11:35:06+00:00,Unavailable,,
350203472,420405-H,Youth Advanced Swim,ENJOYSUMMER2,,06/25/2026,08/13/2026,7:45 pm,8:40 pm,Th,Long Bridge Aquatics Center,8-13.99,$112.00/$132.00,2026-05-11T11:35:06+00:00,Unavailable,,
350203483,420405-I,Youth Advanced Swim,ENJOYSUMMER2,,06/26/2026,08/14/2026 *,4:35 pm,5:30 pm,F,Long Bridge Aquatics Center,8-13.99,$98.00/$118.00,2026-05-11T11:35:06+00:00,Unavailable,,
350203494,420405-J,Youth Advanced Swim,ENJOYSUMMER2,,06/27/2026,08/15/2026 *,10:00 am,10:55 am,Sa,Long Bridge Aquatics Center,8-13.99,$98.00/$118.00,2026-05-11T11:35:06+00:00,Unavailable,,
350203505,420405-K,Youth Advanced Swim,ENJOYSUMMER2,,06/28/2026,08/16/2026 *,8:30 am,9:25 am,Su,Long Bridge Aquatics Center,8-13.99,$98.00/$118.00,2026-05-11T11:35:06+00:00,Unavailable,,
350203516,420406-A,Youth Beginning Diving,ENJOYSUMMER2,,06/22/2026,08/10/2026,8:15 am,8:55 am,M,Long Bridge Aquatics Center,6-12.99,$112.00/$132.00,2026-05-11T11:35:06+00:00,Unavailable,,
350203527,420406-B,Youth Beginning Diving,ENJOYSUMMER2,,06/26/2026,08/14/2026 *,4:10 pm,4:50 pm,F,Long Bridge Aquatics Center,6-12.99,$98.00/$118.00,2026-05-11T11:35:06+00:00,Unavailable,,
350203538,420406-C,Youth Beginning Diving,ENJOYSUMMER2,,06/27/2026,08/15/2026 *,10:10 am,10:50 am,Sa,Long Bridge Aquatics Center,6-12.99,$98.00/$118.00,2026-05-11T11:35:06+00:00,Unavailable,,
350203549,420406-D,Youth Beginning Diving,ENJOYSUMMER2,,06/28/2026,08/16/2026 *,3:15 pm,3:55 pm,Su,Long Bridge Aquatics Center,6-12.99,$98.00/$118.00,2026-05-11T11:35:06+00:00,Unavailable,,
350203560,420407-A,Youth Intermediate Diving,ENJOYSUMMER2,,06/22/2026,08/10/2026,9:00 am,9:40 am,M,Long Bridge Aquatics Center,6-12.99,$112.00/$132.00,2026-05-11T11:35:06+00:00,Unavailable,,
350203571,420407-B,Youth Intermediate Diving,ENJOYSUMMER2,,06/27/2026,08/15/2026 *,10:55 am,11:35 am,Sa,Long Bridge Aquatics Center,6-12.99,$98.00/$118.00,2026-05-11T11:35:06+00:00,Unavailable,,
355173402,420407-C,Youth Intermediate Diving,ENJOYSUMMER2,,06/28/2026,08/16/2026,10:10 am,10:50 am,Su,Long Bridge Aquatics Center,6-12.99,$98.00/$118.00,2026-05-11T11:35:06+00:00,Unavailable,,
350203593,420407-D,Youth Intermediate Diving,ENJOYSUMMER2,,06/28/2026,08/16/2026 *,4:00 pm,4:40 pm,Su,Long Bridge Aquatics Center,6-12.99,$98.00/$118.00,2026-05-11T11:35:06+00:00,Unavailable,,
350226004,440344-A,Zumba,ENJOYSUMMER,,06/24/2026,08/26/2026,7:00 pm,8:00 pm,W,Lubber Run,16-99.99,$150.00/$170.00,2026-05-11T11:35:16+00:00,Unavailable,,
350226015,440344-B,Zumba,ENJOYSUMMER,,06/22/2026,08/10/2026,7:00 pm,8:00 pm,M,Long Bridge Aquatics Center,16-99.99,$120.00/$140.00,2026-05-11T11:35:16+00:00,Unavailable,,
350226026,440344-C,Zumba,ENJOYSUMMER,,06/24/2026,08/12/2026,9:30 am,10:30 am,W,Lubber Run,18-99.99,$120.00/$140.00,2026-05-11T11:35:16+00:00,Unavailable,,
350226037,440344-D,Zumba,ENJOYSUMMER,,06/25/2026,08/13/2026,11:20 am,12:20 pm,Th,Barcroft Fitness Center,18-99.99,$120.00/$140.00,2026-05-11T11:35:16+00:00,Unavailable,,
350224339,410300-A,Zumba Adult/Tot,ENJOYSUMMER,,06/30/2026,08/11/2026,5:00 pm,5:45 pm,Tu,Long Bridge Aquatics Center,3-5.99,$154.00/$174.00,2026-05-11T11:35:16+00:00,Unavailable,,
350224350,410301-A,Zumba Kids,ENJOYSUMMER,,06/30/2026,08/11/2026,6:00 pm,6:45 pm,Tu,Long Bridge Aquatics Center,5-8.99,$154.00/$174.00,2026-05-11T11:35:16+00:00,Unavailable,,
