fmid,ts,status,enrolled,waitlist
350201635,2026-05-11T04:17:17+00:00,Unavailable,0,0
350201712,2026-05-11T04:17:17+00:00,Unavailable,0,0
350201635,2026-05-11T04:38:21+00:00,Unavailable,0,0
350201712,2026-05-11T04:38:21+00:00,Unavailable,0,0
350216376,2026-05-11T08:00:04+00:00,Unavailable,,
350216387,2026-05-11T08:00:04+00:00,Unavailable,,
350216398,2026-05-11T08:00:04+00:00,Unavailable,,
350216409,2026-05-11T08:00:04+00:00,Unavailable,,
350216431,2026-05-11T08:00:04+00:00,Unavailable,,
350216442,2026-05-11T08:00:04+00:00,Unavailable,,
350216453,2026-05-11T08:00:04+00:00,Unavailable,,
350216465,2026-05-11T08:00:04+00:00,Unavailable,,
350216476,2026-05-11T08:00:04+00:00,Unavailable,,
350216487,2026-05-11T08:00:04+00:00,Unavailable,,
350216498,2026-05-11T08:00:04+00:00,Unavailable,,
350216509,2026-05-11T08:00:04+00:00,Unavailable,,
350216520,2026-05-11T08:00:04+00:00,Unavailable,,
350216542,2026-05-11T08:00:04+00:00,Unavailable,,
350216553,2026-05-11T08:00:04+00:00,Unavailable,,
350216564,2026-05-11T08:00:04+00:00,Unavailable,,
350216575,2026-05-11T08:00:04+00:00,Unavailable,,
350216586,2026-05-11T08:00:04+00:00,Unavailable,,
350216597,2026-05-11T08:00:04+00:00,Unavailable,,
350216608,2026-05-11T08:00:04+00:00,Unavailable,,
350216619,2026-05-11T08:00:04+00:00,Unavailable,,
350216630,2026-05-11T08:00:04+00:00,Unavailable,,
350216652,2026-05-11T08:00:04+00:00,Unavailable,,
350216663,2026-05-11T08:00:04+00:00,Unavailable,,
350216674,2026-05-11T08:00:04+00:00,Unavailable,,
350216685,2026-05-11T08:00:04+00:00,Unavailable,,
350216696,2026-05-11T08:00:04+00:00,Unavailable,,
350216707,2026-05-11T08:00:04+00:00,Unavailable,,
350216718,2026-05-11T08:00:04+00:00,Unavailable,,
350216729,2026-05-11T08:00:04+00:00,Unavailable,,
350216740,2026-05-11T08:00:04+00:00,Unavailable,,
350216751,2026-05-11T08:00:04+00:00,Unavailable,,
350216762,2026-05-11T08:00:04+00:00,Unavailable,,
350216773,2026-05-11T08:00:04+00:00,Unavailable,,
350216784,2026-05-11T08:00:04+00:00,Unavailable,,
350216795,2026-05-11T08:00:04+00:00,Unavailable,,
350216806,2026-05-11T08:00:04+00:00,Unavailable,,
350216817,2026-05-11T08:00:04+00:00,Unavailable,,
350216828,2026-05-11T08:00:04+00:00,Unavailable,,
350216839,2026-05-11T08:00:04+00:00,Unavailable,,
350216850,2026-05-11T08:00:04+00:00,Unavailable,,
350216861,2026-05-11T08:00:04+00:00,Unavailable,,
350216872,2026-05-11T08:00:04+00:00,Unavailable,,
350216884,2026-05-11T08:00:04+00:00,Unavailable,,
350216895,2026-05-11T08:00:04+00:00,Unavailable,,
350216906,2026-05-11T08:00:04+00:00,Unavailable,,
350216917,2026-05-11T08:00:04+00:00,Unavailable,,
350216928,2026-05-11T08:00:04+00:00,Unavailable,,
350216939,2026-05-11T08:00:04+00:00,Unavailable,,
350216950,2026-05-11T08:00:04+00:00,Unavailable,,
350216961,2026-05-11T08:00:04+00:00,Unavailable,,
350216972,2026-05-11T08:00:04+00:00,Unavailable,,
350216994,2026-05-11T08:00:04+00:00,Unavailable,,
350217005,2026-05-11T08:00:04+00:00,Unavailable,,
350217016,2026-05-11T08:00:04+00:00,Unavailable,,
350217027,2026-05-11T08:00:04+00:00,Unavailable,,
350217049,2026-05-11T08:00:04+00:00,Unavailable,,
350217071,2026-05-11T08:00:04+00:00,Unavailable,,
350217083,2026-05-11T08:00:04+00:00,Unavailable,,
350217105,2026-05-11T08:00:04+00:00,Unavailable,,
350217117,2026-05-11T08:00:04+00:00,Unavailable,,
350217128,2026-05-11T08:00:04+00:00,Unavailable,,
350217150,2026-05-11T08:00:04+00:00,Unavailable,,
350217162,2026-05-11T08:00:04+00:00,Unavailable,,
350217174,2026-05-11T08:00:04+00:00,Unavailable,,
350217185,2026-05-11T08:00:04+00:00,Unavailable,,
350217207,2026-05-11T08:00:04+00:00,Unavailable,,
350217218,2026-05-11T08:00:04+00:00,Unavailable,,
350217240,2026-05-11T08:00:04+00:00,Unavailable,,
350217251,2026-05-11T08:00:04+00:00,Unavailable,,
350217262,2026-05-11T08:00:04+00:00,Unavailable,,
350217273,2026-05-11T08:00:04+00:00,Unavailable,,
350217284,2026-05-11T08:00:04+00:00,Unavailable,,
350217295,2026-05-11T08:00:04+00:00,Unavailable,,
350217306,2026-05-11T08:00:04+00:00,Unavailable,,
350217317,2026-05-11T08:00:04+00:00,Unavailable,,
350217339,2026-05-11T08:00:04+00:00,Unavailable,,
350217353,2026-05-11T08:00:04+00:00,Unavailable,,
350217366,2026-05-11T08:00:04+00:00,Unavailable,,
350217379,2026-05-11T08:00:04+00:00,Unavailable,,
350217393,2026-05-11T08:00:04+00:00,Unavailable,,
350217404,2026-05-11T08:00:04+00:00,Unavailable,,
350217415,2026-05-11T08:00:04+00:00,Unavailable,,
350217426,2026-05-11T08:00:04+00:00,Unavailable,,
350217437,2026-05-11T08:00:04+00:00,Unavailable,,
350217448,2026-05-11T08:00:04+00:00,Unavailable,,
350732033,2026-05-11T08:00:04+00:00,Unavailable,,
350739304,2026-05-11T08:00:04+00:00,Unavailable,,
350740400,2026-05-11T08:00:04+00:00,Unavailable,,
350740938,2026-05-11T08:00:04+00:00,Unavailable,,
350741533,2026-05-11T08:00:04+00:00,Unavailable,,
350741599,2026-05-11T08:00:04+00:00,Unavailable,,
364675943,2026-05-11T08:00:04+00:00,Unavailable,,
364677421,2026-05-11T08:00:04+00:00,Unavailable,,
364677693,2026-05-11T08:00:04+00:00,Unavailable,,
364678079,2026-05-11T08:00:04+00:00,Unavailable,,
350200801,2026-05-11T08:00:08+00:00,Unavailable,,
350200813,2026-05-11T08:00:08+00:00,Unavailable,,
350200824,2026-05-11T08:00:08+00:00,Unavailable,,
350200836,2026-05-11T08:00:08+00:00,Unavailable,,
350200847,2026-05-11T08:00:08+00:00,Unavailable,,
350200858,2026-05-11T08:00:08+00:00,Unavailable,,
350200869,2026-05-11T08:00:08+00:00,Unavailable,,
350200880,2026-05-11T08:00:08+00:00,Unavailable,,
350200891,2026-05-11T08:00:08+00:00,Unavailable,,
350200902,2026-05-11T08:00:08+00:00,Unavailable,,
350200913,2026-05-11T08:00:08+00:00,Unavailable,,
350200924,2026-05-11T08:00:08+00:00,Unavailable,,
350200935,2026-05-11T08:00:08+00:00,Unavailable,,
350200946,2026-05-11T08:00:08+00:00,Unavailable,,
350200957,2026-05-11T08:00:08+00:00,Unavailable,,
350200968,2026-05-11T08:00:08+00:00,Unavailable,,
350200979,2026-05-11T08:00:08+00:00,Unavailable,,
350200990,2026-05-11T08:00:08+00:00,Unavailable,,
350201001,2026-05-11T08:00:08+00:00,Unavailable,,
350201012,2026-05-11T08:00:08+00:00,Unavailable,,
350201023,2026-05-11T08:00:08+00:00,Unavailable,,
350201034,2026-05-11T08:00:08+00:00,Unavailable,,
350201045,2026-05-11T08:00:08+00:00,Unavailable,,
350201058,2026-05-11T08:00:08+00:00,Unavailable,,
350201069,2026-05-11T08:00:08+00:00,Unavailable,,
350201080,2026-05-11T08:00:08+00:00,Unavailable,,
350201091,2026-05-11T08:00:08+00:00,Unavailable,,
350201102,2026-05-11T08:00:08+00:00,Unavailable,,
350201113,2026-05-11T08:00:08+00:00,Unavailable,,
350201124,2026-05-11T08:00:08+00:00,Unavailable,,
350201135,2026-05-11T08:00:08+00:00,Unavailable,,
350201146,2026-05-11T08:00:08+00:00,Unavailable,,
350201157,2026-05-11T08:00:08+00:00,Unavailable,,
350201170,2026-05-11T08:00:08+00:00,Unavailable,,
350201182,2026-05-11T08:00:08+00:00,Unavailable,,
350201193,2026-05-11T08:00:08+00:00,Unavailable,,
350201205,2026-05-11T08:00:08+00:00,Unavailable,,
350201216,2026-05-11T08:00:08+00:00,Unavailable,,
350201227,2026-05-11T08:00:08+00:00,Unavailable,,
350201238,2026-05-11T08:00:08+00:00,Unavailable,,
350201249,2026-05-11T08:00:08+00:00,Unavailable,,
350201260,2026-05-11T08:00:08+00:00,Unavailable,,
350201271,2026-05-11T08:00:08+00:00,Unavailable,,
350201283,2026-05-11T08:00:08+00:00,Unavailable,,
350201294,2026-05-11T08:00:08+00:00,Unavailable,,
350201305,2026-05-11T08:00:08+00:00,Unavailable,,
350201316,2026-05-11T08:00:08+00:00,Unavailable,,
350201327,2026-05-11T08:00:08+00:00,Unavailable,,
350201338,2026-05-11T08:00:08+00:00,Unavailable,,
350201349,2026-05-11T08:00:08+00:00,Unavailable,,
350201360,2026-05-11T08:00:08+00:00,Unavailable,,
350201371,2026-05-11T08:00:08+00:00,Unavailable,,
350201382,2026-05-11T08:00:08+00:00,Unavailable,,
350201393,2026-05-11T08:00:08+00:00,Unavailable,,
350201404,2026-05-11T08:00:08+00:00,Unavailable,,
350201415,2026-05-11T08:00:08+00:00,Unavailable,,
350201426,2026-05-11T08:00:08+00:00,Unavailable,,
350201437,2026-05-11T08:00:08+00:00,Unavailable,,
350201448,2026-05-11T08:00:08+00:00,Unavailable,,
350201459,2026-05-11T08:00:08+00:00,Unavailable,,
350201470,2026-05-11T08:00:08+00:00,Unavailable,,
350201481,2026-05-11T08:00:08+00:00,Unavailable,,
350201492,2026-05-11T08:00:08+00:00,Unavailable,,
350201503,2026-05-11T08:00:08+00:00,Unavailable,,
350201514,2026-05-11T08:00:08+00:00,Unavailable,,
350201525,2026-05-11T08:00:08+00:00,Unavailable,,
350201536,2026-05-11T08:00:08+00:00,Unavailable,,
350201547,2026-05-11T08:00:08+00:00,Unavailable,,
350201558,2026-05-11T08:00:08+00:00,Unavailable,,
350201569,2026-05-11T08:00:08+00:00,Unavailable,,
350201580,2026-05-11T08:00:08+00:00,Unavailable,,
350201591,2026-05-11T08:00:08+00:00,Unavailable,,
350201602,2026-05-11T08:00:08+00:00,Unavailable,,
350201613,2026-05-11T08:00:08+00:00,Unavailable,,
350201624,2026-05-11T08:00:08+00:00,Unavailable,,
350201635,2026-05-11T08:00:08+00:00,Unavailable,,
350201646,2026-05-11T08:00:08+00:00,Unavailable,,
350201657,2026-05-11T08:00:08+00:00,Unavailable,,
350201668,2026-05-11T08:00:08+00:00,Unavailable,,
350201679,2026-05-11T08:00:08+00:00,Unavailable,,
350201690,2026-05-11T08:00:08+00:00,Unavailable,,
350201701,2026-05-11T08:00:08+00:00,Unavailable,,
350201712,2026-05-11T08:00:08+00:00,Unavailable,,
350201723,2026-05-11T08:00:08+00:00,Unavailable,,
350201735,2026-05-11T08:00:08+00:00,Unavailable,,
350201746,2026-05-11T08:00:08+00:00,Unavailable,,
350201757,2026-05-11T08:00:08+00:00,Unavailable,,
350201768,2026-05-11T08:00:08+00:00,Unavailable,,
350201779,2026-05-11T08:00:08+00:00,Unavailable,,
350201790,2026-05-11T08:00:08+00:00,Unavailable,,
350201801,2026-05-11T08:00:08+00:00,Unavailable,,
350201812,2026-05-11T08:00:08+00:00,Unavailable,,
350201823,2026-05-11T08:00:08+00:00,Unavailable,,
350201834,2026-05-11T08:00:08+00:00,Unavailable,,
350201845,2026-05-11T08:00:08+00:00,Unavailable,,
350201856,2026-05-11T08:00:08+00:00,Unavailable,,
350201867,2026-05-11T08:00:08+00:00,Unavailable,,
350201879,2026-05-11T08:00:08+00:00,Unavailable,,
350201890,2026-05-11T08:00:08+00:00,Unavailable,,
350201901,2026-05-11T08:00:08+00:00,Unavailable,,
350201912,2026-05-11T08:00:08+00:00,Unavailable,,
350201924,2026-05-11T08:00:08+00:00,Unavailable,,
350201935,2026-05-11T08:00:08+00:00,Unavailable,,
350201947,2026-05-11T08:00:08+00:00,Unavailable,,
350201958,2026-05-11T08:00:08+00:00,Unavailable,,
350201969,2026-05-11T08:00:08+00:00,Unavailable,,
350201980,2026-05-11T08:00:08+00:00,Unavailable,,
350201991,2026-05-11T08:00:08+00:00,Unavailable,,
350202003,2026-05-11T08:00:08+00:00,Unavailable,,
350202018,2026-05-11T08:00:08+00:00,Unavailable,,
350202032,2026-05-11T08:00:08+00:00,Unavailable,,
350202045,2026-05-11T08:00:08+00:00,Unavailable,,
350202056,2026-05-11T08:00:08+00:00,Unavailable,,
350202069,2026-05-11T08:00:08+00:00,Unavailable,,
350202080,2026-05-11T08:00:08+00:00,Unavailable,,
350202091,2026-05-11T08:00:08+00:00,Unavailable,,
350202102,2026-05-11T08:00:08+00:00,Unavailable,,
350202113,2026-05-11T08:00:08+00:00,Unavailable,,
350202124,2026-05-11T08:00:08+00:00,Unavailable,,
350202135,2026-05-11T08:00:08+00:00,Unavailable,,
350202146,2026-05-11T08:00:08+00:00,Unavailable,,
350202157,2026-05-11T08:00:08+00:00,Unavailable,,
350202168,2026-05-11T08:00:08+00:00,Unavailable,,
350202180,2026-05-11T08:00:08+00:00,Unavailable,,
350202191,2026-05-11T08:00:08+00:00,Unavailable,,
350202202,2026-05-11T08:00:08+00:00,Unavailable,,
350202213,2026-05-11T08:00:08+00:00,Unavailable,,
350202224,2026-05-11T08:00:08+00:00,Unavailable,,
350202235,2026-05-11T08:00:08+00:00,Unavailable,,
350202246,2026-05-11T08:00:08+00:00,Unavailable,,
350202257,2026-05-11T08:00:08+00:00,Unavailable,,
350202268,2026-05-11T08:00:08+00:00,Unavailable,,
350202279,2026-05-11T08:00:08+00:00,Unavailable,,
350202290,2026-05-11T08:00:08+00:00,Unavailable,,
350202301,2026-05-11T08:00:08+00:00,Unavailable,,
350202312,2026-05-11T08:00:08+00:00,Unavailable,,
350202323,2026-05-11T08:00:08+00:00,Unavailable,,
350202334,2026-05-11T08:00:08+00:00,Unavailable,,
350202347,2026-05-11T08:00:08+00:00,Unavailable,,
350202361,2026-05-11T08:00:08+00:00,Unavailable,,
350202372,2026-05-11T08:00:08+00:00,Unavailable,,
350202383,2026-05-11T08:00:08+00:00,Unavailable,,
350202394,2026-05-11T08:00:08+00:00,Unavailable,,
350202406,2026-05-11T08:00:08+00:00,Unavailable,,
350202417,2026-05-11T08:00:08+00:00,Unavailable,,
350202429,2026-05-11T08:00:08+00:00,Unavailable,,
350202440,2026-05-11T08:00:08+00:00,Unavailable,,
350202451,2026-05-11T08:00:08+00:00,Unavailable,,
350202462,2026-05-11T08:00:08+00:00,Unavailable,,
350202473,2026-05-11T08:00:08+00:00,Unavailable,,
350202484,2026-05-11T08:00:08+00:00,Unavailable,,
350202495,2026-05-11T08:00:08+00:00,Unavailable,,
350202506,2026-05-11T08:00:08+00:00,Unavailable,,
350202517,2026-05-11T08:00:08+00:00,Unavailable,,
350202528,2026-05-11T08:00:08+00:00,Unavailable,,
350202539,2026-05-11T08:00:08+00:00,Unavailable,,
350202551,2026-05-11T08:00:08+00:00,Unavailable,,
350202562,2026-05-11T08:00:08+00:00,Unavailable,,
350202573,2026-05-11T08:00:08+00:00,Unavailable,,
350202584,2026-05-11T08:00:08+00:00,Unavailable,,
350202595,2026-05-11T08:00:08+00:00,Unavailable,,
350202607,2026-05-11T08:00:08+00:00,Unavailable,,
350202618,2026-05-11T08:00:08+00:00,Unavailable,,
350202631,2026-05-11T08:00:08+00:00,Unavailable,,
350202642,2026-05-11T08:00:08+00:00,Unavailable,,
350202654,2026-05-11T08:00:08+00:00,Unavailable,,
350202665,2026-05-11T08:00:08+00:00,Unavailable,,
350202676,2026-05-11T08:00:08+00:00,Unavailable,,
350202687,2026-05-11T08:00:08+00:00,Unavailable,,
350202698,2026-05-11T08:00:08+00:00,Unavailable,,
350202709,2026-05-11T08:00:08+00:00,Unavailable,,
350202720,2026-05-11T08:00:08+00:00,Unavailable,,
350202731,2026-05-11T08:00:08+00:00,Unavailable,,
350202742,2026-05-11T08:00:08+00:00,Unavailable,,
350202753,2026-05-11T08:00:08+00:00,Unavailable,,
350202764,2026-05-11T08:00:08+00:00,Unavailable,,
350202775,2026-05-11T08:00:08+00:00,Unavailable,,
350202786,2026-05-11T08:00:08+00:00,Unavailable,,
350202797,2026-05-11T08:00:08+00:00,Unavailable,,
350202808,2026-05-11T08:00:08+00:00,Unavailable,,
350202819,2026-05-11T08:00:08+00:00,Unavailable,,
350202830,2026-05-11T08:00:08+00:00,Unavailable,,
350202841,2026-05-11T08:00:08+00:00,Unavailable,,
350202852,2026-05-11T08:00:08+00:00,Unavailable,,
350202863,2026-05-11T08:00:08+00:00,Unavailable,,
350202874,2026-05-11T08:00:08+00:00,Unavailable,,
350202885,2026-05-11T08:00:08+00:00,Unavailable,,
350202896,2026-05-11T08:00:08+00:00,Unavailable,,
350202908,2026-05-11T08:00:08+00:00,Unavailable,,
350202919,2026-05-11T08:00:08+00:00,Unavailable,,
350202930,2026-05-11T08:00:08+00:00,Unavailable,,
350202941,2026-05-11T08:00:08+00:00,Unavailable,,
350202952,2026-05-11T08:00:08+00:00,Unavailable,,
350202963,2026-05-11T08:00:08+00:00,Unavailable,,
350202974,2026-05-11T08:00:08+00:00,Unavailable,,
350202985,2026-05-11T08:00:08+00:00,Unavailable,,
350202996,2026-05-11T08:00:08+00:00,Unavailable,,
350203007,2026-05-11T08:00:08+00:00,Unavailable,,
350203018,2026-05-11T08:00:08+00:00,Unavailable,,
350203029,2026-05-11T08:00:08+00:00,Unavailable,,
350203040,2026-05-11T08:00:08+00:00,Unavailable,,
350203051,2026-05-11T08:00:08+00:00,Unavailable,,
350203062,2026-05-11T08:00:08+00:00,Unavailable,,
350203073,2026-05-11T08:00:08+00:00,Unavailable,,
350203084,2026-05-11T08:00:08+00:00,Unavailable,,
350203095,2026-05-11T08:00:08+00:00,Unavailable,,
350203106,2026-05-11T08:00:08+00:00,Unavailable,,
350203117,2026-05-11T08:00:08+00:00,Unavailable,,
350203128,2026-05-11T08:00:08+00:00,Unavailable,,
350203139,2026-05-11T08:00:08+00:00,Unavailable,,
350203150,2026-05-11T08:00:08+00:00,Unavailable,,
350203162,2026-05-11T08:00:08+00:00,Unavailable,,
350203173,2026-05-11T08:00:08+00:00,Unavailable,,
350203184,2026-05-11T08:00:08+00:00,Unavailable,,
350203195,2026-05-11T08:00:08+00:00,Unavailable,,
350203206,2026-05-11T08:00:08+00:00,Unavailable,,
350203217,2026-05-11T08:00:08+00:00,Unavailable,,
350203228,2026-05-11T08:00:08+00:00,Unavailable,,
350203239,2026-05-11T08:00:08+00:00,Unavailable,,
350203250,2026-05-11T08:00:08+00:00,Unavailable,,
350203261,2026-05-11T08:00:08+00:00,Unavailable,,
350203272,2026-05-11T08:00:08+00:00,Unavailable,,
350203283,2026-05-11T08:00:08+00:00,Unavailable,,
350203294,2026-05-11T08:00:08+00:00,Unavailable,,
350203305,2026-05-11T08:00:08+00:00,Unavailable,,
350203316,2026-05-11T08:00:08+00:00,Unavailable,,
350203327,2026-05-11T08:00:08+00:00,Unavailable,,
350203338,2026-05-11T08:00:08+00:00,Unavailable,,
350203349,2026-05-11T08:00:08+00:00,Unavailable,,
350203360,2026-05-11T08:00:08+00:00,Unavailable,,
350203371,2026-05-11T08:00:08+00:00,Unavailable,,
350203383,2026-05-11T08:00:08+00:00,Unavailable,,
350203394,2026-05-11T08:00:08+00:00,Unavailable,,
350203405,2026-05-11T08:00:08+00:00,Unavailable,,
350203416,2026-05-11T08:00:08+00:00,Unavailable,,
350203427,2026-05-11T08:00:08+00:00,Unavailable,,
350203438,2026-05-11T08:00:08+00:00,Unavailable,,
350203449,2026-05-11T08:00:08+00:00,Unavailable,,
350203460,2026-05-11T08:00:08+00:00,Unavailable,,
350203472,2026-05-11T08:00:08+00:00,Unavailable,,
350203483,2026-05-11T08:00:08+00:00,Unavailable,,
350203494,2026-05-11T08:00:08+00:00,Unavailable,,
350203505,2026-05-11T08:00:08+00:00,Unavailable,,
350203516,2026-05-11T08:00:08+00:00,Unavailable,,
350203527,2026-05-11T08:00:08+00:00,Unavailable,,
350203538,2026-05-11T08:00:08+00:00,Unavailable,,
350203549,2026-05-11T08:00:08+00:00,Unavailable,,
350203560,2026-05-11T08:00:08+00:00,Unavailable,,
350203571,2026-05-11T08:00:08+00:00,Unavailable,,
350203593,2026-05-11T08:00:08+00:00,Unavailable,,
355173402,2026-05-11T08:00:08+00:00,Unavailable,,
350223957,2026-05-11T08:00:18+00:00,Unavailable,,
350223971,2026-05-11T08:00:18+00:00,Unavailable,,
350223985,2026-05-11T08:00:18+00:00,Unavailable,,
350223999,2026-05-11T08:00:18+00:00,Unavailable,,
350224011,2026-05-11T08:00:18+00:00,Unavailable,,
350224022,2026-05-11T08:00:18+00:00,Unavailable,,
350224033,2026-05-11T08:00:18+00:00,Unavailable,,
350224044,2026-05-11T08:00:18+00:00,Unavailable,,
350224055,2026-05-11T08:00:18+00:00,Unavailable,,
350224066,2026-05-11T08:00:18+00:00,Unavailable,,
350224077,2026-05-11T08:00:18+00:00,Unavailable,,
350224088,2026-05-11T08:00:18+00:00,Unavailable,,
350224102,2026-05-11T08:00:18+00:00,Unavailable,,
350224116,2026-05-11T08:00:18+00:00,Unavailable,,
350224130,2026-05-11T08:00:18+00:00,Unavailable,,
350224144,2026-05-11T08:00:18+00:00,Unavailable,,
350224158,2026-05-11T08:00:18+00:00,Unavailable,,
350224172,2026-05-11T08:00:18+00:00,Unavailable,,
350224186,2026-05-11T08:00:18+00:00,Unavailable,,
350224200,2026-05-11T08:00:18+00:00,Unavailable,,
350224214,2026-05-11T08:00:18+00:00,Unavailable,,
350224228,2026-05-11T08:00:18+00:00,Unavailable,,
350224239,2026-05-11T08:00:18+00:00,Unavailable,,
350224250,2026-05-11T08:00:18+00:00,Unavailable,,
350224261,2026-05-11T08:00:18+00:00,Unavailable,,
350224272,2026-05-11T08:00:18+00:00,Unavailable,,
350224283,2026-05-11T08:00:18+00:00,Unavailable,,
350224294,2026-05-11T08:00:18+00:00,Unavailable,,
350224305,2026-05-11T08:00:18+00:00,Unavailable,,
350224317,2026-05-11T08:00:18+00:00,Unavailable,,
350224328,2026-05-11T08:00:18+00:00,Unavailable,,
350224339,2026-05-11T08:00:18+00:00,Unavailable,,
350224350,2026-05-11T08:00:18+00:00,Unavailable,,
350224361,2026-05-11T08:00:18+00:00,Unavailable,,
350224372,2026-05-11T08:00:18+00:00,Unavailable,,
350224386,2026-05-11T08:00:18+00:00,Unavailable,,
350224401,2026-05-11T08:00:18+00:00,Unavailable,,
350224416,2026-05-11T08:00:18+00:00,Unavailable,,
350224433,2026-05-11T08:00:18+00:00,Unavailable,,
350224444,2026-05-11T08:00:18+00:00,Unavailable,,
350224455,2026-05-11T08:00:18+00:00,Unavailable,,
350224466,2026-05-11T08:00:18+00:00,Unavailable,,
350224477,2026-05-11T08:00:18+00:00,Unavailable,,
350224489,2026-05-11T08:00:18+00:00,Unavailable,,
350224500,2026-05-11T08:00:18+00:00,Unavailable,,
350224511,2026-05-11T08:00:18+00:00,Unavailable,,
350224522,2026-05-11T08:00:18+00:00,Unavailable,,
350224533,2026-05-11T08:00:18+00:00,Unavailable,,
350224544,2026-05-11T08:00:18+00:00,Unavailable,,
350224555,2026-05-11T08:00:18+00:00,Unavailable,,
350224566,2026-05-11T08:00:18+00:00,Unavailable,,
350224577,2026-05-11T08:00:18+00:00,Unavailable,,
350224588,2026-05-11T08:00:18+00:00,Unavailable,,
350224599,2026-05-11T08:00:18+00:00,Unavailable,,
350224612,2026-05-11T08:00:18+00:00,Unavailable,,
350224623,2026-05-11T08:00:18+00:00,Unavailable,,
350224634,2026-05-11T08:00:18+00:00,Unavailable,,
350224645,2026-05-11T08:00:18+00:00,Unavailable,,
350224658,2026-05-11T08:00:18+00:00,Unavailable,,
350224669,2026-05-11T08:00:18+00:00,Unavailable,,
350224680,2026-05-11T08:00:18+00:00,Unavailable,,
350224692,2026-05-11T08:00:18+00:00,Unavailable,,
350224703,2026-05-11T08:00:18+00:00,Unavailable,,
350224714,2026-05-11T08:00:18+00:00,Unavailable,,
350224725,2026-05-11T08:00:18+00:00,Unavailable,,
350224738,2026-05-11T08:00:18+00:00,Unavailable,,
350224749,2026-05-11T08:00:18+00:00,Unavailable,,
350224760,2026-05-11T08:00:18+00:00,Unavailable,,
350224771,2026-05-11T08:00:18+00:00,Unavailable,,
350224782,2026-05-11T08:00:18+00:00,Unavailable,,
350224793,2026-05-11T08:00:18+00:00,Unavailable,,
350224804,2026-05-11T08:00:18+00:00,Unavailable,,
350224815,2026-05-11T08:00:18+00:00,Unavailable,,
350224826,2026-05-11T08:00:18+00:00,Unavailable,,
350224837,2026-05-11T08:00:18+00:00,Unavailable,,
350224848,2026-05-11T08:00:18+00:00,Unavailable,,
350224859,2026-05-11T08:00:18+00:00,Unavailable,,
350224873,2026-05-11T08:00:18+00:00,Unavailable,,
350224887,2026-05-11T08:00:18+00:00,Unavailable,,
350224901,2026-05-11T08:00:18+00:00,Unavailable,,
350224915,2026-05-11T08:00:18+00:00,Unavailable,,
350224929,2026-05-11T08:00:18+00:00,Unavailable,,
350224940,2026-05-11T08:00:18+00:00,Unavailable,,
350224951,2026-05-11T08:00:18+00:00,Unavailable,,
350224962,2026-05-11T08:00:18+00:00,Unavailable,,
350224973,2026-05-11T08:00:18+00:00,Unavailable,,
350224985,2026-05-11T08:00:18+00:00,Unavailable,,
350224996,2026-05-11T08:00:18+00:00,Unavailable,,
350225008,2026-05-11T08:00:18+00:00,Unavailable,,
350225019,2026-05-11T08:00:18+00:00,Unavailable,,
350225030,2026-05-11T08:00:18+00:00,Unavailable,,
350225041,2026-05-11T08:00:18+00:00,Unavailable,,
350225053,2026-05-11T08:00:18+00:00,Unavailable,,
350225064,2026-05-11T08:00:18+00:00,Unavailable,,
350225075,2026-05-11T08:00:18+00:00,Unavailable,,
350225086,2026-05-11T08:00:18+00:00,Unavailable,,
350225097,2026-05-11T08:00:18+00:00,Unavailable,,
350225108,2026-05-11T08:00:18+00:00,Unavailable,,
350225119,2026-05-11T08:00:18+00:00,Unavailable,,
350225130,2026-05-11T08:00:18+00:00,Unavailable,,
350225141,2026-05-11T08:00:18+00:00,Unavailable,,
350225163,2026-05-11T08:00:18+00:00,Unavailable,,
350225174,2026-05-11T08:00:18+00:00,Unavailable,,
350225185,2026-05-11T08:00:18+00:00,Unavailable,,
350225196,2026-05-11T08:00:18+00:00,Unavailable,,
350225207,2026-05-11T08:00:18+00:00,Unavailable,,
350225218,2026-05-11T08:00:18+00:00,Unavailable,,
350225229,2026-05-11T08:00:18+00:00,Unavailable,,
350225240,2026-05-11T08:00:18+00:00,Unavailable,,
350225251,2026-05-11T08:00:18+00:00,Unavailable,,
350225262,2026-05-11T08:00:18+00:00,Unavailable,,
350225273,2026-05-11T08:00:18+00:00,Unavailable,,
350225285,2026-05-11T08:00:18+00:00,Unavailable,,
350225296,2026-05-11T08:00:18+00:00,Unavailable,,
350225307,2026-05-11T08:00:18+00:00,Unavailable,,
350225318,2026-05-11T08:00:18+00:00,Unavailable,,
350225329,2026-05-11T08:00:18+00:00,Unavailable,,
350225341,2026-05-11T08:00:18+00:00,Unavailable,,
350225352,2026-05-11T08:00:18+00:00,Unavailable,,
350225363,2026-05-11T08:00:18+00:00,Unavailable,,
350225375,2026-05-11T08:00:18+00:00,Unavailable,,
350225387,2026-05-11T08:00:18+00:00,Unavailable,,
350225401,2026-05-11T08:00:18+00:00,Unavailable,,
350225415,2026-05-11T08:00:18+00:00,Unavailable,,
350225429,2026-05-11T08:00:18+00:00,Unavailable,,
350225443,2026-05-11T08:00:18+00:00,Unavailable,,
350225457,2026-05-11T08:00:18+00:00,Unavailable,,
350225471,2026-05-11T08:00:18+00:00,Unavailable,,
350225485,2026-05-11T08:00:18+00:00,Unavailable,,
350225496,2026-05-11T08:00:18+00:00,Unavailable,,
350225507,2026-05-11T08:00:18+00:00,Unavailable,,
350225518,2026-05-11T08:00:18+00:00,Unavailable,,
350225529,2026-05-11T08:00:18+00:00,Unavailable,,
350225540,2026-05-11T08:00:18+00:00,Unavailable,,
350225551,2026-05-11T08:00:18+00:00,Unavailable,,
350225562,2026-05-11T08:00:18+00:00,Unavailable,,
350225573,2026-05-11T08:00:18+00:00,Unavailable,,
350225584,2026-05-11T08:00:18+00:00,Unavailable,,
350225596,2026-05-11T08:00:18+00:00,Unavailable,,
350225607,2026-05-11T08:00:18+00:00,Unavailable,,
350225618,2026-05-11T08:00:18+00:00,Unavailable,,
350225629,2026-05-11T08:00:18+00:00,Unavailable,,
350225640,2026-05-11T08:00:18+00:00,Unavailable,,
350225651,2026-05-11T08:00:18+00:00,Unavailable,,
350225663,2026-05-11T08:00:18+00:00,Unavailable,,
350225674,2026-05-11T08:00:18+00:00,Unavailable,,
350225688,2026-05-11T08:00:18+00:00,Unavailable,,
350225702,2026-05-11T08:00:18+00:00,Unavailable,,
350225716,2026-05-11T08:00:18+00:00,Unavailable,,
350225730,2026-05-11T08:00:18+00:00,Unavailable,,
350225744,2026-05-11T08:00:18+00:00,Unavailable,,
350225758,2026-05-11T08:00:18+00:00,Unavailable,,
350225786,2026-05-11T08:00:18+00:00,Unavailable,,
350225814,2026-05-11T08:00:18+00:00,Unavailable,,
350225825,2026-05-11T08:00:18+00:00,Unavailable,,
350225836,2026-05-11T08:00:18+00:00,Unavailable,,
350225847,2026-05-11T08:00:18+00:00,Unavailable,,
350225858,2026-05-11T08:00:18+00:00,Unavailable,,
350225869,2026-05-11T08:00:18+00:00,Unavailable,,
350225880,2026-05-11T08:00:18+00:00,Unavailable,,
350225891,2026-05-11T08:00:18+00:00,Unavailable,,
350225902,2026-05-11T08:00:18+00:00,Unavailable,,
350225913,2026-05-11T08:00:18+00:00,Unavailable,,
350225924,2026-05-11T08:00:18+00:00,Unavailable,,
350225935,2026-05-11T08:00:18+00:00,Unavailable,,
350225946,2026-05-11T08:00:18+00:00,Unavailable,,
350225957,2026-05-11T08:00:18+00:00,Unavailable,,
350225968,2026-05-11T08:00:18+00:00,Unavailable,,
350225981,2026-05-11T08:00:18+00:00,Unavailable,,
350225993,2026-05-11T08:00:18+00:00,Unavailable,,
350226004,2026-05-11T08:00:18+00:00,Unavailable,,
350226015,2026-05-11T08:00:18+00:00,Unavailable,,
350226026,2026-05-11T08:00:18+00:00,Unavailable,,
350226037,2026-05-11T08:00:18+00:00,Unavailable,,
350226048,2026-05-11T08:00:18+00:00,Unavailable,,
350226059,2026-05-11T08:00:18+00:00,Unavailable,,
350226070,2026-05-11T08:00:18+00:00,Unavailable,,
350280176,2026-05-11T08:00:18+00:00,Unavailable,,
350280422,2026-05-11T08:00:18+00:00,Unavailable,,
350280510,2026-05-11T08:00:18+00:00,Unavailable,,
350280525,2026-05-11T08:00:18+00:00,Unavailable,,
350280536,2026-05-11T08:00:18+00:00,Unavailable,,
350288650,2026-05-11T08:00:18+00:00,Unavailable,,
350288664,2026-05-11T08:00:18+00:00,Unavailable,,
350288680,2026-05-11T08:00:18+00:00,Unavailable,,
350288691,2026-05-11T08:00:18+00:00,Unavailable,,
350288702,2026-05-11T08:00:18+00:00,Unavailable,,
350288713,2026-05-11T08:00:18+00:00,Unavailable,,
350288724,2026-05-11T08:00:18+00:00,Unavailable,,
350288737,2026-05-11T08:00:18+00:00,Unavailable,,
350288748,2026-05-11T08:00:18+00:00,Unavailable,,
350288759,2026-05-11T08:00:18+00:00,Unavailable,,
350288770,2026-05-11T08:00:18+00:00,Unavailable,,
350288781,2026-05-11T08:00:18+00:00,Unavailable,,
350288792,2026-05-11T08:00:18+00:00,Unavailable,,
350288804,2026-05-11T08:00:18+00:00,Unavailable,,
350288815,2026-05-11T08:00:18+00:00,Unavailable,,
350288826,2026-05-11T08:00:18+00:00,Unavailable,,
350288837,2026-05-11T08:00:18+00:00,Unavailable,,
350288848,2026-05-11T08:00:18+00:00,Unavailable,,
350288859,2026-05-11T08:00:18+00:00,Unavailable,,
350288870,2026-05-11T08:00:18+00:00,Unavailable,,
350288881,2026-05-11T08:00:18+00:00,Unavailable,,
350288892,2026-05-11T08:00:18+00:00,Unavailable,,
350288903,2026-05-11T08:00:18+00:00,Unavailable,,
350288914,2026-05-11T08:00:18+00:00,Unavailable,,
350288925,2026-05-11T08:00:18+00:00,Unavailable,,
350288937,2026-05-11T08:00:18+00:00,Unavailable,,
350288948,2026-05-11T08:00:18+00:00,Unavailable,,
350288959,2026-05-11T08:00:18+00:00,Unavailable,,
350288970,2026-05-11T08:00:18+00:00,Unavailable,,
350288981,2026-05-11T08:00:18+00:00,Unavailable,,
350288992,2026-05-11T08:00:18+00:00,Unavailable,,
350289003,2026-05-11T08:00:18+00:00,Unavailable,,
350289014,2026-05-11T08:00:18+00:00,Unavailable,,
350289048,2026-05-11T08:00:18+00:00,Unavailable,,
350289060,2026-05-11T08:00:18+00:00,Unavailable,,
350289071,2026-05-11T08:00:18+00:00,Unavailable,,
350289082,2026-05-11T08:00:18+00:00,Unavailable,,
350289093,2026-05-11T08:00:18+00:00,Unavailable,,
350289104,2026-05-11T08:00:18+00:00,Unavailable,,
350289115,2026-05-11T08:00:18+00:00,Unavailable,,
350289126,2026-05-11T08:00:18+00:00,Unavailable,,
350289137,2026-05-11T08:00:18+00:00,Unavailable,,
350289148,2026-05-11T08:00:18+00:00,Unavailable,,
350289159,2026-05-11T08:00:18+00:00,Unavailable,,
350289170,2026-05-11T08:00:18+00:00,Unavailable,,
350289181,2026-05-11T08:00:18+00:00,Unavailable,,
350289192,2026-05-11T08:00:18+00:00,Unavailable,,
350289203,2026-05-11T08:00:18+00:00,Unavailable,,
350289214,2026-05-11T08:00:18+00:00,Unavailable,,
350289226,2026-05-11T08:00:18+00:00,Unavailable,,
350289237,2026-05-11T08:00:18+00:00,Unavailable,,
350289248,2026-05-11T08:00:18+00:00,Unavailable,,
350289260,2026-05-11T08:00:18+00:00,Unavailable,,
350289271,2026-05-11T08:00:18+00:00,Unavailable,,
350289282,2026-05-11T08:00:18+00:00,Unavailable,,
350289293,2026-05-11T08:00:18+00:00,Unavailable,,
350289304,2026-05-11T08:00:18+00:00,Unavailable,,
350289315,2026-05-11T08:00:18+00:00,Unavailable,,
350289326,2026-05-11T08:00:18+00:00,Unavailable,,
350289337,2026-05-11T08:00:18+00:00,Unavailable,,
350289348,2026-05-11T08:00:18+00:00,Unavailable,,
350289359,2026-05-11T08:00:18+00:00,Unavailable,,
350289370,2026-05-11T08:00:18+00:00,Unavailable,,
350289381,2026-05-11T08:00:18+00:00,Unavailable,,
350289392,2026-05-11T08:00:18+00:00,Unavailable,,
350289404,2026-05-11T08:00:18+00:00,Unavailable,,
351070164,2026-05-11T08:00:18+00:00,Unavailable,,
351073176,2026-05-11T08:00:18+00:00,Unavailable,,
353250216,2026-05-11T08:00:18+00:00,Unavailable,,
364658017,2026-05-11T08:00:18+00:00,Unavailable,,
350216376,2026-05-11T08:05:28+00:00,Unavailable,,
350216387,2026-05-11T08:05:28+00:00,Unavailable,,
350216398,2026-05-11T08:05:28+00:00,Unavailable,,
350216409,2026-05-11T08:05:28+00:00,Unavailable,,
350216431,2026-05-11T08:05:28+00:00,Unavailable,,
350216442,2026-05-11T08:05:28+00:00,Unavailable,,
350216453,2026-05-11T08:05:28+00:00,Unavailable,,
350216465,2026-05-11T08:05:28+00:00,Unavailable,,
350216476,2026-05-11T08:05:28+00:00,Unavailable,,
350216487,2026-05-11T08:05:28+00:00,Unavailable,,
350216498,2026-05-11T08:05:28+00:00,Unavailable,,
350216509,2026-05-11T08:05:28+00:00,Unavailable,,
350216520,2026-05-11T08:05:28+00:00,Unavailable,,
350216542,2026-05-11T08:05:28+00:00,Unavailable,,
350216553,2026-05-11T08:05:28+00:00,Unavailable,,
350216564,2026-05-11T08:05:28+00:00,Unavailable,,
350216575,2026-05-11T08:05:28+00:00,Unavailable,,
350216586,2026-05-11T08:05:28+00:00,Unavailable,,
350216597,2026-05-11T08:05:28+00:00,Unavailable,,
350216608,2026-05-11T08:05:28+00:00,Unavailable,,
350216619,2026-05-11T08:05:28+00:00,Unavailable,,
350216630,2026-05-11T08:05:28+00:00,Unavailable,,
350216652,2026-05-11T08:05:28+00:00,Unavailable,,
350216663,2026-05-11T08:05:28+00:00,Unavailable,,
350216674,2026-05-11T08:05:28+00:00,Unavailable,,
350216685,2026-05-11T08:05:28+00:00,Unavailable,,
350216696,2026-05-11T08:05:28+00:00,Unavailable,,
350216707,2026-05-11T08:05:28+00:00,Unavailable,,
350216718,2026-05-11T08:05:28+00:00,Unavailable,,
350216729,2026-05-11T08:05:28+00:00,Unavailable,,
350216740,2026-05-11T08:05:28+00:00,Unavailable,,
350216751,2026-05-11T08:05:28+00:00,Unavailable,,
350216762,2026-05-11T08:05:28+00:00,Unavailable,,
350216773,2026-05-11T08:05:28+00:00,Unavailable,,
350216784,2026-05-11T08:05:28+00:00,Unavailable,,
350216795,2026-05-11T08:05:28+00:00,Unavailable,,
350216806,2026-05-11T08:05:28+00:00,Unavailable,,
350216817,2026-05-11T08:05:28+00:00,Unavailable,,
350216828,2026-05-11T08:05:28+00:00,Unavailable,,
350216839,2026-05-11T08:05:28+00:00,Unavailable,,
350216850,2026-05-11T08:05:28+00:00,Unavailable,,
350216861,2026-05-11T08:05:28+00:00,Unavailable,,
350216872,2026-05-11T08:05:28+00:00,Unavailable,,
350216884,2026-05-11T08:05:28+00:00,Unavailable,,
350216895,2026-05-11T08:05:28+00:00,Unavailable,,
350216906,2026-05-11T08:05:28+00:00,Unavailable,,
350216917,2026-05-11T08:05:28+00:00,Unavailable,,
350216928,2026-05-11T08:05:28+00:00,Unavailable,,
350216939,2026-05-11T08:05:28+00:00,Unavailable,,
350216950,2026-05-11T08:05:28+00:00,Unavailable,,
350216961,2026-05-11T08:05:28+00:00,Unavailable,,
350216972,2026-05-11T08:05:28+00:00,Unavailable,,
350216994,2026-05-11T08:05:28+00:00,Unavailable,,
350217005,2026-05-11T08:05:28+00:00,Unavailable,,
350217016,2026-05-11T08:05:28+00:00,Unavailable,,
350217027,2026-05-11T08:05:28+00:00,Unavailable,,
350217049,2026-05-11T08:05:28+00:00,Unavailable,,
350217071,2026-05-11T08:05:28+00:00,Unavailable,,
350217083,2026-05-11T08:05:28+00:00,Unavailable,,
350217105,2026-05-11T08:05:28+00:00,Unavailable,,
350217117,2026-05-11T08:05:28+00:00,Unavailable,,
350217128,2026-05-11T08:05:28+00:00,Unavailable,,
350217150,2026-05-11T08:05:28+00:00,Unavailable,,
350217162,2026-05-11T08:05:28+00:00,Unavailable,,
350217174,2026-05-11T08:05:28+00:00,Unavailable,,
350217185,2026-05-11T08:05:28+00:00,Unavailable,,
350217207,2026-05-11T08:05:28+00:00,Unavailable,,
350217218,2026-05-11T08:05:28+00:00,Unavailable,,
350217240,2026-05-11T08:05:28+00:00,Unavailable,,
350217251,2026-05-11T08:05:28+00:00,Unavailable,,
350217262,2026-05-11T08:05:28+00:00,Unavailable,,
350217273,2026-05-11T08:05:28+00:00,Unavailable,,
350217284,2026-05-11T08:05:28+00:00,Unavailable,,
350217295,2026-05-11T08:05:28+00:00,Unavailable,,
350217306,2026-05-11T08:05:28+00:00,Unavailable,,
350217317,2026-05-11T08:05:28+00:00,Unavailable,,
350217339,2026-05-11T08:05:28+00:00,Unavailable,,
350217353,2026-05-11T08:05:28+00:00,Unavailable,,
350217366,2026-05-11T08:05:28+00:00,Unavailable,,
350217379,2026-05-11T08:05:28+00:00,Unavailable,,
350217393,2026-05-11T08:05:28+00:00,Unavailable,,
350217404,2026-05-11T08:05:28+00:00,Unavailable,,
350217415,2026-05-11T08:05:28+00:00,Unavailable,,
350217426,2026-05-11T08:05:28+00:00,Unavailable,,
350217437,2026-05-11T08:05:28+00:00,Unavailable,,
350217448,2026-05-11T08:05:28+00:00,Unavailable,,
350732033,2026-05-11T08:05:28+00:00,Unavailable,,
350739304,2026-05-11T08:05:28+00:00,Unavailable,,
350740400,2026-05-11T08:05:28+00:00,Unavailable,,
350740938,2026-05-11T08:05:28+00:00,Unavailable,,
350741533,2026-05-11T08:05:28+00:00,Unavailable,,
350741599,2026-05-11T08:05:28+00:00,Unavailable,,
364675943,2026-05-11T08:05:28+00:00,Unavailable,,
364677421,2026-05-11T08:05:28+00:00,Unavailable,,
364677693,2026-05-11T08:05:28+00:00,Unavailable,,
364678079,2026-05-11T08:05:28+00:00,Unavailable,,
350200801,2026-05-11T08:05:31+00:00,Unavailable,,
350200813,2026-05-11T08:05:31+00:00,Unavailable,,
350200824,2026-05-11T08:05:31+00:00,Unavailable,,
350200836,2026-05-11T08:05:31+00:00,Unavailable,,
350200847,2026-05-11T08:05:31+00:00,Unavailable,,
350200858,2026-05-11T08:05:31+00:00,Unavailable,,
350200869,2026-05-11T08:05:31+00:00,Unavailable,,
350200880,2026-05-11T08:05:31+00:00,Unavailable,,
350200891,2026-05-11T08:05:31+00:00,Unavailable,,
350200902,2026-05-11T08:05:31+00:00,Unavailable,,
350200913,2026-05-11T08:05:31+00:00,Unavailable,,
350200924,2026-05-11T08:05:31+00:00,Unavailable,,
350200935,2026-05-11T08:05:31+00:00,Unavailable,,
350200946,2026-05-11T08:05:31+00:00,Unavailable,,
350200957,2026-05-11T08:05:31+00:00,Unavailable,,
350200968,2026-05-11T08:05:31+00:00,Unavailable,,
350200979,2026-05-11T08:05:31+00:00,Unavailable,,
350200990,2026-05-11T08:05:31+00:00,Unavailable,,
350201001,2026-05-11T08:05:31+00:00,Unavailable,,
350201012,2026-05-11T08:05:31+00:00,Unavailable,,
350201023,2026-05-11T08:05:31+00:00,Unavailable,,
350201034,2026-05-11T08:05:31+00:00,Unavailable,,
350201045,2026-05-11T08:05:31+00:00,Unavailable,,
350201058,2026-05-11T08:05:31+00:00,Unavailable,,
350201069,2026-05-11T08:05:31+00:00,Unavailable,,
350201080,2026-05-11T08:05:31+00:00,Unavailable,,
350201091,2026-05-11T08:05:31+00:00,Unavailable,,
350201102,2026-05-11T08:05:31+00:00,Unavailable,,
350201113,2026-05-11T08:05:31+00:00,Unavailable,,
350201124,2026-05-11T08:05:31+00:00,Unavailable,,
350201135,2026-05-11T08:05:31+00:00,Unavailable,,
350201146,2026-05-11T08:05:31+00:00,Unavailable,,
350201157,2026-05-11T08:05:31+00:00,Unavailable,,
350201170,2026-05-11T08:05:31+00:00,Unavailable,,
350201182,2026-05-11T08:05:31+00:00,Unavailable,,
350201193,2026-05-11T08:05:31+00:00,Unavailable,,
350201205,2026-05-11T08:05:31+00:00,Unavailable,,
350201216,2026-05-11T08:05:31+00:00,Unavailable,,
350201227,2026-05-11T08:05:31+00:00,Unavailable,,
350201238,2026-05-11T08:05:31+00:00,Unavailable,,
350201249,2026-05-11T08:05:31+00:00,Unavailable,,
350201260,2026-05-11T08:05:31+00:00,Unavailable,,
350201271,2026-05-11T08:05:31+00:00,Unavailable,,
350201283,2026-05-11T08:05:31+00:00,Unavailable,,
350201294,2026-05-11T08:05:31+00:00,Unavailable,,
350201305,2026-05-11T08:05:31+00:00,Unavailable,,
350201316,2026-05-11T08:05:31+00:00,Unavailable,,
350201327,2026-05-11T08:05:31+00:00,Unavailable,,
350201338,2026-05-11T08:05:31+00:00,Unavailable,,
350201349,2026-05-11T08:05:31+00:00,Unavailable,,
350201360,2026-05-11T08:05:31+00:00,Unavailable,,
350201371,2026-05-11T08:05:31+00:00,Unavailable,,
350201382,2026-05-11T08:05:31+00:00,Unavailable,,
350201393,2026-05-11T08:05:31+00:00,Unavailable,,
350201404,2026-05-11T08:05:31+00:00,Unavailable,,
350201415,2026-05-11T08:05:31+00:00,Unavailable,,
350201426,2026-05-11T08:05:31+00:00,Unavailable,,
350201437,2026-05-11T08:05:31+00:00,Unavailable,,
350201448,2026-05-11T08:05:31+00:00,Unavailable,,
350201459,2026-05-11T08:05:31+00:00,Unavailable,,
350201470,2026-05-11T08:05:31+00:00,Unavailable,,
350201481,2026-05-11T08:05:31+00:00,Unavailable,,
350201492,2026-05-11T08:05:31+00:00,Unavailable,,
350201503,2026-05-11T08:05:31+00:00,Unavailable,,
350201514,2026-05-11T08:05:31+00:00,Unavailable,,
350201525,2026-05-11T08:05:31+00:00,Unavailable,,
350201536,2026-05-11T08:05:31+00:00,Unavailable,,
350201547,2026-05-11T08:05:31+00:00,Unavailable,,
350201558,2026-05-11T08:05:31+00:00,Unavailable,,
350201569,2026-05-11T08:05:31+00:00,Unavailable,,
350201580,2026-05-11T08:05:31+00:00,Unavailable,,
350201591,2026-05-11T08:05:31+00:00,Unavailable,,
350201602,2026-05-11T08:05:31+00:00,Unavailable,,
350201613,2026-05-11T08:05:31+00:00,Unavailable,,
350201624,2026-05-11T08:05:31+00:00,Unavailable,,
350201635,2026-05-11T08:05:31+00:00,Unavailable,,
350201646,2026-05-11T08:05:31+00:00,Unavailable,,
350201657,2026-05-11T08:05:31+00:00,Unavailable,,
350201668,2026-05-11T08:05:31+00:00,Unavailable,,
350201679,2026-05-11T08:05:31+00:00,Unavailable,,
350201690,2026-05-11T08:05:31+00:00,Unavailable,,
350201701,2026-05-11T08:05:31+00:00,Unavailable,,
350201712,2026-05-11T08:05:31+00:00,Unavailable,,
350201723,2026-05-11T08:05:31+00:00,Unavailable,,
350201735,2026-05-11T08:05:31+00:00,Unavailable,,
350201746,2026-05-11T08:05:31+00:00,Unavailable,,
350201757,2026-05-11T08:05:31+00:00,Unavailable,,
350201768,2026-05-11T08:05:31+00:00,Unavailable,,
350201779,2026-05-11T08:05:31+00:00,Unavailable,,
350201790,2026-05-11T08:05:31+00:00,Unavailable,,
350201801,2026-05-11T08:05:31+00:00,Unavailable,,
350201812,2026-05-11T08:05:31+00:00,Unavailable,,
350201823,2026-05-11T08:05:31+00:00,Unavailable,,
350201834,2026-05-11T08:05:31+00:00,Unavailable,,
350201845,2026-05-11T08:05:31+00:00,Unavailable,,
350201856,2026-05-11T08:05:31+00:00,Unavailable,,
350201867,2026-05-11T08:05:31+00:00,Unavailable,,
350201879,2026-05-11T08:05:31+00:00,Unavailable,,
350201890,2026-05-11T08:05:31+00:00,Unavailable,,
350201901,2026-05-11T08:05:31+00:00,Unavailable,,
350201912,2026-05-11T08:05:31+00:00,Unavailable,,
350201924,2026-05-11T08:05:31+00:00,Unavailable,,
350201935,2026-05-11T08:05:31+00:00,Unavailable,,
350201947,2026-05-11T08:05:31+00:00,Unavailable,,
350201958,2026-05-11T08:05:31+00:00,Unavailable,,
350201969,2026-05-11T08:05:31+00:00,Unavailable,,
350201980,2026-05-11T08:05:31+00:00,Unavailable,,
350201991,2026-05-11T08:05:31+00:00,Unavailable,,
350202003,2026-05-11T08:05:31+00:00,Unavailable,,
350202018,2026-05-11T08:05:31+00:00,Unavailable,,
350202032,2026-05-11T08:05:31+00:00,Unavailable,,
350202045,2026-05-11T08:05:31+00:00,Unavailable,,
350202056,2026-05-11T08:05:31+00:00,Unavailable,,
350202069,2026-05-11T08:05:31+00:00,Unavailable,,
350202080,2026-05-11T08:05:31+00:00,Unavailable,,
350202091,2026-05-11T08:05:31+00:00,Unavailable,,
350202102,2026-05-11T08:05:31+00:00,Unavailable,,
350202113,2026-05-11T08:05:31+00:00,Unavailable,,
350202124,2026-05-11T08:05:31+00:00,Unavailable,,
350202135,2026-05-11T08:05:31+00:00,Unavailable,,
350202146,2026-05-11T08:05:31+00:00,Unavailable,,
350202157,2026-05-11T08:05:31+00:00,Unavailable,,
350202168,2026-05-11T08:05:31+00:00,Unavailable,,
350202180,2026-05-11T08:05:31+00:00,Unavailable,,
350202191,2026-05-11T08:05:31+00:00,Unavailable,,
350202202,2026-05-11T08:05:31+00:00,Unavailable,,
350202213,2026-05-11T08:05:31+00:00,Unavailable,,
350202224,2026-05-11T08:05:31+00:00,Unavailable,,
350202235,2026-05-11T08:05:31+00:00,Unavailable,,
350202246,2026-05-11T08:05:31+00:00,Unavailable,,
350202257,2026-05-11T08:05:31+00:00,Unavailable,,
350202268,2026-05-11T08:05:31+00:00,Unavailable,,
350202279,2026-05-11T08:05:31+00:00,Unavailable,,
350202290,2026-05-11T08:05:31+00:00,Unavailable,,
350202301,2026-05-11T08:05:31+00:00,Unavailable,,
350202312,2026-05-11T08:05:31+00:00,Unavailable,,
350202323,2026-05-11T08:05:31+00:00,Unavailable,,
350202334,2026-05-11T08:05:31+00:00,Unavailable,,
350202347,2026-05-11T08:05:31+00:00,Unavailable,,
350202361,2026-05-11T08:05:31+00:00,Unavailable,,
350202372,2026-05-11T08:05:31+00:00,Unavailable,,
350202383,2026-05-11T08:05:31+00:00,Unavailable,,
350202394,2026-05-11T08:05:31+00:00,Unavailable,,
350202406,2026-05-11T08:05:31+00:00,Unavailable,,
350202417,2026-05-11T08:05:31+00:00,Unavailable,,
350202429,2026-05-11T08:05:31+00:00,Unavailable,,
350202440,2026-05-11T08:05:31+00:00,Unavailable,,
350202451,2026-05-11T08:05:31+00:00,Unavailable,,
350202462,2026-05-11T08:05:31+00:00,Unavailable,,
350202473,2026-05-11T08:05:31+00:00,Unavailable,,
350202484,2026-05-11T08:05:31+00:00,Unavailable,,
350202495,2026-05-11T08:05:31+00:00,Unavailable,,
350202506,2026-05-11T08:05:31+00:00,Unavailable,,
350202517,2026-05-11T08:05:31+00:00,Unavailable,,
350202528,2026-05-11T08:05:31+00:00,Unavailable,,
350202539,2026-05-11T08:05:31+00:00,Unavailable,,
350202551,2026-05-11T08:05:31+00:00,Unavailable,,
350202562,2026-05-11T08:05:31+00:00,Unavailable,,
350202573,2026-05-11T08:05:31+00:00,Unavailable,,
350202584,2026-05-11T08:05:31+00:00,Unavailable,,
350202595,2026-05-11T08:05:31+00:00,Unavailable,,
350202607,2026-05-11T08:05:31+00:00,Unavailable,,
350202618,2026-05-11T08:05:31+00:00,Unavailable,,
350202631,2026-05-11T08:05:31+00:00,Unavailable,,
350202642,2026-05-11T08:05:31+00:00,Unavailable,,
350202654,2026-05-11T08:05:31+00:00,Unavailable,,
350202665,2026-05-11T08:05:31+00:00,Unavailable,,
350202676,2026-05-11T08:05:31+00:00,Unavailable,,
350202687,2026-05-11T08:05:31+00:00,Unavailable,,
350202698,2026-05-11T08:05:31+00:00,Unavailable,,
350202709,2026-05-11T08:05:31+00:00,Unavailable,,
350202720,2026-05-11T08:05:31+00:00,Unavailable,,
350202731,2026-05-11T08:05:31+00:00,Unavailable,,
350202742,2026-05-11T08:05:31+00:00,Unavailable,,
350202753,2026-05-11T08:05:31+00:00,Unavailable,,
350202764,2026-05-11T08:05:31+00:00,Unavailable,,
350202775,2026-05-11T08:05:31+00:00,Unavailable,,
350202786,2026-05-11T08:05:31+00:00,Unavailable,,
350202797,2026-05-11T08:05:31+00:00,Unavailable,,
350202808,2026-05-11T08:05:31+00:00,Unavailable,,
350202819,2026-05-11T08:05:31+00:00,Unavailable,,
350202830,2026-05-11T08:05:31+00:00,Unavailable,,
350202841,2026-05-11T08:05:31+00:00,Unavailable,,
350202852,2026-05-11T08:05:31+00:00,Unavailable,,
350202863,2026-05-11T08:05:31+00:00,Unavailable,,
350202874,2026-05-11T08:05:31+00:00,Unavailable,,
350202885,2026-05-11T08:05:31+00:00,Unavailable,,
350202896,2026-05-11T08:05:31+00:00,Unavailable,,
350202908,2026-05-11T08:05:31+00:00,Unavailable,,
350202919,2026-05-11T08:05:31+00:00,Unavailable,,
350202930,2026-05-11T08:05:31+00:00,Unavailable,,
350202941,2026-05-11T08:05:31+00:00,Unavailable,,
350202952,2026-05-11T08:05:31+00:00,Unavailable,,
350202963,2026-05-11T08:05:31+00:00,Unavailable,,
350202974,2026-05-11T08:05:31+00:00,Unavailable,,
350202985,2026-05-11T08:05:31+00:00,Unavailable,,
350202996,2026-05-11T08:05:31+00:00,Unavailable,,
350203007,2026-05-11T08:05:31+00:00,Unavailable,,
350203018,2026-05-11T08:05:31+00:00,Unavailable,,
350203029,2026-05-11T08:05:31+00:00,Unavailable,,
350203040,2026-05-11T08:05:31+00:00,Unavailable,,
350203051,2026-05-11T08:05:31+00:00,Unavailable,,
350203062,2026-05-11T08:05:31+00:00,Unavailable,,
350203073,2026-05-11T08:05:31+00:00,Unavailable,,
350203084,2026-05-11T08:05:31+00:00,Unavailable,,
350203095,2026-05-11T08:05:31+00:00,Unavailable,,
350203106,2026-05-11T08:05:31+00:00,Unavailable,,
350203117,2026-05-11T08:05:31+00:00,Unavailable,,
350203128,2026-05-11T08:05:31+00:00,Unavailable,,
350203139,2026-05-11T08:05:31+00:00,Unavailable,,
350203150,2026-05-11T08:05:31+00:00,Unavailable,,
350203162,2026-05-11T08:05:31+00:00,Unavailable,,
350203173,2026-05-11T08:05:31+00:00,Unavailable,,
350203184,2026-05-11T08:05:31+00:00,Unavailable,,
350203195,2026-05-11T08:05:31+00:00,Unavailable,,
350203206,2026-05-11T08:05:31+00:00,Unavailable,,
350203217,2026-05-11T08:05:31+00:00,Unavailable,,
350203228,2026-05-11T08:05:31+00:00,Unavailable,,
350203239,2026-05-11T08:05:31+00:00,Unavailable,,
350203250,2026-05-11T08:05:31+00:00,Unavailable,,
350203261,2026-05-11T08:05:31+00:00,Unavailable,,
350203272,2026-05-11T08:05:31+00:00,Unavailable,,
350203283,2026-05-11T08:05:31+00:00,Unavailable,,
350203294,2026-05-11T08:05:31+00:00,Unavailable,,
350203305,2026-05-11T08:05:31+00:00,Unavailable,,
350203316,2026-05-11T08:05:31+00:00,Unavailable,,
350203327,2026-05-11T08:05:31+00:00,Unavailable,,
350203338,2026-05-11T08:05:31+00:00,Unavailable,,
350203349,2026-05-11T08:05:31+00:00,Unavailable,,
350203360,2026-05-11T08:05:31+00:00,Unavailable,,
350203371,2026-05-11T08:05:31+00:00,Unavailable,,
350203383,2026-05-11T08:05:31+00:00,Unavailable,,
350203394,2026-05-11T08:05:31+00:00,Unavailable,,
350203405,2026-05-11T08:05:31+00:00,Unavailable,,
350203416,2026-05-11T08:05:31+00:00,Unavailable,,
350203427,2026-05-11T08:05:31+00:00,Unavailable,,
350203438,2026-05-11T08:05:31+00:00,Unavailable,,
350203449,2026-05-11T08:05:31+00:00,Unavailable,,
350203460,2026-05-11T08:05:31+00:00,Unavailable,,
350203472,2026-05-11T08:05:31+00:00,Unavailable,,
350203483,2026-05-11T08:05:31+00:00,Unavailable,,
350203494,2026-05-11T08:05:31+00:00,Unavailable,,
350203505,2026-05-11T08:05:31+00:00,Unavailable,,
350203516,2026-05-11T08:05:31+00:00,Unavailable,,
350203527,2026-05-11T08:05:31+00:00,Unavailable,,
350203538,2026-05-11T08:05:31+00:00,Unavailable,,
350203549,2026-05-11T08:05:31+00:00,Unavailable,,
350203560,2026-05-11T08:05:31+00:00,Unavailable,,
350203571,2026-05-11T08:05:31+00:00,Unavailable,,
350203593,2026-05-11T08:05:31+00:00,Unavailable,,
355173402,2026-05-11T08:05:31+00:00,Unavailable,,
350223957,2026-05-11T08:05:40+00:00,Unavailable,,
350223971,2026-05-11T08:05:40+00:00,Unavailable,,
350223985,2026-05-11T08:05:40+00:00,Unavailable,,
350223999,2026-05-11T08:05:40+00:00,Unavailable,,
350224011,2026-05-11T08:05:40+00:00,Unavailable,,
350224022,2026-05-11T08:05:40+00:00,Unavailable,,
350224033,2026-05-11T08:05:40+00:00,Unavailable,,
350224044,2026-05-11T08:05:40+00:00,Unavailable,,
350224055,2026-05-11T08:05:40+00:00,Unavailable,,
350224066,2026-05-11T08:05:40+00:00,Unavailable,,
350224077,2026-05-11T08:05:40+00:00,Unavailable,,
350224088,2026-05-11T08:05:40+00:00,Unavailable,,
350224102,2026-05-11T08:05:40+00:00,Unavailable,,
350224116,2026-05-11T08:05:40+00:00,Unavailable,,
350224130,2026-05-11T08:05:40+00:00,Unavailable,,
350224144,2026-05-11T08:05:40+00:00,Unavailable,,
350224158,2026-05-11T08:05:40+00:00,Unavailable,,
350224172,2026-05-11T08:05:40+00:00,Unavailable,,
350224186,2026-05-11T08:05:40+00:00,Unavailable,,
350224200,2026-05-11T08:05:40+00:00,Unavailable,,
350224214,2026-05-11T08:05:40+00:00,Unavailable,,
350224228,2026-05-11T08:05:40+00:00,Unavailable,,
350224239,2026-05-11T08:05:40+00:00,Unavailable,,
350224250,2026-05-11T08:05:40+00:00,Unavailable,,
350224261,2026-05-11T08:05:40+00:00,Unavailable,,
350224272,2026-05-11T08:05:40+00:00,Unavailable,,
350224283,2026-05-11T08:05:40+00:00,Unavailable,,
350224294,2026-05-11T08:05:40+00:00,Unavailable,,
350224305,2026-05-11T08:05:40+00:00,Unavailable,,
350224317,2026-05-11T08:05:40+00:00,Unavailable,,
350224328,2026-05-11T08:05:40+00:00,Unavailable,,
350224339,2026-05-11T08:05:40+00:00,Unavailable,,
350224350,2026-05-11T08:05:40+00:00,Unavailable,,
350224361,2026-05-11T08:05:40+00:00,Unavailable,,
350224372,2026-05-11T08:05:40+00:00,Unavailable,,
350224386,2026-05-11T08:05:40+00:00,Unavailable,,
350224401,2026-05-11T08:05:40+00:00,Unavailable,,
350224416,2026-05-11T08:05:40+00:00,Unavailable,,
350224433,2026-05-11T08:05:40+00:00,Unavailable,,
350224444,2026-05-11T08:05:40+00:00,Unavailable,,
350224455,2026-05-11T08:05:40+00:00,Unavailable,,
350224466,2026-05-11T08:05:40+00:00,Unavailable,,
350224477,2026-05-11T08:05:40+00:00,Unavailable,,
350224489,2026-05-11T08:05:40+00:00,Unavailable,,
350224500,2026-05-11T08:05:40+00:00,Unavailable,,
350224511,2026-05-11T08:05:40+00:00,Unavailable,,
350224522,2026-05-11T08:05:40+00:00,Unavailable,,
350224533,2026-05-11T08:05:40+00:00,Unavailable,,
350224544,2026-05-11T08:05:40+00:00,Unavailable,,
350224555,2026-05-11T08:05:40+00:00,Unavailable,,
350224566,2026-05-11T08:05:40+00:00,Unavailable,,
350224577,2026-05-11T08:05:40+00:00,Unavailable,,
350224588,2026-05-11T08:05:40+00:00,Unavailable,,
350224599,2026-05-11T08:05:40+00:00,Unavailable,,
350224612,2026-05-11T08:05:40+00:00,Unavailable,,
350224623,2026-05-11T08:05:40+00:00,Unavailable,,
350224634,2026-05-11T08:05:40+00:00,Unavailable,,
350224645,2026-05-11T08:05:40+00:00,Unavailable,,
350224658,2026-05-11T08:05:40+00:00,Unavailable,,
350224669,2026-05-11T08:05:40+00:00,Unavailable,,
350224680,2026-05-11T08:05:40+00:00,Unavailable,,
350224692,2026-05-11T08:05:40+00:00,Unavailable,,
350224703,2026-05-11T08:05:40+00:00,Unavailable,,
350224714,2026-05-11T08:05:40+00:00,Unavailable,,
350224725,2026-05-11T08:05:40+00:00,Unavailable,,
350224738,2026-05-11T08:05:40+00:00,Unavailable,,
350224749,2026-05-11T08:05:40+00:00,Unavailable,,
350224760,2026-05-11T08:05:40+00:00,Unavailable,,
350224771,2026-05-11T08:05:40+00:00,Unavailable,,
350224782,2026-05-11T08:05:40+00:00,Unavailable,,
350224793,2026-05-11T08:05:40+00:00,Unavailable,,
350224804,2026-05-11T08:05:40+00:00,Unavailable,,
350224815,2026-05-11T08:05:40+00:00,Unavailable,,
350224826,2026-05-11T08:05:40+00:00,Unavailable,,
350224837,2026-05-11T08:05:40+00:00,Unavailable,,
350224848,2026-05-11T08:05:40+00:00,Unavailable,,
350224859,2026-05-11T08:05:40+00:00,Unavailable,,
350224873,2026-05-11T08:05:40+00:00,Unavailable,,
350224887,2026-05-11T08:05:40+00:00,Unavailable,,
350224901,2026-05-11T08:05:40+00:00,Unavailable,,
350224915,2026-05-11T08:05:40+00:00,Unavailable,,
350224929,2026-05-11T08:05:40+00:00,Unavailable,,
350224940,2026-05-11T08:05:40+00:00,Unavailable,,
350224951,2026-05-11T08:05:40+00:00,Unavailable,,
350224962,2026-05-11T08:05:40+00:00,Unavailable,,
350224973,2026-05-11T08:05:40+00:00,Unavailable,,
350224985,2026-05-11T08:05:40+00:00,Unavailable,,
350224996,2026-05-11T08:05:40+00:00,Unavailable,,
350225008,2026-05-11T08:05:40+00:00,Unavailable,,
350225019,2026-05-11T08:05:40+00:00,Unavailable,,
350225030,2026-05-11T08:05:40+00:00,Unavailable,,
350225041,2026-05-11T08:05:40+00:00,Unavailable,,
350225053,2026-05-11T08:05:40+00:00,Unavailable,,
350225064,2026-05-11T08:05:40+00:00,Unavailable,,
350225075,2026-05-11T08:05:40+00:00,Unavailable,,
350225086,2026-05-11T08:05:40+00:00,Unavailable,,
350225097,2026-05-11T08:05:40+00:00,Unavailable,,
350225108,2026-05-11T08:05:40+00:00,Unavailable,,
350225119,2026-05-11T08:05:40+00:00,Unavailable,,
350225130,2026-05-11T08:05:40+00:00,Unavailable,,
350225141,2026-05-11T08:05:40+00:00,Unavailable,,
350225163,2026-05-11T08:05:40+00:00,Unavailable,,
350225174,2026-05-11T08:05:40+00:00,Unavailable,,
350225185,2026-05-11T08:05:40+00:00,Unavailable,,
350225196,2026-05-11T08:05:40+00:00,Unavailable,,
350225207,2026-05-11T08:05:40+00:00,Unavailable,,
350225218,2026-05-11T08:05:40+00:00,Unavailable,,
350225229,2026-05-11T08:05:40+00:00,Unavailable,,
350225240,2026-05-11T08:05:40+00:00,Unavailable,,
350225251,2026-05-11T08:05:40+00:00,Unavailable,,
350225262,2026-05-11T08:05:40+00:00,Unavailable,,
350225273,2026-05-11T08:05:40+00:00,Unavailable,,
350225285,2026-05-11T08:05:40+00:00,Unavailable,,
350225296,2026-05-11T08:05:40+00:00,Unavailable,,
350225307,2026-05-11T08:05:40+00:00,Unavailable,,
350225318,2026-05-11T08:05:40+00:00,Unavailable,,
350225329,2026-05-11T08:05:40+00:00,Unavailable,,
350225341,2026-05-11T08:05:40+00:00,Unavailable,,
350225352,2026-05-11T08:05:40+00:00,Unavailable,,
350225363,2026-05-11T08:05:40+00:00,Unavailable,,
350225375,2026-05-11T08:05:40+00:00,Unavailable,,
350225387,2026-05-11T08:05:40+00:00,Unavailable,,
350225401,2026-05-11T08:05:40+00:00,Unavailable,,
350225415,2026-05-11T08:05:40+00:00,Unavailable,,
350225429,2026-05-11T08:05:40+00:00,Unavailable,,
350225443,2026-05-11T08:05:40+00:00,Unavailable,,
350225457,2026-05-11T08:05:40+00:00,Unavailable,,
350225471,2026-05-11T08:05:40+00:00,Unavailable,,
350225485,2026-05-11T08:05:40+00:00,Unavailable,,
350225496,2026-05-11T08:05:40+00:00,Unavailable,,
350225507,2026-05-11T08:05:40+00:00,Unavailable,,
350225518,2026-05-11T08:05:40+00:00,Unavailable,,
350225529,2026-05-11T08:05:40+00:00,Unavailable,,
350225540,2026-05-11T08:05:40+00:00,Unavailable,,
350225551,2026-05-11T08:05:40+00:00,Unavailable,,
350225562,2026-05-11T08:05:40+00:00,Unavailable,,
350225573,2026-05-11T08:05:40+00:00,Unavailable,,
350225584,2026-05-11T08:05:40+00:00,Unavailable,,
350225596,2026-05-11T08:05:40+00:00,Unavailable,,
350225607,2026-05-11T08:05:40+00:00,Unavailable,,
350225618,2026-05-11T08:05:40+00:00,Unavailable,,
350225629,2026-05-11T08:05:40+00:00,Unavailable,,
350225640,2026-05-11T08:05:40+00:00,Unavailable,,
350225651,2026-05-11T08:05:40+00:00,Unavailable,,
350225663,2026-05-11T08:05:40+00:00,Unavailable,,
350225674,2026-05-11T08:05:40+00:00,Unavailable,,
350225688,2026-05-11T08:05:40+00:00,Unavailable,,
350225702,2026-05-11T08:05:40+00:00,Unavailable,,
350225716,2026-05-11T08:05:40+00:00,Unavailable,,
350225730,2026-05-11T08:05:40+00:00,Unavailable,,
350225744,2026-05-11T08:05:40+00:00,Unavailable,,
350225758,2026-05-11T08:05:40+00:00,Unavailable,,
350225786,2026-05-11T08:05:40+00:00,Unavailable,,
350225814,2026-05-11T08:05:40+00:00,Unavailable,,
350225825,2026-05-11T08:05:40+00:00,Unavailable,,
350225836,2026-05-11T08:05:40+00:00,Unavailable,,
350225847,2026-05-11T08:05:40+00:00,Unavailable,,
350225858,2026-05-11T08:05:40+00:00,Unavailable,,
350225869,2026-05-11T08:05:40+00:00,Unavailable,,
350225880,2026-05-11T08:05:40+00:00,Unavailable,,
350225891,2026-05-11T08:05:40+00:00,Unavailable,,
350225902,2026-05-11T08:05:40+00:00,Unavailable,,
350225913,2026-05-11T08:05:40+00:00,Unavailable,,
350225924,2026-05-11T08:05:40+00:00,Unavailable,,
350225935,2026-05-11T08:05:40+00:00,Unavailable,,
350225946,2026-05-11T08:05:40+00:00,Unavailable,,
350225957,2026-05-11T08:05:40+00:00,Unavailable,,
350225968,2026-05-11T08:05:40+00:00,Unavailable,,
350225981,2026-05-11T08:05:40+00:00,Unavailable,,
350225993,2026-05-11T08:05:40+00:00,Unavailable,,
350226004,2026-05-11T08:05:40+00:00,Unavailable,,
350226015,2026-05-11T08:05:40+00:00,Unavailable,,
350226026,2026-05-11T08:05:40+00:00,Unavailable,,
350226037,2026-05-11T08:05:40+00:00,Unavailable,,
350226048,2026-05-11T08:05:40+00:00,Unavailable,,
350226059,2026-05-11T08:05:40+00:00,Unavailable,,
350226070,2026-05-11T08:05:40+00:00,Unavailable,,
350280176,2026-05-11T08:05:40+00:00,Unavailable,,
350280422,2026-05-11T08:05:40+00:00,Unavailable,,
350280510,2026-05-11T08:05:40+00:00,Unavailable,,
350280525,2026-05-11T08:05:40+00:00,Unavailable,,
350280536,2026-05-11T08:05:40+00:00,Unavailable,,
350288650,2026-05-11T08:05:40+00:00,Unavailable,,
350288664,2026-05-11T08:05:40+00:00,Unavailable,,
350288680,2026-05-11T08:05:40+00:00,Unavailable,,
350288691,2026-05-11T08:05:40+00:00,Unavailable,,
350288702,2026-05-11T08:05:40+00:00,Unavailable,,
350288713,2026-05-11T08:05:40+00:00,Unavailable,,
350288724,2026-05-11T08:05:40+00:00,Unavailable,,
350288737,2026-05-11T08:05:40+00:00,Unavailable,,
350288748,2026-05-11T08:05:40+00:00,Unavailable,,
350288759,2026-05-11T08:05:40+00:00,Unavailable,,
350288770,2026-05-11T08:05:40+00:00,Unavailable,,
350288781,2026-05-11T08:05:40+00:00,Unavailable,,
350288792,2026-05-11T08:05:40+00:00,Unavailable,,
350288804,2026-05-11T08:05:40+00:00,Unavailable,,
350288815,2026-05-11T08:05:40+00:00,Unavailable,,
350288826,2026-05-11T08:05:40+00:00,Unavailable,,
350288837,2026-05-11T08:05:40+00:00,Unavailable,,
350288848,2026-05-11T08:05:40+00:00,Unavailable,,
350288859,2026-05-11T08:05:40+00:00,Unavailable,,
350288870,2026-05-11T08:05:40+00:00,Unavailable,,
350288881,2026-05-11T08:05:40+00:00,Unavailable,,
350288892,2026-05-11T08:05:40+00:00,Unavailable,,
350288903,2026-05-11T08:05:40+00:00,Unavailable,,
350288914,2026-05-11T08:05:40+00:00,Unavailable,,
350288925,2026-05-11T08:05:40+00:00,Unavailable,,
350288937,2026-05-11T08:05:40+00:00,Unavailable,,
350288948,2026-05-11T08:05:40+00:00,Unavailable,,
350288959,2026-05-11T08:05:40+00:00,Unavailable,,
350288970,2026-05-11T08:05:40+00:00,Unavailable,,
350288981,2026-05-11T08:05:40+00:00,Unavailable,,
350288992,2026-05-11T08:05:40+00:00,Unavailable,,
350289003,2026-05-11T08:05:40+00:00,Unavailable,,
350289014,2026-05-11T08:05:40+00:00,Unavailable,,
350289048,2026-05-11T08:05:40+00:00,Unavailable,,
350289060,2026-05-11T08:05:40+00:00,Unavailable,,
350289071,2026-05-11T08:05:40+00:00,Unavailable,,
350289082,2026-05-11T08:05:40+00:00,Unavailable,,
350289093,2026-05-11T08:05:40+00:00,Unavailable,,
350289104,2026-05-11T08:05:40+00:00,Unavailable,,
350289115,2026-05-11T08:05:40+00:00,Unavailable,,
350289126,2026-05-11T08:05:40+00:00,Unavailable,,
350289137,2026-05-11T08:05:40+00:00,Unavailable,,
350289148,2026-05-11T08:05:40+00:00,Unavailable,,
350289159,2026-05-11T08:05:40+00:00,Unavailable,,
350289170,2026-05-11T08:05:40+00:00,Unavailable,,
350289181,2026-05-11T08:05:40+00:00,Unavailable,,
350289192,2026-05-11T08:05:40+00:00,Unavailable,,
350289203,2026-05-11T08:05:40+00:00,Unavailable,,
350289214,2026-05-11T08:05:40+00:00,Unavailable,,
350289226,2026-05-11T08:05:40+00:00,Unavailable,,
350289237,2026-05-11T08:05:40+00:00,Unavailable,,
350289248,2026-05-11T08:05:40+00:00,Unavailable,,
350289260,2026-05-11T08:05:40+00:00,Unavailable,,
350289271,2026-05-11T08:05:40+00:00,Unavailable,,
350289282,2026-05-11T08:05:40+00:00,Unavailable,,
350289293,2026-05-11T08:05:40+00:00,Unavailable,,
350289304,2026-05-11T08:05:40+00:00,Unavailable,,
350289315,2026-05-11T08:05:40+00:00,Unavailable,,
350289326,2026-05-11T08:05:40+00:00,Unavailable,,
350289337,2026-05-11T08:05:40+00:00,Unavailable,,
350289348,2026-05-11T08:05:40+00:00,Unavailable,,
350289359,2026-05-11T08:05:40+00:00,Unavailable,,
350289370,2026-05-11T08:05:40+00:00,Unavailable,,
350289381,2026-05-11T08:05:40+00:00,Unavailable,,
350289392,2026-05-11T08:05:40+00:00,Unavailable,,
350289404,2026-05-11T08:05:40+00:00,Unavailable,,
351070164,2026-05-11T08:05:40+00:00,Unavailable,,
351073176,2026-05-11T08:05:40+00:00,Unavailable,,
353250216,2026-05-11T08:05:40+00:00,Unavailable,,
364658017,2026-05-11T08:05:40+00:00,Unavailable,,
350216376,2026-05-11T11:30:57+00:00,Unavailable,,
350216387,2026-05-11T11:30:57+00:00,Unavailable,,
350216398,2026-05-11T11:30:57+00:00,Unavailable,,
350216409,2026-05-11T11:30:57+00:00,Unavailable,,
350216431,2026-05-11T11:30:57+00:00,Unavailable,,
350216442,2026-05-11T11:30:57+00:00,Unavailable,,
350216453,2026-05-11T11:30:57+00:00,Unavailable,,
350216465,2026-05-11T11:30:57+00:00,Unavailable,,
350216476,2026-05-11T11:30:57+00:00,Unavailable,,
350216487,2026-05-11T11:30:57+00:00,Unavailable,,
350216498,2026-05-11T11:30:57+00:00,Unavailable,,
350216509,2026-05-11T11:30:57+00:00,Unavailable,,
350216520,2026-05-11T11:30:57+00:00,Unavailable,,
350216542,2026-05-11T11:30:57+00:00,Unavailable,,
350216553,2026-05-11T11:30:57+00:00,Unavailable,,
350216564,2026-05-11T11:30:57+00:00,Unavailable,,
350216575,2026-05-11T11:30:57+00:00,Unavailable,,
350216586,2026-05-11T11:30:57+00:00,Unavailable,,
350216597,2026-05-11T11:30:57+00:00,Unavailable,,
350216608,2026-05-11T11:30:57+00:00,Unavailable,,
350216619,2026-05-11T11:30:57+00:00,Unavailable,,
350216630,2026-05-11T11:30:57+00:00,Unavailable,,
350216652,2026-05-11T11:30:57+00:00,Unavailable,,
350216663,2026-05-11T11:30:57+00:00,Unavailable,,
350216674,2026-05-11T11:30:57+00:00,Unavailable,,
350216685,2026-05-11T11:30:57+00:00,Unavailable,,
350216696,2026-05-11T11:30:57+00:00,Unavailable,,
350216707,2026-05-11T11:30:57+00:00,Unavailable,,
350216718,2026-05-11T11:30:57+00:00,Unavailable,,
350216729,2026-05-11T11:30:57+00:00,Unavailable,,
350216740,2026-05-11T11:30:57+00:00,Unavailable,,
350216751,2026-05-11T11:30:57+00:00,Unavailable,,
350216762,2026-05-11T11:30:57+00:00,Unavailable,,
350216773,2026-05-11T11:30:57+00:00,Unavailable,,
350216784,2026-05-11T11:30:57+00:00,Unavailable,,
350216795,2026-05-11T11:30:57+00:00,Unavailable,,
350216806,2026-05-11T11:30:57+00:00,Unavailable,,
350216817,2026-05-11T11:30:57+00:00,Unavailable,,
350216828,2026-05-11T11:30:57+00:00,Unavailable,,
350216839,2026-05-11T11:30:57+00:00,Unavailable,,
350216850,2026-05-11T11:30:57+00:00,Unavailable,,
350216861,2026-05-11T11:30:57+00:00,Unavailable,,
350216872,2026-05-11T11:30:57+00:00,Unavailable,,
350216884,2026-05-11T11:30:57+00:00,Unavailable,,
350216895,2026-05-11T11:30:57+00:00,Unavailable,,
350216906,2026-05-11T11:30:57+00:00,Unavailable,,
350216917,2026-05-11T11:30:57+00:00,Unavailable,,
350216928,2026-05-11T11:30:57+00:00,Unavailable,,
350216939,2026-05-11T11:30:57+00:00,Unavailable,,
350216950,2026-05-11T11:30:57+00:00,Unavailable,,
350216961,2026-05-11T11:30:57+00:00,Unavailable,,
350216972,2026-05-11T11:30:57+00:00,Unavailable,,
350216994,2026-05-11T11:30:57+00:00,Unavailable,,
350217005,2026-05-11T11:30:57+00:00,Unavailable,,
350217016,2026-05-11T11:30:57+00:00,Unavailable,,
350217027,2026-05-11T11:30:57+00:00,Unavailable,,
350217049,2026-05-11T11:30:57+00:00,Unavailable,,
350217071,2026-05-11T11:30:57+00:00,Unavailable,,
350217083,2026-05-11T11:30:57+00:00,Unavailable,,
350217105,2026-05-11T11:30:57+00:00,Unavailable,,
350217117,2026-05-11T11:30:57+00:00,Unavailable,,
350217128,2026-05-11T11:30:57+00:00,Unavailable,,
350217150,2026-05-11T11:30:57+00:00,Unavailable,,
350217162,2026-05-11T11:30:57+00:00,Unavailable,,
350217174,2026-05-11T11:30:57+00:00,Unavailable,,
350217185,2026-05-11T11:30:57+00:00,Unavailable,,
350217207,2026-05-11T11:30:57+00:00,Unavailable,,
350217218,2026-05-11T11:30:57+00:00,Unavailable,,
350217240,2026-05-11T11:30:57+00:00,Unavailable,,
350217251,2026-05-11T11:30:57+00:00,Unavailable,,
350217262,2026-05-11T11:30:57+00:00,Unavailable,,
350217273,2026-05-11T11:30:57+00:00,Unavailable,,
350217284,2026-05-11T11:30:57+00:00,Unavailable,,
350217295,2026-05-11T11:30:57+00:00,Unavailable,,
350217306,2026-05-11T11:30:57+00:00,Unavailable,,
350217317,2026-05-11T11:30:57+00:00,Unavailable,,
350217339,2026-05-11T11:30:57+00:00,Unavailable,,
350217353,2026-05-11T11:30:57+00:00,Unavailable,,
350217366,2026-05-11T11:30:57+00:00,Unavailable,,
350217379,2026-05-11T11:30:57+00:00,Unavailable,,
350217393,2026-05-11T11:30:57+00:00,Unavailable,,
350217404,2026-05-11T11:30:57+00:00,Unavailable,,
350217415,2026-05-11T11:30:57+00:00,Unavailable,,
350217426,2026-05-11T11:30:57+00:00,Unavailable,,
350217437,2026-05-11T11:30:57+00:00,Unavailable,,
350217448,2026-05-11T11:30:57+00:00,Unavailable,,
350732033,2026-05-11T11:30:57+00:00,Unavailable,,
350739304,2026-05-11T11:30:57+00:00,Unavailable,,
350740400,2026-05-11T11:30:57+00:00,Unavailable,,
350740938,2026-05-11T11:30:57+00:00,Unavailable,,
350741533,2026-05-11T11:30:57+00:00,Unavailable,,
350741599,2026-05-11T11:30:57+00:00,Unavailable,,
364675943,2026-05-11T11:30:57+00:00,Unavailable,,
364677421,2026-05-11T11:30:57+00:00,Unavailable,,
364677693,2026-05-11T11:30:57+00:00,Unavailable,,
364678079,2026-05-11T11:30:57+00:00,Unavailable,,
350200801,2026-05-11T11:31:01+00:00,Unavailable,,
350200813,2026-05-11T11:31:01+00:00,Unavailable,,
350200824,2026-05-11T11:31:01+00:00,Unavailable,,
350200836,2026-05-11T11:31:01+00:00,Unavailable,,
350200847,2026-05-11T11:31:01+00:00,Unavailable,,
350200858,2026-05-11T11:31:01+00:00,Unavailable,,
350200869,2026-05-11T11:31:01+00:00,Unavailable,,
350200880,2026-05-11T11:31:01+00:00,Unavailable,,
350200891,2026-05-11T11:31:01+00:00,Unavailable,,
350200902,2026-05-11T11:31:01+00:00,Unavailable,,
350200913,2026-05-11T11:31:01+00:00,Unavailable,,
350200924,2026-05-11T11:31:01+00:00,Unavailable,,
350200935,2026-05-11T11:31:01+00:00,Unavailable,,
350200946,2026-05-11T11:31:01+00:00,Unavailable,,
350200957,2026-05-11T11:31:01+00:00,Unavailable,,
350200968,2026-05-11T11:31:01+00:00,Unavailable,,
350200979,2026-05-11T11:31:01+00:00,Unavailable,,
350200990,2026-05-11T11:31:01+00:00,Unavailable,,
350201001,2026-05-11T11:31:01+00:00,Unavailable,,
350201012,2026-05-11T11:31:01+00:00,Unavailable,,
350201023,2026-05-11T11:31:01+00:00,Unavailable,,
350201034,2026-05-11T11:31:01+00:00,Unavailable,,
350201045,2026-05-11T11:31:01+00:00,Unavailable,,
350201058,2026-05-11T11:31:01+00:00,Unavailable,,
350201069,2026-05-11T11:31:01+00:00,Unavailable,,
350201080,2026-05-11T11:31:01+00:00,Unavailable,,
350201091,2026-05-11T11:31:01+00:00,Unavailable,,
350201102,2026-05-11T11:31:01+00:00,Unavailable,,
350201113,2026-05-11T11:31:01+00:00,Unavailable,,
350201124,2026-05-11T11:31:01+00:00,Unavailable,,
350201135,2026-05-11T11:31:01+00:00,Unavailable,,
350201146,2026-05-11T11:31:01+00:00,Unavailable,,
350201157,2026-05-11T11:31:01+00:00,Unavailable,,
350201170,2026-05-11T11:31:01+00:00,Unavailable,,
350201182,2026-05-11T11:31:01+00:00,Unavailable,,
350201193,2026-05-11T11:31:01+00:00,Unavailable,,
350201205,2026-05-11T11:31:01+00:00,Unavailable,,
350201216,2026-05-11T11:31:01+00:00,Unavailable,,
350201227,2026-05-11T11:31:01+00:00,Unavailable,,
350201238,2026-05-11T11:31:01+00:00,Unavailable,,
350201249,2026-05-11T11:31:01+00:00,Unavailable,,
350201260,2026-05-11T11:31:01+00:00,Unavailable,,
350201271,2026-05-11T11:31:01+00:00,Unavailable,,
350201283,2026-05-11T11:31:01+00:00,Unavailable,,
350201294,2026-05-11T11:31:01+00:00,Unavailable,,
350201305,2026-05-11T11:31:01+00:00,Unavailable,,
350201316,2026-05-11T11:31:01+00:00,Unavailable,,
350201327,2026-05-11T11:31:01+00:00,Unavailable,,
350201338,2026-05-11T11:31:01+00:00,Unavailable,,
350201349,2026-05-11T11:31:01+00:00,Unavailable,,
350201360,2026-05-11T11:31:01+00:00,Unavailable,,
350201371,2026-05-11T11:31:01+00:00,Unavailable,,
350201382,2026-05-11T11:31:01+00:00,Unavailable,,
350201393,2026-05-11T11:31:01+00:00,Unavailable,,
350201404,2026-05-11T11:31:01+00:00,Unavailable,,
350201415,2026-05-11T11:31:01+00:00,Unavailable,,
350201426,2026-05-11T11:31:01+00:00,Unavailable,,
350201437,2026-05-11T11:31:01+00:00,Unavailable,,
350201448,2026-05-11T11:31:01+00:00,Unavailable,,
350201459,2026-05-11T11:31:01+00:00,Unavailable,,
350201470,2026-05-11T11:31:01+00:00,Unavailable,,
350201481,2026-05-11T11:31:01+00:00,Unavailable,,
350201492,2026-05-11T11:31:01+00:00,Unavailable,,
350201503,2026-05-11T11:31:01+00:00,Unavailable,,
350201514,2026-05-11T11:31:01+00:00,Unavailable,,
350201525,2026-05-11T11:31:01+00:00,Unavailable,,
350201536,2026-05-11T11:31:01+00:00,Unavailable,,
350201547,2026-05-11T11:31:01+00:00,Unavailable,,
350201558,2026-05-11T11:31:01+00:00,Unavailable,,
350201569,2026-05-11T11:31:01+00:00,Unavailable,,
350201580,2026-05-11T11:31:01+00:00,Unavailable,,
350201591,2026-05-11T11:31:01+00:00,Unavailable,,
350201602,2026-05-11T11:31:01+00:00,Unavailable,,
350201613,2026-05-11T11:31:01+00:00,Unavailable,,
350201624,2026-05-11T11:31:01+00:00,Unavailable,,
350201635,2026-05-11T11:31:01+00:00,Unavailable,,
350201646,2026-05-11T11:31:01+00:00,Unavailable,,
350201657,2026-05-11T11:31:01+00:00,Unavailable,,
350201668,2026-05-11T11:31:01+00:00,Unavailable,,
350201679,2026-05-11T11:31:01+00:00,Unavailable,,
350201690,2026-05-11T11:31:01+00:00,Unavailable,,
350201701,2026-05-11T11:31:01+00:00,Unavailable,,
350201712,2026-05-11T11:31:01+00:00,Unavailable,,
350201723,2026-05-11T11:31:01+00:00,Unavailable,,
350201735,2026-05-11T11:31:01+00:00,Unavailable,,
350201746,2026-05-11T11:31:01+00:00,Unavailable,,
350201757,2026-05-11T11:31:01+00:00,Unavailable,,
350201768,2026-05-11T11:31:01+00:00,Unavailable,,
350201779,2026-05-11T11:31:01+00:00,Unavailable,,
350201790,2026-05-11T11:31:01+00:00,Unavailable,,
350201801,2026-05-11T11:31:01+00:00,Unavailable,,
350201812,2026-05-11T11:31:01+00:00,Unavailable,,
350201823,2026-05-11T11:31:01+00:00,Unavailable,,
350201834,2026-05-11T11:31:01+00:00,Unavailable,,
350201845,2026-05-11T11:31:01+00:00,Unavailable,,
350201856,2026-05-11T11:31:01+00:00,Unavailable,,
350201867,2026-05-11T11:31:01+00:00,Unavailable,,
350201879,2026-05-11T11:31:01+00:00,Unavailable,,
350201890,2026-05-11T11:31:01+00:00,Unavailable,,
350201901,2026-05-11T11:31:01+00:00,Unavailable,,
350201912,2026-05-11T11:31:01+00:00,Unavailable,,
350201924,2026-05-11T11:31:01+00:00,Unavailable,,
350201935,2026-05-11T11:31:01+00:00,Unavailable,,
350201947,2026-05-11T11:31:01+00:00,Unavailable,,
350201958,2026-05-11T11:31:01+00:00,Unavailable,,
350201969,2026-05-11T11:31:01+00:00,Unavailable,,
350201980,2026-05-11T11:31:01+00:00,Unavailable,,
350201991,2026-05-11T11:31:01+00:00,Unavailable,,
350202003,2026-05-11T11:31:01+00:00,Unavailable,,
350202018,2026-05-11T11:31:01+00:00,Unavailable,,
350202032,2026-05-11T11:31:01+00:00,Unavailable,,
350202045,2026-05-11T11:31:01+00:00,Unavailable,,
350202056,2026-05-11T11:31:01+00:00,Unavailable,,
350202069,2026-05-11T11:31:01+00:00,Unavailable,,
350202080,2026-05-11T11:31:01+00:00,Unavailable,,
350202091,2026-05-11T11:31:01+00:00,Unavailable,,
350202102,2026-05-11T11:31:01+00:00,Unavailable,,
350202113,2026-05-11T11:31:01+00:00,Unavailable,,
350202124,2026-05-11T11:31:01+00:00,Unavailable,,
350202135,2026-05-11T11:31:01+00:00,Unavailable,,
350202146,2026-05-11T11:31:01+00:00,Unavailable,,
350202157,2026-05-11T11:31:01+00:00,Unavailable,,
350202168,2026-05-11T11:31:01+00:00,Unavailable,,
350202180,2026-05-11T11:31:01+00:00,Unavailable,,
350202191,2026-05-11T11:31:01+00:00,Unavailable,,
350202202,2026-05-11T11:31:01+00:00,Unavailable,,
350202213,2026-05-11T11:31:01+00:00,Unavailable,,
350202224,2026-05-11T11:31:01+00:00,Unavailable,,
350202235,2026-05-11T11:31:01+00:00,Unavailable,,
350202246,2026-05-11T11:31:01+00:00,Unavailable,,
350202257,2026-05-11T11:31:01+00:00,Unavailable,,
350202268,2026-05-11T11:31:01+00:00,Unavailable,,
350202279,2026-05-11T11:31:01+00:00,Unavailable,,
350202290,2026-05-11T11:31:01+00:00,Unavailable,,
350202301,2026-05-11T11:31:01+00:00,Unavailable,,
350202312,2026-05-11T11:31:01+00:00,Unavailable,,
350202323,2026-05-11T11:31:01+00:00,Unavailable,,
350202334,2026-05-11T11:31:01+00:00,Unavailable,,
350202347,2026-05-11T11:31:01+00:00,Unavailable,,
350202361,2026-05-11T11:31:01+00:00,Unavailable,,
350202372,2026-05-11T11:31:01+00:00,Unavailable,,
350202383,2026-05-11T11:31:01+00:00,Unavailable,,
350202394,2026-05-11T11:31:01+00:00,Unavailable,,
350202406,2026-05-11T11:31:01+00:00,Unavailable,,
350202417,2026-05-11T11:31:01+00:00,Unavailable,,
350202429,2026-05-11T11:31:01+00:00,Unavailable,,
350202440,2026-05-11T11:31:01+00:00,Unavailable,,
350202451,2026-05-11T11:31:01+00:00,Unavailable,,
350202462,2026-05-11T11:31:01+00:00,Unavailable,,
350202473,2026-05-11T11:31:01+00:00,Unavailable,,
350202484,2026-05-11T11:31:01+00:00,Unavailable,,
350202495,2026-05-11T11:31:01+00:00,Unavailable,,
350202506,2026-05-11T11:31:01+00:00,Unavailable,,
350202517,2026-05-11T11:31:01+00:00,Unavailable,,
350202528,2026-05-11T11:31:01+00:00,Unavailable,,
350202539,2026-05-11T11:31:01+00:00,Unavailable,,
350202551,2026-05-11T11:31:01+00:00,Unavailable,,
350202562,2026-05-11T11:31:01+00:00,Unavailable,,
350202573,2026-05-11T11:31:01+00:00,Unavailable,,
350202584,2026-05-11T11:31:01+00:00,Unavailable,,
350202595,2026-05-11T11:31:01+00:00,Unavailable,,
350202607,2026-05-11T11:31:01+00:00,Unavailable,,
350202618,2026-05-11T11:31:01+00:00,Unavailable,,
350202631,2026-05-11T11:31:01+00:00,Unavailable,,
350202642,2026-05-11T11:31:01+00:00,Unavailable,,
350202654,2026-05-11T11:31:01+00:00,Unavailable,,
350202665,2026-05-11T11:31:01+00:00,Unavailable,,
350202676,2026-05-11T11:31:01+00:00,Unavailable,,
350202687,2026-05-11T11:31:01+00:00,Unavailable,,
350202698,2026-05-11T11:31:01+00:00,Unavailable,,
350202709,2026-05-11T11:31:01+00:00,Unavailable,,
350202720,2026-05-11T11:31:01+00:00,Unavailable,,
350202731,2026-05-11T11:31:01+00:00,Unavailable,,
350202742,2026-05-11T11:31:01+00:00,Unavailable,,
350202753,2026-05-11T11:31:01+00:00,Unavailable,,
350202764,2026-05-11T11:31:01+00:00,Unavailable,,
350202775,2026-05-11T11:31:01+00:00,Unavailable,,
350202786,2026-05-11T11:31:01+00:00,Unavailable,,
350202797,2026-05-11T11:31:01+00:00,Unavailable,,
350202808,2026-05-11T11:31:01+00:00,Unavailable,,
350202819,2026-05-11T11:31:01+00:00,Unavailable,,
350202830,2026-05-11T11:31:01+00:00,Unavailable,,
350202841,2026-05-11T11:31:01+00:00,Unavailable,,
350202852,2026-05-11T11:31:01+00:00,Unavailable,,
350202863,2026-05-11T11:31:01+00:00,Unavailable,,
350202874,2026-05-11T11:31:01+00:00,Unavailable,,
350202885,2026-05-11T11:31:01+00:00,Unavailable,,
350202896,2026-05-11T11:31:01+00:00,Unavailable,,
350202908,2026-05-11T11:31:01+00:00,Unavailable,,
350202919,2026-05-11T11:31:01+00:00,Unavailable,,
350202930,2026-05-11T11:31:01+00:00,Unavailable,,
350202941,2026-05-11T11:31:01+00:00,Unavailable,,
350202952,2026-05-11T11:31:01+00:00,Unavailable,,
350202963,2026-05-11T11:31:01+00:00,Unavailable,,
350202974,2026-05-11T11:31:01+00:00,Unavailable,,
350202985,2026-05-11T11:31:01+00:00,Unavailable,,
350202996,2026-05-11T11:31:01+00:00,Unavailable,,
350203007,2026-05-11T11:31:01+00:00,Unavailable,,
350203018,2026-05-11T11:31:01+00:00,Unavailable,,
350203029,2026-05-11T11:31:01+00:00,Unavailable,,
350203040,2026-05-11T11:31:01+00:00,Unavailable,,
350203051,2026-05-11T11:31:01+00:00,Unavailable,,
350203062,2026-05-11T11:31:01+00:00,Unavailable,,
350203073,2026-05-11T11:31:01+00:00,Unavailable,,
350203084,2026-05-11T11:31:01+00:00,Unavailable,,
350203095,2026-05-11T11:31:01+00:00,Unavailable,,
350203106,2026-05-11T11:31:01+00:00,Unavailable,,
350203117,2026-05-11T11:31:01+00:00,Unavailable,,
350203128,2026-05-11T11:31:01+00:00,Unavailable,,
350203139,2026-05-11T11:31:01+00:00,Unavailable,,
350203150,2026-05-11T11:31:01+00:00,Unavailable,,
350203162,2026-05-11T11:31:01+00:00,Unavailable,,
350203173,2026-05-11T11:31:01+00:00,Unavailable,,
350203184,2026-05-11T11:31:01+00:00,Unavailable,,
350203195,2026-05-11T11:31:01+00:00,Unavailable,,
350203206,2026-05-11T11:31:01+00:00,Unavailable,,
350203217,2026-05-11T11:31:01+00:00,Unavailable,,
350203228,2026-05-11T11:31:01+00:00,Unavailable,,
350203239,2026-05-11T11:31:01+00:00,Unavailable,,
350203250,2026-05-11T11:31:01+00:00,Unavailable,,
350203261,2026-05-11T11:31:01+00:00,Unavailable,,
350203272,2026-05-11T11:31:01+00:00,Unavailable,,
350203283,2026-05-11T11:31:01+00:00,Unavailable,,
350203294,2026-05-11T11:31:01+00:00,Unavailable,,
350203305,2026-05-11T11:31:01+00:00,Unavailable,,
350203316,2026-05-11T11:31:01+00:00,Unavailable,,
350203327,2026-05-11T11:31:01+00:00,Unavailable,,
350203338,2026-05-11T11:31:01+00:00,Unavailable,,
350203349,2026-05-11T11:31:01+00:00,Unavailable,,
350203360,2026-05-11T11:31:01+00:00,Unavailable,,
350203371,2026-05-11T11:31:01+00:00,Unavailable,,
350203383,2026-05-11T11:31:01+00:00,Unavailable,,
350203394,2026-05-11T11:31:01+00:00,Unavailable,,
350203405,2026-05-11T11:31:01+00:00,Unavailable,,
350203416,2026-05-11T11:31:01+00:00,Unavailable,,
350203427,2026-05-11T11:31:01+00:00,Unavailable,,
350203438,2026-05-11T11:31:01+00:00,Unavailable,,
350203449,2026-05-11T11:31:01+00:00,Unavailable,,
350203460,2026-05-11T11:31:01+00:00,Unavailable,,
350203472,2026-05-11T11:31:01+00:00,Unavailable,,
350203483,2026-05-11T11:31:01+00:00,Unavailable,,
350203494,2026-05-11T11:31:01+00:00,Unavailable,,
350203505,2026-05-11T11:31:01+00:00,Unavailable,,
350203516,2026-05-11T11:31:01+00:00,Unavailable,,
350203527,2026-05-11T11:31:01+00:00,Unavailable,,
350203538,2026-05-11T11:31:01+00:00,Unavailable,,
350203549,2026-05-11T11:31:01+00:00,Unavailable,,
350203560,2026-05-11T11:31:01+00:00,Unavailable,,
350203571,2026-05-11T11:31:01+00:00,Unavailable,,
350203593,2026-05-11T11:31:01+00:00,Unavailable,,
355173402,2026-05-11T11:31:01+00:00,Unavailable,,
350223957,2026-05-11T11:31:11+00:00,Unavailable,,
350223971,2026-05-11T11:31:11+00:00,Unavailable,,
350223985,2026-05-11T11:31:11+00:00,Unavailable,,
350223999,2026-05-11T11:31:11+00:00,Unavailable,,
350224011,2026-05-11T11:31:11+00:00,Unavailable,,
350224022,2026-05-11T11:31:11+00:00,Unavailable,,
350224033,2026-05-11T11:31:11+00:00,Unavailable,,
350224044,2026-05-11T11:31:11+00:00,Unavailable,,
350224055,2026-05-11T11:31:11+00:00,Unavailable,,
350224066,2026-05-11T11:31:11+00:00,Unavailable,,
350224077,2026-05-11T11:31:11+00:00,Unavailable,,
350224088,2026-05-11T11:31:11+00:00,Unavailable,,
350224102,2026-05-11T11:31:11+00:00,Unavailable,,
350224116,2026-05-11T11:31:11+00:00,Unavailable,,
350224130,2026-05-11T11:31:11+00:00,Unavailable,,
350224144,2026-05-11T11:31:11+00:00,Unavailable,,
350224158,2026-05-11T11:31:11+00:00,Unavailable,,
350224172,2026-05-11T11:31:11+00:00,Unavailable,,
350224186,2026-05-11T11:31:11+00:00,Unavailable,,
350224200,2026-05-11T11:31:11+00:00,Unavailable,,
350224214,2026-05-11T11:31:11+00:00,Unavailable,,
350224228,2026-05-11T11:31:11+00:00,Unavailable,,
350224239,2026-05-11T11:31:11+00:00,Unavailable,,
350224250,2026-05-11T11:31:11+00:00,Unavailable,,
350224261,2026-05-11T11:31:11+00:00,Unavailable,,
350224272,2026-05-11T11:31:11+00:00,Unavailable,,
350224283,2026-05-11T11:31:11+00:00,Unavailable,,
350224294,2026-05-11T11:31:11+00:00,Unavailable,,
350224305,2026-05-11T11:31:11+00:00,Unavailable,,
350224317,2026-05-11T11:31:11+00:00,Unavailable,,
350224328,2026-05-11T11:31:11+00:00,Unavailable,,
350224339,2026-05-11T11:31:11+00:00,Unavailable,,
350224350,2026-05-11T11:31:11+00:00,Unavailable,,
350224361,2026-05-11T11:31:11+00:00,Unavailable,,
350224372,2026-05-11T11:31:11+00:00,Unavailable,,
350224386,2026-05-11T11:31:11+00:00,Unavailable,,
350224401,2026-05-11T11:31:11+00:00,Unavailable,,
350224416,2026-05-11T11:31:11+00:00,Unavailable,,
350224433,2026-05-11T11:31:11+00:00,Unavailable,,
350224444,2026-05-11T11:31:11+00:00,Unavailable,,
350224455,2026-05-11T11:31:11+00:00,Unavailable,,
350224466,2026-05-11T11:31:11+00:00,Unavailable,,
350224477,2026-05-11T11:31:11+00:00,Unavailable,,
350224489,2026-05-11T11:31:11+00:00,Unavailable,,
350224500,2026-05-11T11:31:11+00:00,Unavailable,,
350224511,2026-05-11T11:31:11+00:00,Unavailable,,
350224522,2026-05-11T11:31:11+00:00,Unavailable,,
350224533,2026-05-11T11:31:11+00:00,Unavailable,,
350224544,2026-05-11T11:31:11+00:00,Unavailable,,
350224555,2026-05-11T11:31:11+00:00,Unavailable,,
350224566,2026-05-11T11:31:11+00:00,Unavailable,,
350224577,2026-05-11T11:31:11+00:00,Unavailable,,
350224588,2026-05-11T11:31:11+00:00,Unavailable,,
350224599,2026-05-11T11:31:11+00:00,Unavailable,,
350224612,2026-05-11T11:31:11+00:00,Unavailable,,
350224623,2026-05-11T11:31:11+00:00,Unavailable,,
350224634,2026-05-11T11:31:11+00:00,Unavailable,,
350224645,2026-05-11T11:31:11+00:00,Unavailable,,
350224658,2026-05-11T11:31:11+00:00,Unavailable,,
350224669,2026-05-11T11:31:11+00:00,Unavailable,,
350224680,2026-05-11T11:31:11+00:00,Unavailable,,
350224692,2026-05-11T11:31:11+00:00,Unavailable,,
350224703,2026-05-11T11:31:11+00:00,Unavailable,,
350224714,2026-05-11T11:31:11+00:00,Unavailable,,
350224725,2026-05-11T11:31:11+00:00,Unavailable,,
350224738,2026-05-11T11:31:11+00:00,Unavailable,,
350224749,2026-05-11T11:31:11+00:00,Unavailable,,
350224760,2026-05-11T11:31:11+00:00,Unavailable,,
350224771,2026-05-11T11:31:11+00:00,Unavailable,,
350224782,2026-05-11T11:31:11+00:00,Unavailable,,
350224793,2026-05-11T11:31:11+00:00,Unavailable,,
350224804,2026-05-11T11:31:11+00:00,Unavailable,,
350224815,2026-05-11T11:31:11+00:00,Unavailable,,
350224826,2026-05-11T11:31:11+00:00,Unavailable,,
350224837,2026-05-11T11:31:11+00:00,Unavailable,,
350224848,2026-05-11T11:31:11+00:00,Unavailable,,
350224859,2026-05-11T11:31:11+00:00,Unavailable,,
350224873,2026-05-11T11:31:11+00:00,Unavailable,,
350224887,2026-05-11T11:31:11+00:00,Unavailable,,
350224901,2026-05-11T11:31:11+00:00,Unavailable,,
350224915,2026-05-11T11:31:11+00:00,Unavailable,,
350224929,2026-05-11T11:31:11+00:00,Unavailable,,
350224940,2026-05-11T11:31:11+00:00,Unavailable,,
350224951,2026-05-11T11:31:11+00:00,Unavailable,,
350224962,2026-05-11T11:31:11+00:00,Unavailable,,
350224973,2026-05-11T11:31:11+00:00,Unavailable,,
350224985,2026-05-11T11:31:11+00:00,Unavailable,,
350224996,2026-05-11T11:31:11+00:00,Unavailable,,
350225008,2026-05-11T11:31:11+00:00,Unavailable,,
350225019,2026-05-11T11:31:11+00:00,Unavailable,,
350225030,2026-05-11T11:31:11+00:00,Unavailable,,
350225041,2026-05-11T11:31:11+00:00,Unavailable,,
350225053,2026-05-11T11:31:11+00:00,Unavailable,,
350225064,2026-05-11T11:31:11+00:00,Unavailable,,
350225075,2026-05-11T11:31:11+00:00,Unavailable,,
350225086,2026-05-11T11:31:11+00:00,Unavailable,,
350225097,2026-05-11T11:31:11+00:00,Unavailable,,
350225108,2026-05-11T11:31:11+00:00,Unavailable,,
350225119,2026-05-11T11:31:11+00:00,Unavailable,,
350225130,2026-05-11T11:31:11+00:00,Unavailable,,
350225141,2026-05-11T11:31:11+00:00,Unavailable,,
350225163,2026-05-11T11:31:11+00:00,Unavailable,,
350225174,2026-05-11T11:31:11+00:00,Unavailable,,
350225185,2026-05-11T11:31:11+00:00,Unavailable,,
350225196,2026-05-11T11:31:11+00:00,Unavailable,,
350225207,2026-05-11T11:31:11+00:00,Unavailable,,
350225218,2026-05-11T11:31:11+00:00,Unavailable,,
350225229,2026-05-11T11:31:11+00:00,Unavailable,,
350225240,2026-05-11T11:31:11+00:00,Unavailable,,
350225251,2026-05-11T11:31:11+00:00,Unavailable,,
350225262,2026-05-11T11:31:11+00:00,Unavailable,,
350225273,2026-05-11T11:31:11+00:00,Unavailable,,
350225285,2026-05-11T11:31:11+00:00,Unavailable,,
350225296,2026-05-11T11:31:11+00:00,Unavailable,,
350225307,2026-05-11T11:31:11+00:00,Unavailable,,
350225318,2026-05-11T11:31:11+00:00,Unavailable,,
350225329,2026-05-11T11:31:11+00:00,Unavailable,,
350225341,2026-05-11T11:31:11+00:00,Unavailable,,
350225352,2026-05-11T11:31:11+00:00,Unavailable,,
350225363,2026-05-11T11:31:11+00:00,Unavailable,,
350225375,2026-05-11T11:31:11+00:00,Unavailable,,
350225387,2026-05-11T11:31:11+00:00,Unavailable,,
350225401,2026-05-11T11:31:11+00:00,Unavailable,,
350225415,2026-05-11T11:31:11+00:00,Unavailable,,
350225429,2026-05-11T11:31:11+00:00,Unavailable,,
350225443,2026-05-11T11:31:11+00:00,Unavailable,,
350225457,2026-05-11T11:31:11+00:00,Unavailable,,
350225471,2026-05-11T11:31:11+00:00,Unavailable,,
350225485,2026-05-11T11:31:11+00:00,Unavailable,,
350225496,2026-05-11T11:31:11+00:00,Unavailable,,
350225507,2026-05-11T11:31:11+00:00,Unavailable,,
350225518,2026-05-11T11:31:11+00:00,Unavailable,,
350225529,2026-05-11T11:31:11+00:00,Unavailable,,
350225540,2026-05-11T11:31:11+00:00,Unavailable,,
350225551,2026-05-11T11:31:11+00:00,Unavailable,,
350225562,2026-05-11T11:31:11+00:00,Unavailable,,
350225573,2026-05-11T11:31:11+00:00,Unavailable,,
350225584,2026-05-11T11:31:11+00:00,Unavailable,,
350225596,2026-05-11T11:31:11+00:00,Unavailable,,
350225607,2026-05-11T11:31:11+00:00,Unavailable,,
350225618,2026-05-11T11:31:11+00:00,Unavailable,,
350225629,2026-05-11T11:31:11+00:00,Unavailable,,
350225640,2026-05-11T11:31:11+00:00,Unavailable,,
350225651,2026-05-11T11:31:11+00:00,Unavailable,,
350225663,2026-05-11T11:31:11+00:00,Unavailable,,
350225674,2026-05-11T11:31:11+00:00,Unavailable,,
350225688,2026-05-11T11:31:11+00:00,Unavailable,,
350225702,2026-05-11T11:31:11+00:00,Unavailable,,
350225716,2026-05-11T11:31:11+00:00,Unavailable,,
350225730,2026-05-11T11:31:11+00:00,Unavailable,,
350225744,2026-05-11T11:31:11+00:00,Unavailable,,
350225758,2026-05-11T11:31:11+00:00,Unavailable,,
350225786,2026-05-11T11:31:11+00:00,Unavailable,,
350225814,2026-05-11T11:31:11+00:00,Unavailable,,
350225825,2026-05-11T11:31:11+00:00,Unavailable,,
350225836,2026-05-11T11:31:11+00:00,Unavailable,,
350225847,2026-05-11T11:31:11+00:00,Unavailable,,
350225858,2026-05-11T11:31:11+00:00,Unavailable,,
350225869,2026-05-11T11:31:11+00:00,Unavailable,,
350225880,2026-05-11T11:31:11+00:00,Unavailable,,
350225891,2026-05-11T11:31:11+00:00,Unavailable,,
350225902,2026-05-11T11:31:11+00:00,Unavailable,,
350225913,2026-05-11T11:31:11+00:00,Unavailable,,
350225924,2026-05-11T11:31:11+00:00,Unavailable,,
350225935,2026-05-11T11:31:11+00:00,Unavailable,,
350225946,2026-05-11T11:31:11+00:00,Unavailable,,
350225957,2026-05-11T11:31:11+00:00,Unavailable,,
350225968,2026-05-11T11:31:11+00:00,Unavailable,,
350225981,2026-05-11T11:31:11+00:00,Unavailable,,
350225993,2026-05-11T11:31:11+00:00,Unavailable,,
350226004,2026-05-11T11:31:11+00:00,Unavailable,,
350226015,2026-05-11T11:31:11+00:00,Unavailable,,
350226026,2026-05-11T11:31:11+00:00,Unavailable,,
350226037,2026-05-11T11:31:11+00:00,Unavailable,,
350226048,2026-05-11T11:31:11+00:00,Unavailable,,
350226059,2026-05-11T11:31:11+00:00,Unavailable,,
350226070,2026-05-11T11:31:11+00:00,Unavailable,,
350280176,2026-05-11T11:31:11+00:00,Unavailable,,
350280422,2026-05-11T11:31:11+00:00,Unavailable,,
350280510,2026-05-11T11:31:11+00:00,Unavailable,,
350280525,2026-05-11T11:31:11+00:00,Unavailable,,
350280536,2026-05-11T11:31:11+00:00,Unavailable,,
350288650,2026-05-11T11:31:11+00:00,Unavailable,,
350288664,2026-05-11T11:31:11+00:00,Unavailable,,
350288680,2026-05-11T11:31:11+00:00,Unavailable,,
350288691,2026-05-11T11:31:11+00:00,Unavailable,,
350288702,2026-05-11T11:31:11+00:00,Unavailable,,
350288713,2026-05-11T11:31:11+00:00,Unavailable,,
350288724,2026-05-11T11:31:11+00:00,Unavailable,,
350288737,2026-05-11T11:31:11+00:00,Unavailable,,
350288748,2026-05-11T11:31:11+00:00,Unavailable,,
350288759,2026-05-11T11:31:11+00:00,Unavailable,,
350288770,2026-05-11T11:31:11+00:00,Unavailable,,
350288781,2026-05-11T11:31:11+00:00,Unavailable,,
350288792,2026-05-11T11:31:11+00:00,Unavailable,,
350288804,2026-05-11T11:31:11+00:00,Unavailable,,
350288815,2026-05-11T11:31:11+00:00,Unavailable,,
350288826,2026-05-11T11:31:11+00:00,Unavailable,,
350288837,2026-05-11T11:31:11+00:00,Unavailable,,
350288848,2026-05-11T11:31:11+00:00,Unavailable,,
350288859,2026-05-11T11:31:11+00:00,Unavailable,,
350288870,2026-05-11T11:31:11+00:00,Unavailable,,
350288881,2026-05-11T11:31:11+00:00,Unavailable,,
350288892,2026-05-11T11:31:11+00:00,Unavailable,,
350288903,2026-05-11T11:31:11+00:00,Unavailable,,
350288914,2026-05-11T11:31:11+00:00,Unavailable,,
350288925,2026-05-11T11:31:11+00:00,Unavailable,,
350288937,2026-05-11T11:31:11+00:00,Unavailable,,
350288948,2026-05-11T11:31:11+00:00,Unavailable,,
350288959,2026-05-11T11:31:11+00:00,Unavailable,,
350288970,2026-05-11T11:31:11+00:00,Unavailable,,
350288981,2026-05-11T11:31:11+00:00,Unavailable,,
350288992,2026-05-11T11:31:11+00:00,Unavailable,,
350289003,2026-05-11T11:31:11+00:00,Unavailable,,
350289014,2026-05-11T11:31:11+00:00,Unavailable,,
350289048,2026-05-11T11:31:11+00:00,Unavailable,,
350289060,2026-05-11T11:31:11+00:00,Unavailable,,
350289071,2026-05-11T11:31:11+00:00,Unavailable,,
350289082,2026-05-11T11:31:11+00:00,Unavailable,,
350289093,2026-05-11T11:31:11+00:00,Unavailable,,
350289104,2026-05-11T11:31:11+00:00,Unavailable,,
350289115,2026-05-11T11:31:11+00:00,Unavailable,,
350289126,2026-05-11T11:31:11+00:00,Unavailable,,
350289137,2026-05-11T11:31:11+00:00,Unavailable,,
350289148,2026-05-11T11:31:11+00:00,Unavailable,,
350289159,2026-05-11T11:31:11+00:00,Unavailable,,
350289170,2026-05-11T11:31:11+00:00,Unavailable,,
350289181,2026-05-11T11:31:11+00:00,Unavailable,,
350289192,2026-05-11T11:31:11+00:00,Unavailable,,
350289203,2026-05-11T11:31:11+00:00,Unavailable,,
350289214,2026-05-11T11:31:11+00:00,Unavailable,,
350289226,2026-05-11T11:31:11+00:00,Unavailable,,
350289237,2026-05-11T11:31:11+00:00,Unavailable,,
350289248,2026-05-11T11:31:11+00:00,Unavailable,,
350289260,2026-05-11T11:31:11+00:00,Unavailable,,
350289271,2026-05-11T11:31:11+00:00,Unavailable,,
350289282,2026-05-11T11:31:11+00:00,Unavailable,,
350289293,2026-05-11T11:31:11+00:00,Unavailable,,
350289304,2026-05-11T11:31:11+00:00,Unavailable,,
350289315,2026-05-11T11:31:11+00:00,Unavailable,,
350289326,2026-05-11T11:31:11+00:00,Unavailable,,
350289337,2026-05-11T11:31:11+00:00,Unavailable,,
350289348,2026-05-11T11:31:11+00:00,Unavailable,,
350289359,2026-05-11T11:31:11+00:00,Unavailable,,
350289370,2026-05-11T11:31:11+00:00,Unavailable,,
350289381,2026-05-11T11:31:11+00:00,Unavailable,,
350289392,2026-05-11T11:31:11+00:00,Unavailable,,
350289404,2026-05-11T11:31:11+00:00,Unavailable,,
351070164,2026-05-11T11:31:11+00:00,Unavailable,,
351073176,2026-05-11T11:31:11+00:00,Unavailable,,
353250216,2026-05-11T11:31:11+00:00,Unavailable,,
364658017,2026-05-11T11:31:11+00:00,Unavailable,,
350216376,2026-05-11T11:35:02+00:00,Unavailable,,
350216387,2026-05-11T11:35:02+00:00,Unavailable,,
350216398,2026-05-11T11:35:02+00:00,Unavailable,,
350216409,2026-05-11T11:35:02+00:00,Unavailable,,
350216431,2026-05-11T11:35:02+00:00,Unavailable,,
350216442,2026-05-11T11:35:02+00:00,Unavailable,,
350216453,2026-05-11T11:35:02+00:00,Unavailable,,
350216465,2026-05-11T11:35:02+00:00,Unavailable,,
350216476,2026-05-11T11:35:02+00:00,Unavailable,,
350216487,2026-05-11T11:35:02+00:00,Unavailable,,
350216498,2026-05-11T11:35:02+00:00,Unavailable,,
350216509,2026-05-11T11:35:02+00:00,Unavailable,,
350216520,2026-05-11T11:35:02+00:00,Unavailable,,
350216542,2026-05-11T11:35:02+00:00,Unavailable,,
350216553,2026-05-11T11:35:02+00:00,Unavailable,,
350216564,2026-05-11T11:35:02+00:00,Unavailable,,
350216575,2026-05-11T11:35:02+00:00,Unavailable,,
350216586,2026-05-11T11:35:02+00:00,Unavailable,,
350216597,2026-05-11T11:35:02+00:00,Unavailable,,
350216608,2026-05-11T11:35:02+00:00,Unavailable,,
350216619,2026-05-11T11:35:02+00:00,Unavailable,,
350216630,2026-05-11T11:35:02+00:00,Unavailable,,
350216652,2026-05-11T11:35:02+00:00,Unavailable,,
350216663,2026-05-11T11:35:02+00:00,Unavailable,,
350216674,2026-05-11T11:35:02+00:00,Unavailable,,
350216685,2026-05-11T11:35:02+00:00,Unavailable,,
350216696,2026-05-11T11:35:02+00:00,Unavailable,,
350216707,2026-05-11T11:35:02+00:00,Unavailable,,
350216718,2026-05-11T11:35:02+00:00,Unavailable,,
350216729,2026-05-11T11:35:02+00:00,Unavailable,,
350216740,2026-05-11T11:35:02+00:00,Unavailable,,
350216751,2026-05-11T11:35:02+00:00,Unavailable,,
350216762,2026-05-11T11:35:02+00:00,Unavailable,,
350216773,2026-05-11T11:35:02+00:00,Unavailable,,
350216784,2026-05-11T11:35:02+00:00,Unavailable,,
350216795,2026-05-11T11:35:02+00:00,Unavailable,,
350216806,2026-05-11T11:35:02+00:00,Unavailable,,
350216817,2026-05-11T11:35:02+00:00,Unavailable,,
350216828,2026-05-11T11:35:02+00:00,Unavailable,,
350216839,2026-05-11T11:35:02+00:00,Unavailable,,
350216850,2026-05-11T11:35:02+00:00,Unavailable,,
350216861,2026-05-11T11:35:02+00:00,Unavailable,,
350216872,2026-05-11T11:35:02+00:00,Unavailable,,
350216884,2026-05-11T11:35:02+00:00,Unavailable,,
350216895,2026-05-11T11:35:02+00:00,Unavailable,,
350216906,2026-05-11T11:35:02+00:00,Unavailable,,
350216917,2026-05-11T11:35:02+00:00,Unavailable,,
350216928,2026-05-11T11:35:02+00:00,Unavailable,,
350216939,2026-05-11T11:35:02+00:00,Unavailable,,
350216950,2026-05-11T11:35:02+00:00,Unavailable,,
350216961,2026-05-11T11:35:02+00:00,Unavailable,,
350216972,2026-05-11T11:35:02+00:00,Unavailable,,
350216994,2026-05-11T11:35:02+00:00,Unavailable,,
350217005,2026-05-11T11:35:02+00:00,Unavailable,,
350217016,2026-05-11T11:35:02+00:00,Unavailable,,
350217027,2026-05-11T11:35:02+00:00,Unavailable,,
350217049,2026-05-11T11:35:02+00:00,Unavailable,,
350217071,2026-05-11T11:35:02+00:00,Unavailable,,
350217083,2026-05-11T11:35:02+00:00,Unavailable,,
350217105,2026-05-11T11:35:02+00:00,Unavailable,,
350217117,2026-05-11T11:35:02+00:00,Unavailable,,
350217128,2026-05-11T11:35:02+00:00,Unavailable,,
350217150,2026-05-11T11:35:02+00:00,Unavailable,,
350217162,2026-05-11T11:35:02+00:00,Unavailable,,
350217174,2026-05-11T11:35:02+00:00,Unavailable,,
350217185,2026-05-11T11:35:02+00:00,Unavailable,,
350217207,2026-05-11T11:35:02+00:00,Unavailable,,
350217218,2026-05-11T11:35:02+00:00,Unavailable,,
350217240,2026-05-11T11:35:02+00:00,Unavailable,,
350217251,2026-05-11T11:35:02+00:00,Unavailable,,
350217262,2026-05-11T11:35:02+00:00,Unavailable,,
350217273,2026-05-11T11:35:02+00:00,Unavailable,,
350217284,2026-05-11T11:35:02+00:00,Unavailable,,
350217295,2026-05-11T11:35:02+00:00,Unavailable,,
350217306,2026-05-11T11:35:02+00:00,Unavailable,,
350217317,2026-05-11T11:35:02+00:00,Unavailable,,
350217339,2026-05-11T11:35:02+00:00,Unavailable,,
350217353,2026-05-11T11:35:02+00:00,Unavailable,,
350217366,2026-05-11T11:35:02+00:00,Unavailable,,
350217379,2026-05-11T11:35:02+00:00,Unavailable,,
350217393,2026-05-11T11:35:02+00:00,Unavailable,,
350217404,2026-05-11T11:35:02+00:00,Unavailable,,
350217415,2026-05-11T11:35:02+00:00,Unavailable,,
350217426,2026-05-11T11:35:02+00:00,Unavailable,,
350217437,2026-05-11T11:35:02+00:00,Unavailable,,
350217448,2026-05-11T11:35:02+00:00,Unavailable,,
350732033,2026-05-11T11:35:02+00:00,Unavailable,,
350739304,2026-05-11T11:35:02+00:00,Unavailable,,
350740400,2026-05-11T11:35:02+00:00,Unavailable,,
350740938,2026-05-11T11:35:02+00:00,Unavailable,,
350741533,2026-05-11T11:35:02+00:00,Unavailable,,
350741599,2026-05-11T11:35:02+00:00,Unavailable,,
364675943,2026-05-11T11:35:02+00:00,Unavailable,,
364677421,2026-05-11T11:35:02+00:00,Unavailable,,
364677693,2026-05-11T11:35:02+00:00,Unavailable,,
364678079,2026-05-11T11:35:02+00:00,Unavailable,,
350200801,2026-05-11T11:35:06+00:00,Unavailable,,
350200813,2026-05-11T11:35:06+00:00,Unavailable,,
350200824,2026-05-11T11:35:06+00:00,Unavailable,,
350200836,2026-05-11T11:35:06+00:00,Unavailable,,
350200847,2026-05-11T11:35:06+00:00,Unavailable,,
350200858,2026-05-11T11:35:06+00:00,Unavailable,,
350200869,2026-05-11T11:35:06+00:00,Unavailable,,
350200880,2026-05-11T11:35:06+00:00,Unavailable,,
350200891,2026-05-11T11:35:06+00:00,Unavailable,,
350200902,2026-05-11T11:35:06+00:00,Unavailable,,
350200913,2026-05-11T11:35:06+00:00,Unavailable,,
350200924,2026-05-11T11:35:06+00:00,Unavailable,,
350200935,2026-05-11T11:35:06+00:00,Unavailable,,
350200946,2026-05-11T11:35:06+00:00,Unavailable,,
350200957,2026-05-11T11:35:06+00:00,Unavailable,,
350200968,2026-05-11T11:35:06+00:00,Unavailable,,
350200979,2026-05-11T11:35:06+00:00,Unavailable,,
350200990,2026-05-11T11:35:06+00:00,Unavailable,,
350201001,2026-05-11T11:35:06+00:00,Unavailable,,
350201012,2026-05-11T11:35:06+00:00,Unavailable,,
350201023,2026-05-11T11:35:06+00:00,Unavailable,,
350201034,2026-05-11T11:35:06+00:00,Unavailable,,
350201045,2026-05-11T11:35:06+00:00,Unavailable,,
350201058,2026-05-11T11:35:06+00:00,Unavailable,,
350201069,2026-05-11T11:35:06+00:00,Unavailable,,
350201080,2026-05-11T11:35:06+00:00,Unavailable,,
350201091,2026-05-11T11:35:06+00:00,Unavailable,,
350201102,2026-05-11T11:35:06+00:00,Unavailable,,
350201113,2026-05-11T11:35:06+00:00,Unavailable,,
350201124,2026-05-11T11:35:06+00:00,Unavailable,,
350201135,2026-05-11T11:35:06+00:00,Unavailable,,
350201146,2026-05-11T11:35:06+00:00,Unavailable,,
350201157,2026-05-11T11:35:06+00:00,Unavailable,,
350201170,2026-05-11T11:35:06+00:00,Unavailable,,
350201182,2026-05-11T11:35:06+00:00,Unavailable,,
350201193,2026-05-11T11:35:06+00:00,Unavailable,,
350201205,2026-05-11T11:35:06+00:00,Unavailable,,
350201216,2026-05-11T11:35:06+00:00,Unavailable,,
350201227,2026-05-11T11:35:06+00:00,Unavailable,,
350201238,2026-05-11T11:35:06+00:00,Unavailable,,
350201249,2026-05-11T11:35:06+00:00,Unavailable,,
350201260,2026-05-11T11:35:06+00:00,Unavailable,,
350201271,2026-05-11T11:35:06+00:00,Unavailable,,
350201283,2026-05-11T11:35:06+00:00,Unavailable,,
350201294,2026-05-11T11:35:06+00:00,Unavailable,,
350201305,2026-05-11T11:35:06+00:00,Unavailable,,
350201316,2026-05-11T11:35:06+00:00,Unavailable,,
350201327,2026-05-11T11:35:06+00:00,Unavailable,,
350201338,2026-05-11T11:35:06+00:00,Unavailable,,
350201349,2026-05-11T11:35:06+00:00,Unavailable,,
350201360,2026-05-11T11:35:06+00:00,Unavailable,,
350201371,2026-05-11T11:35:06+00:00,Unavailable,,
350201382,2026-05-11T11:35:06+00:00,Unavailable,,
350201393,2026-05-11T11:35:06+00:00,Unavailable,,
350201404,2026-05-11T11:35:06+00:00,Unavailable,,
350201415,2026-05-11T11:35:06+00:00,Unavailable,,
350201426,2026-05-11T11:35:06+00:00,Unavailable,,
350201437,2026-05-11T11:35:06+00:00,Unavailable,,
350201448,2026-05-11T11:35:06+00:00,Unavailable,,
350201459,2026-05-11T11:35:06+00:00,Unavailable,,
350201470,2026-05-11T11:35:06+00:00,Unavailable,,
350201481,2026-05-11T11:35:06+00:00,Unavailable,,
350201492,2026-05-11T11:35:06+00:00,Unavailable,,
350201503,2026-05-11T11:35:06+00:00,Unavailable,,
350201514,2026-05-11T11:35:06+00:00,Unavailable,,
350201525,2026-05-11T11:35:06+00:00,Unavailable,,
350201536,2026-05-11T11:35:06+00:00,Unavailable,,
350201547,2026-05-11T11:35:06+00:00,Unavailable,,
350201558,2026-05-11T11:35:06+00:00,Unavailable,,
350201569,2026-05-11T11:35:06+00:00,Unavailable,,
350201580,2026-05-11T11:35:06+00:00,Unavailable,,
350201591,2026-05-11T11:35:06+00:00,Unavailable,,
350201602,2026-05-11T11:35:06+00:00,Unavailable,,
350201613,2026-05-11T11:35:06+00:00,Unavailable,,
350201624,2026-05-11T11:35:06+00:00,Unavailable,,
350201635,2026-05-11T11:35:06+00:00,Unavailable,,
350201646,2026-05-11T11:35:06+00:00,Unavailable,,
350201657,2026-05-11T11:35:06+00:00,Unavailable,,
350201668,2026-05-11T11:35:06+00:00,Unavailable,,
350201679,2026-05-11T11:35:06+00:00,Unavailable,,
350201690,2026-05-11T11:35:06+00:00,Unavailable,,
350201701,2026-05-11T11:35:06+00:00,Unavailable,,
350201712,2026-05-11T11:35:06+00:00,Unavailable,,
350201723,2026-05-11T11:35:06+00:00,Unavailable,,
350201735,2026-05-11T11:35:06+00:00,Unavailable,,
350201746,2026-05-11T11:35:06+00:00,Unavailable,,
350201757,2026-05-11T11:35:06+00:00,Unavailable,,
350201768,2026-05-11T11:35:06+00:00,Unavailable,,
350201779,2026-05-11T11:35:06+00:00,Unavailable,,
350201790,2026-05-11T11:35:06+00:00,Unavailable,,
350201801,2026-05-11T11:35:06+00:00,Unavailable,,
350201812,2026-05-11T11:35:06+00:00,Unavailable,,
350201823,2026-05-11T11:35:06+00:00,Unavailable,,
350201834,2026-05-11T11:35:06+00:00,Unavailable,,
350201845,2026-05-11T11:35:06+00:00,Unavailable,,
350201856,2026-05-11T11:35:06+00:00,Unavailable,,
350201867,2026-05-11T11:35:06+00:00,Unavailable,,
350201879,2026-05-11T11:35:06+00:00,Unavailable,,
350201890,2026-05-11T11:35:06+00:00,Unavailable,,
350201901,2026-05-11T11:35:06+00:00,Unavailable,,
350201912,2026-05-11T11:35:06+00:00,Unavailable,,
350201924,2026-05-11T11:35:06+00:00,Unavailable,,
350201935,2026-05-11T11:35:06+00:00,Unavailable,,
350201947,2026-05-11T11:35:06+00:00,Unavailable,,
350201958,2026-05-11T11:35:06+00:00,Unavailable,,
350201969,2026-05-11T11:35:06+00:00,Unavailable,,
350201980,2026-05-11T11:35:06+00:00,Unavailable,,
350201991,2026-05-11T11:35:06+00:00,Unavailable,,
350202003,2026-05-11T11:35:06+00:00,Unavailable,,
350202018,2026-05-11T11:35:06+00:00,Unavailable,,
350202032,2026-05-11T11:35:06+00:00,Unavailable,,
350202045,2026-05-11T11:35:06+00:00,Unavailable,,
350202056,2026-05-11T11:35:06+00:00,Unavailable,,
350202069,2026-05-11T11:35:06+00:00,Unavailable,,
350202080,2026-05-11T11:35:06+00:00,Unavailable,,
350202091,2026-05-11T11:35:06+00:00,Unavailable,,
350202102,2026-05-11T11:35:06+00:00,Unavailable,,
350202113,2026-05-11T11:35:06+00:00,Unavailable,,
350202124,2026-05-11T11:35:06+00:00,Unavailable,,
350202135,2026-05-11T11:35:06+00:00,Unavailable,,
350202146,2026-05-11T11:35:06+00:00,Unavailable,,
350202157,2026-05-11T11:35:06+00:00,Unavailable,,
350202168,2026-05-11T11:35:06+00:00,Unavailable,,
350202180,2026-05-11T11:35:06+00:00,Unavailable,,
350202191,2026-05-11T11:35:06+00:00,Unavailable,,
350202202,2026-05-11T11:35:06+00:00,Unavailable,,
350202213,2026-05-11T11:35:06+00:00,Unavailable,,
350202224,2026-05-11T11:35:06+00:00,Unavailable,,
350202235,2026-05-11T11:35:06+00:00,Unavailable,,
350202246,2026-05-11T11:35:06+00:00,Unavailable,,
350202257,2026-05-11T11:35:06+00:00,Unavailable,,
350202268,2026-05-11T11:35:06+00:00,Unavailable,,
350202279,2026-05-11T11:35:06+00:00,Unavailable,,
350202290,2026-05-11T11:35:06+00:00,Unavailable,,
350202301,2026-05-11T11:35:06+00:00,Unavailable,,
350202312,2026-05-11T11:35:06+00:00,Unavailable,,
350202323,2026-05-11T11:35:06+00:00,Unavailable,,
350202334,2026-05-11T11:35:06+00:00,Unavailable,,
350202347,2026-05-11T11:35:06+00:00,Unavailable,,
350202361,2026-05-11T11:35:06+00:00,Unavailable,,
350202372,2026-05-11T11:35:06+00:00,Unavailable,,
350202383,2026-05-11T11:35:06+00:00,Unavailable,,
350202394,2026-05-11T11:35:06+00:00,Unavailable,,
350202406,2026-05-11T11:35:06+00:00,Unavailable,,
350202417,2026-05-11T11:35:06+00:00,Unavailable,,
350202429,2026-05-11T11:35:06+00:00,Unavailable,,
350202440,2026-05-11T11:35:06+00:00,Unavailable,,
350202451,2026-05-11T11:35:06+00:00,Unavailable,,
350202462,2026-05-11T11:35:06+00:00,Unavailable,,
350202473,2026-05-11T11:35:06+00:00,Unavailable,,
350202484,2026-05-11T11:35:06+00:00,Unavailable,,
350202495,2026-05-11T11:35:06+00:00,Unavailable,,
350202506,2026-05-11T11:35:06+00:00,Unavailable,,
350202517,2026-05-11T11:35:06+00:00,Unavailable,,
350202528,2026-05-11T11:35:06+00:00,Unavailable,,
350202539,2026-05-11T11:35:06+00:00,Unavailable,,
350202551,2026-05-11T11:35:06+00:00,Unavailable,,
350202562,2026-05-11T11:35:06+00:00,Unavailable,,
350202573,2026-05-11T11:35:06+00:00,Unavailable,,
350202584,2026-05-11T11:35:06+00:00,Unavailable,,
350202595,2026-05-11T11:35:06+00:00,Unavailable,,
350202607,2026-05-11T11:35:06+00:00,Unavailable,,
350202618,2026-05-11T11:35:06+00:00,Unavailable,,
350202631,2026-05-11T11:35:06+00:00,Unavailable,,
350202642,2026-05-11T11:35:06+00:00,Unavailable,,
350202654,2026-05-11T11:35:06+00:00,Unavailable,,
350202665,2026-05-11T11:35:06+00:00,Unavailable,,
350202676,2026-05-11T11:35:06+00:00,Unavailable,,
350202687,2026-05-11T11:35:06+00:00,Unavailable,,
350202698,2026-05-11T11:35:06+00:00,Unavailable,,
350202709,2026-05-11T11:35:06+00:00,Unavailable,,
350202720,2026-05-11T11:35:06+00:00,Unavailable,,
350202731,2026-05-11T11:35:06+00:00,Unavailable,,
350202742,2026-05-11T11:35:06+00:00,Unavailable,,
350202753,2026-05-11T11:35:06+00:00,Unavailable,,
350202764,2026-05-11T11:35:06+00:00,Unavailable,,
350202775,2026-05-11T11:35:06+00:00,Unavailable,,
350202786,2026-05-11T11:35:06+00:00,Unavailable,,
350202797,2026-05-11T11:35:06+00:00,Unavailable,,
350202808,2026-05-11T11:35:06+00:00,Unavailable,,
350202819,2026-05-11T11:35:06+00:00,Unavailable,,
350202830,2026-05-11T11:35:06+00:00,Unavailable,,
350202841,2026-05-11T11:35:06+00:00,Unavailable,,
350202852,2026-05-11T11:35:06+00:00,Unavailable,,
350202863,2026-05-11T11:35:06+00:00,Unavailable,,
350202874,2026-05-11T11:35:06+00:00,Unavailable,,
350202885,2026-05-11T11:35:06+00:00,Unavailable,,
350202896,2026-05-11T11:35:06+00:00,Unavailable,,
350202908,2026-05-11T11:35:06+00:00,Unavailable,,
350202919,2026-05-11T11:35:06+00:00,Unavailable,,
350202930,2026-05-11T11:35:06+00:00,Unavailable,,
350202941,2026-05-11T11:35:06+00:00,Unavailable,,
350202952,2026-05-11T11:35:06+00:00,Unavailable,,
350202963,2026-05-11T11:35:06+00:00,Unavailable,,
350202974,2026-05-11T11:35:06+00:00,Unavailable,,
350202985,2026-05-11T11:35:06+00:00,Unavailable,,
350202996,2026-05-11T11:35:06+00:00,Unavailable,,
350203007,2026-05-11T11:35:06+00:00,Unavailable,,
350203018,2026-05-11T11:35:06+00:00,Unavailable,,
350203029,2026-05-11T11:35:06+00:00,Unavailable,,
350203040,2026-05-11T11:35:06+00:00,Unavailable,,
350203051,2026-05-11T11:35:06+00:00,Unavailable,,
350203062,2026-05-11T11:35:06+00:00,Unavailable,,
350203073,2026-05-11T11:35:06+00:00,Unavailable,,
350203084,2026-05-11T11:35:06+00:00,Unavailable,,
350203095,2026-05-11T11:35:06+00:00,Unavailable,,
350203106,2026-05-11T11:35:06+00:00,Unavailable,,
350203117,2026-05-11T11:35:06+00:00,Unavailable,,
350203128,2026-05-11T11:35:06+00:00,Unavailable,,
350203139,2026-05-11T11:35:06+00:00,Unavailable,,
350203150,2026-05-11T11:35:06+00:00,Unavailable,,
350203162,2026-05-11T11:35:06+00:00,Unavailable,,
350203173,2026-05-11T11:35:06+00:00,Unavailable,,
350203184,2026-05-11T11:35:06+00:00,Unavailable,,
350203195,2026-05-11T11:35:06+00:00,Unavailable,,
350203206,2026-05-11T11:35:06+00:00,Unavailable,,
350203217,2026-05-11T11:35:06+00:00,Unavailable,,
350203228,2026-05-11T11:35:06+00:00,Unavailable,,
350203239,2026-05-11T11:35:06+00:00,Unavailable,,
350203250,2026-05-11T11:35:06+00:00,Unavailable,,
350203261,2026-05-11T11:35:06+00:00,Unavailable,,
350203272,2026-05-11T11:35:06+00:00,Unavailable,,
350203283,2026-05-11T11:35:06+00:00,Unavailable,,
350203294,2026-05-11T11:35:06+00:00,Unavailable,,
350203305,2026-05-11T11:35:06+00:00,Unavailable,,
350203316,2026-05-11T11:35:06+00:00,Unavailable,,
350203327,2026-05-11T11:35:06+00:00,Unavailable,,
350203338,2026-05-11T11:35:06+00:00,Unavailable,,
350203349,2026-05-11T11:35:06+00:00,Unavailable,,
350203360,2026-05-11T11:35:06+00:00,Unavailable,,
350203371,2026-05-11T11:35:06+00:00,Unavailable,,
350203383,2026-05-11T11:35:06+00:00,Unavailable,,
350203394,2026-05-11T11:35:06+00:00,Unavailable,,
350203405,2026-05-11T11:35:06+00:00,Unavailable,,
350203416,2026-05-11T11:35:06+00:00,Unavailable,,
350203427,2026-05-11T11:35:06+00:00,Unavailable,,
350203438,2026-05-11T11:35:06+00:00,Unavailable,,
350203449,2026-05-11T11:35:06+00:00,Unavailable,,
350203460,2026-05-11T11:35:06+00:00,Unavailable,,
350203472,2026-05-11T11:35:06+00:00,Unavailable,,
350203483,2026-05-11T11:35:06+00:00,Unavailable,,
350203494,2026-05-11T11:35:06+00:00,Unavailable,,
350203505,2026-05-11T11:35:06+00:00,Unavailable,,
350203516,2026-05-11T11:35:06+00:00,Unavailable,,
350203527,2026-05-11T11:35:06+00:00,Unavailable,,
350203538,2026-05-11T11:35:06+00:00,Unavailable,,
350203549,2026-05-11T11:35:06+00:00,Unavailable,,
350203560,2026-05-11T11:35:06+00:00,Unavailable,,
350203571,2026-05-11T11:35:06+00:00,Unavailable,,
350203593,2026-05-11T11:35:06+00:00,Unavailable,,
355173402,2026-05-11T11:35:06+00:00,Unavailable,,
350223957,2026-05-11T11:35:16+00:00,Unavailable,,
350223971,2026-05-11T11:35:16+00:00,Unavailable,,
350223985,2026-05-11T11:35:16+00:00,Unavailable,,
350223999,2026-05-11T11:35:16+00:00,Unavailable,,
350224011,2026-05-11T11:35:16+00:00,Unavailable,,
350224022,2026-05-11T11:35:16+00:00,Unavailable,,
350224033,2026-05-11T11:35:16+00:00,Unavailable,,
350224044,2026-05-11T11:35:16+00:00,Unavailable,,
350224055,2026-05-11T11:35:16+00:00,Unavailable,,
350224066,2026-05-11T11:35:16+00:00,Unavailable,,
350224077,2026-05-11T11:35:16+00:00,Unavailable,,
350224088,2026-05-11T11:35:16+00:00,Unavailable,,
350224102,2026-05-11T11:35:16+00:00,Unavailable,,
350224116,2026-05-11T11:35:16+00:00,Unavailable,,
350224130,2026-05-11T11:35:16+00:00,Unavailable,,
350224144,2026-05-11T11:35:16+00:00,Unavailable,,
350224158,2026-05-11T11:35:16+00:00,Unavailable,,
350224172,2026-05-11T11:35:16+00:00,Unavailable,,
350224186,2026-05-11T11:35:16+00:00,Unavailable,,
350224200,2026-05-11T11:35:16+00:00,Unavailable,,
350224214,2026-05-11T11:35:16+00:00,Unavailable,,
350224228,2026-05-11T11:35:16+00:00,Unavailable,,
350224239,2026-05-11T11:35:16+00:00,Unavailable,,
350224250,2026-05-11T11:35:16+00:00,Unavailable,,
350224261,2026-05-11T11:35:16+00:00,Unavailable,,
350224272,2026-05-11T11:35:16+00:00,Unavailable,,
350224283,2026-05-11T11:35:16+00:00,Unavailable,,
350224294,2026-05-11T11:35:16+00:00,Unavailable,,
350224305,2026-05-11T11:35:16+00:00,Unavailable,,
350224317,2026-05-11T11:35:16+00:00,Unavailable,,
350224328,2026-05-11T11:35:16+00:00,Unavailable,,
350224339,2026-05-11T11:35:16+00:00,Unavailable,,
350224350,2026-05-11T11:35:16+00:00,Unavailable,,
350224361,2026-05-11T11:35:16+00:00,Unavailable,,
350224372,2026-05-11T11:35:16+00:00,Unavailable,,
350224386,2026-05-11T11:35:16+00:00,Unavailable,,
350224401,2026-05-11T11:35:16+00:00,Unavailable,,
350224416,2026-05-11T11:35:16+00:00,Unavailable,,
350224433,2026-05-11T11:35:16+00:00,Unavailable,,
350224444,2026-05-11T11:35:16+00:00,Unavailable,,
350224455,2026-05-11T11:35:16+00:00,Unavailable,,
350224466,2026-05-11T11:35:16+00:00,Unavailable,,
350224477,2026-05-11T11:35:16+00:00,Unavailable,,
350224489,2026-05-11T11:35:16+00:00,Unavailable,,
350224500,2026-05-11T11:35:16+00:00,Unavailable,,
350224511,2026-05-11T11:35:16+00:00,Unavailable,,
350224522,2026-05-11T11:35:16+00:00,Unavailable,,
350224533,2026-05-11T11:35:16+00:00,Unavailable,,
350224544,2026-05-11T11:35:16+00:00,Unavailable,,
350224555,2026-05-11T11:35:16+00:00,Unavailable,,
350224566,2026-05-11T11:35:16+00:00,Unavailable,,
350224577,2026-05-11T11:35:16+00:00,Unavailable,,
350224588,2026-05-11T11:35:16+00:00,Unavailable,,
350224599,2026-05-11T11:35:16+00:00,Unavailable,,
350224612,2026-05-11T11:35:16+00:00,Unavailable,,
350224623,2026-05-11T11:35:16+00:00,Unavailable,,
350224634,2026-05-11T11:35:16+00:00,Unavailable,,
350224645,2026-05-11T11:35:16+00:00,Unavailable,,
350224658,2026-05-11T11:35:16+00:00,Unavailable,,
350224669,2026-05-11T11:35:16+00:00,Unavailable,,
350224680,2026-05-11T11:35:16+00:00,Unavailable,,
350224692,2026-05-11T11:35:16+00:00,Unavailable,,
350224703,2026-05-11T11:35:16+00:00,Unavailable,,
350224714,2026-05-11T11:35:16+00:00,Unavailable,,
350224725,2026-05-11T11:35:16+00:00,Unavailable,,
350224738,2026-05-11T11:35:16+00:00,Unavailable,,
350224749,2026-05-11T11:35:16+00:00,Unavailable,,
350224760,2026-05-11T11:35:16+00:00,Unavailable,,
350224771,2026-05-11T11:35:16+00:00,Unavailable,,
350224782,2026-05-11T11:35:16+00:00,Unavailable,,
350224793,2026-05-11T11:35:16+00:00,Unavailable,,
350224804,2026-05-11T11:35:16+00:00,Unavailable,,
350224815,2026-05-11T11:35:16+00:00,Unavailable,,
350224826,2026-05-11T11:35:16+00:00,Unavailable,,
350224837,2026-05-11T11:35:16+00:00,Unavailable,,
350224848,2026-05-11T11:35:16+00:00,Unavailable,,
350224859,2026-05-11T11:35:16+00:00,Unavailable,,
350224873,2026-05-11T11:35:16+00:00,Unavailable,,
350224887,2026-05-11T11:35:16+00:00,Unavailable,,
350224901,2026-05-11T11:35:16+00:00,Unavailable,,
350224915,2026-05-11T11:35:16+00:00,Unavailable,,
350224929,2026-05-11T11:35:16+00:00,Unavailable,,
350224940,2026-05-11T11:35:16+00:00,Unavailable,,
350224951,2026-05-11T11:35:16+00:00,Unavailable,,
350224962,2026-05-11T11:35:16+00:00,Unavailable,,
350224973,2026-05-11T11:35:16+00:00,Unavailable,,
350224985,2026-05-11T11:35:16+00:00,Unavailable,,
350224996,2026-05-11T11:35:16+00:00,Unavailable,,
350225008,2026-05-11T11:35:16+00:00,Unavailable,,
350225019,2026-05-11T11:35:16+00:00,Unavailable,,
350225030,2026-05-11T11:35:16+00:00,Unavailable,,
350225041,2026-05-11T11:35:16+00:00,Unavailable,,
350225053,2026-05-11T11:35:16+00:00,Unavailable,,
350225064,2026-05-11T11:35:16+00:00,Unavailable,,
350225075,2026-05-11T11:35:16+00:00,Unavailable,,
350225086,2026-05-11T11:35:16+00:00,Unavailable,,
350225097,2026-05-11T11:35:16+00:00,Unavailable,,
350225108,2026-05-11T11:35:16+00:00,Unavailable,,
350225119,2026-05-11T11:35:16+00:00,Unavailable,,
350225130,2026-05-11T11:35:16+00:00,Unavailable,,
350225141,2026-05-11T11:35:16+00:00,Unavailable,,
350225163,2026-05-11T11:35:16+00:00,Unavailable,,
350225174,2026-05-11T11:35:16+00:00,Unavailable,,
350225185,2026-05-11T11:35:16+00:00,Unavailable,,
350225196,2026-05-11T11:35:16+00:00,Unavailable,,
350225207,2026-05-11T11:35:16+00:00,Unavailable,,
350225218,2026-05-11T11:35:16+00:00,Unavailable,,
350225229,2026-05-11T11:35:16+00:00,Unavailable,,
350225240,2026-05-11T11:35:16+00:00,Unavailable,,
350225251,2026-05-11T11:35:16+00:00,Unavailable,,
350225262,2026-05-11T11:35:16+00:00,Unavailable,,
350225273,2026-05-11T11:35:16+00:00,Unavailable,,
350225285,2026-05-11T11:35:16+00:00,Unavailable,,
350225296,2026-05-11T11:35:16+00:00,Unavailable,,
350225307,2026-05-11T11:35:16+00:00,Unavailable,,
350225318,2026-05-11T11:35:16+00:00,Unavailable,,
350225329,2026-05-11T11:35:16+00:00,Unavailable,,
350225341,2026-05-11T11:35:16+00:00,Unavailable,,
350225352,2026-05-11T11:35:16+00:00,Unavailable,,
350225363,2026-05-11T11:35:16+00:00,Unavailable,,
350225375,2026-05-11T11:35:16+00:00,Unavailable,,
350225387,2026-05-11T11:35:16+00:00,Unavailable,,
350225401,2026-05-11T11:35:16+00:00,Unavailable,,
350225415,2026-05-11T11:35:16+00:00,Unavailable,,
350225429,2026-05-11T11:35:16+00:00,Unavailable,,
350225443,2026-05-11T11:35:16+00:00,Unavailable,,
350225457,2026-05-11T11:35:16+00:00,Unavailable,,
350225471,2026-05-11T11:35:16+00:00,Unavailable,,
350225485,2026-05-11T11:35:16+00:00,Unavailable,,
350225496,2026-05-11T11:35:16+00:00,Unavailable,,
350225507,2026-05-11T11:35:16+00:00,Unavailable,,
350225518,2026-05-11T11:35:16+00:00,Unavailable,,
350225529,2026-05-11T11:35:16+00:00,Unavailable,,
350225540,2026-05-11T11:35:16+00:00,Unavailable,,
350225551,2026-05-11T11:35:16+00:00,Unavailable,,
350225562,2026-05-11T11:35:16+00:00,Unavailable,,
350225573,2026-05-11T11:35:16+00:00,Unavailable,,
350225584,2026-05-11T11:35:16+00:00,Unavailable,,
350225596,2026-05-11T11:35:16+00:00,Unavailable,,
350225607,2026-05-11T11:35:16+00:00,Unavailable,,
350225618,2026-05-11T11:35:16+00:00,Unavailable,,
350225629,2026-05-11T11:35:16+00:00,Unavailable,,
350225640,2026-05-11T11:35:16+00:00,Unavailable,,
350225651,2026-05-11T11:35:16+00:00,Unavailable,,
350225663,2026-05-11T11:35:16+00:00,Unavailable,,
350225674,2026-05-11T11:35:16+00:00,Unavailable,,
350225688,2026-05-11T11:35:16+00:00,Unavailable,,
350225702,2026-05-11T11:35:16+00:00,Unavailable,,
350225716,2026-05-11T11:35:16+00:00,Unavailable,,
350225730,2026-05-11T11:35:16+00:00,Unavailable,,
350225744,2026-05-11T11:35:16+00:00,Unavailable,,
350225758,2026-05-11T11:35:16+00:00,Unavailable,,
350225786,2026-05-11T11:35:16+00:00,Unavailable,,
350225814,2026-05-11T11:35:16+00:00,Unavailable,,
350225825,2026-05-11T11:35:16+00:00,Unavailable,,
350225836,2026-05-11T11:35:16+00:00,Unavailable,,
350225847,2026-05-11T11:35:16+00:00,Unavailable,,
350225858,2026-05-11T11:35:16+00:00,Unavailable,,
350225869,2026-05-11T11:35:16+00:00,Unavailable,,
350225880,2026-05-11T11:35:16+00:00,Unavailable,,
350225891,2026-05-11T11:35:16+00:00,Unavailable,,
350225902,2026-05-11T11:35:16+00:00,Unavailable,,
350225913,2026-05-11T11:35:16+00:00,Unavailable,,
350225924,2026-05-11T11:35:16+00:00,Unavailable,,
350225935,2026-05-11T11:35:16+00:00,Unavailable,,
350225946,2026-05-11T11:35:16+00:00,Unavailable,,
350225957,2026-05-11T11:35:16+00:00,Unavailable,,
350225968,2026-05-11T11:35:16+00:00,Unavailable,,
350225981,2026-05-11T11:35:16+00:00,Unavailable,,
350225993,2026-05-11T11:35:16+00:00,Unavailable,,
350226004,2026-05-11T11:35:16+00:00,Unavailable,,
350226015,2026-05-11T11:35:16+00:00,Unavailable,,
350226026,2026-05-11T11:35:16+00:00,Unavailable,,
350226037,2026-05-11T11:35:16+00:00,Unavailable,,
350226048,2026-05-11T11:35:16+00:00,Unavailable,,
350226059,2026-05-11T11:35:16+00:00,Unavailable,,
350226070,2026-05-11T11:35:16+00:00,Unavailable,,
350280176,2026-05-11T11:35:16+00:00,Unavailable,,
350280422,2026-05-11T11:35:16+00:00,Unavailable,,
350280510,2026-05-11T11:35:16+00:00,Unavailable,,
350280525,2026-05-11T11:35:16+00:00,Unavailable,,
350280536,2026-05-11T11:35:16+00:00,Unavailable,,
350288650,2026-05-11T11:35:16+00:00,Unavailable,,
350288664,2026-05-11T11:35:16+00:00,Unavailable,,
350288680,2026-05-11T11:35:16+00:00,Unavailable,,
350288691,2026-05-11T11:35:16+00:00,Unavailable,,
350288702,2026-05-11T11:35:16+00:00,Unavailable,,
350288713,2026-05-11T11:35:16+00:00,Unavailable,,
350288724,2026-05-11T11:35:16+00:00,Unavailable,,
350288737,2026-05-11T11:35:16+00:00,Unavailable,,
350288748,2026-05-11T11:35:16+00:00,Unavailable,,
350288759,2026-05-11T11:35:16+00:00,Unavailable,,
350288770,2026-05-11T11:35:16+00:00,Unavailable,,
350288781,2026-05-11T11:35:16+00:00,Unavailable,,
350288792,2026-05-11T11:35:16+00:00,Unavailable,,
350288804,2026-05-11T11:35:16+00:00,Unavailable,,
350288815,2026-05-11T11:35:16+00:00,Unavailable,,
350288826,2026-05-11T11:35:16+00:00,Unavailable,,
350288837,2026-05-11T11:35:16+00:00,Unavailable,,
350288848,2026-05-11T11:35:16+00:00,Unavailable,,
350288859,2026-05-11T11:35:16+00:00,Unavailable,,
350288870,2026-05-11T11:35:16+00:00,Unavailable,,
350288881,2026-05-11T11:35:16+00:00,Unavailable,,
350288892,2026-05-11T11:35:16+00:00,Unavailable,,
350288903,2026-05-11T11:35:16+00:00,Unavailable,,
350288914,2026-05-11T11:35:16+00:00,Unavailable,,
350288925,2026-05-11T11:35:16+00:00,Unavailable,,
350288937,2026-05-11T11:35:16+00:00,Unavailable,,
350288948,2026-05-11T11:35:16+00:00,Unavailable,,
350288959,2026-05-11T11:35:16+00:00,Unavailable,,
350288970,2026-05-11T11:35:16+00:00,Unavailable,,
350288981,2026-05-11T11:35:16+00:00,Unavailable,,
350288992,2026-05-11T11:35:16+00:00,Unavailable,,
350289003,2026-05-11T11:35:16+00:00,Unavailable,,
350289014,2026-05-11T11:35:16+00:00,Unavailable,,
350289048,2026-05-11T11:35:16+00:00,Unavailable,,
350289060,2026-05-11T11:35:16+00:00,Unavailable,,
350289071,2026-05-11T11:35:16+00:00,Unavailable,,
350289082,2026-05-11T11:35:16+00:00,Unavailable,,
350289093,2026-05-11T11:35:16+00:00,Unavailable,,
350289104,2026-05-11T11:35:16+00:00,Unavailable,,
350289115,2026-05-11T11:35:16+00:00,Unavailable,,
350289126,2026-05-11T11:35:16+00:00,Unavailable,,
350289137,2026-05-11T11:35:16+00:00,Unavailable,,
350289148,2026-05-11T11:35:16+00:00,Unavailable,,
350289159,2026-05-11T11:35:16+00:00,Unavailable,,
350289170,2026-05-11T11:35:16+00:00,Unavailable,,
350289181,2026-05-11T11:35:16+00:00,Unavailable,,
350289192,2026-05-11T11:35:16+00:00,Unavailable,,
350289203,2026-05-11T11:35:16+00:00,Unavailable,,
350289214,2026-05-11T11:35:16+00:00,Unavailable,,
350289226,2026-05-11T11:35:16+00:00,Unavailable,,
350289237,2026-05-11T11:35:16+00:00,Unavailable,,
350289248,2026-05-11T11:35:16+00:00,Unavailable,,
350289260,2026-05-11T11:35:16+00:00,Unavailable,,
350289271,2026-05-11T11:35:16+00:00,Unavailable,,
350289282,2026-05-11T11:35:16+00:00,Unavailable,,
350289293,2026-05-11T11:35:16+00:00,Unavailable,,
350289304,2026-05-11T11:35:16+00:00,Unavailable,,
350289315,2026-05-11T11:35:16+00:00,Unavailable,,
350289326,2026-05-11T11:35:16+00:00,Unavailable,,
350289337,2026-05-11T11:35:16+00:00,Unavailable,,
350289348,2026-05-11T11:35:16+00:00,Unavailable,,
350289359,2026-05-11T11:35:16+00:00,Unavailable,,
350289370,2026-05-11T11:35:16+00:00,Unavailable,,
350289381,2026-05-11T11:35:16+00:00,Unavailable,,
350289392,2026-05-11T11:35:16+00:00,Unavailable,,
350289404,2026-05-11T11:35:16+00:00,Unavailable,,
351070164,2026-05-11T11:35:16+00:00,Unavailable,,
351073176,2026-05-11T11:35:16+00:00,Unavailable,,
353250216,2026-05-11T11:35:16+00:00,Unavailable,,
364658017,2026-05-11T11:35:16+00:00,Unavailable,,
350216376,2026-05-11T14:06:52+00:00,Unavailable,,
350216387,2026-05-11T14:06:52+00:00,Unavailable,,
350216398,2026-05-11T14:06:52+00:00,Unavailable,,
350216409,2026-05-11T14:06:52+00:00,Unavailable,,
350216431,2026-05-11T14:06:52+00:00,Unavailable,,
350216442,2026-05-11T14:06:52+00:00,Unavailable,,
350216453,2026-05-11T14:06:52+00:00,Unavailable,,
350216465,2026-05-11T14:06:52+00:00,Unavailable,,
350216476,2026-05-11T14:06:52+00:00,Unavailable,,
350216487,2026-05-11T14:06:52+00:00,Unavailable,,
350216498,2026-05-11T14:06:52+00:00,Unavailable,,
350216509,2026-05-11T14:06:52+00:00,Unavailable,,
350216520,2026-05-11T14:06:52+00:00,Unavailable,,
350216542,2026-05-11T14:06:52+00:00,Unavailable,,
350216553,2026-05-11T14:06:52+00:00,Unavailable,,
350216564,2026-05-11T14:06:52+00:00,Unavailable,,
350216575,2026-05-11T14:06:52+00:00,Unavailable,,
350216586,2026-05-11T14:06:52+00:00,Unavailable,,
350216597,2026-05-11T14:06:52+00:00,Unavailable,,
350216608,2026-05-11T14:06:52+00:00,Unavailable,,
350216619,2026-05-11T14:06:52+00:00,Unavailable,,
350216630,2026-05-11T14:06:52+00:00,Unavailable,,
350216652,2026-05-11T14:06:52+00:00,Unavailable,,
350216663,2026-05-11T14:06:52+00:00,Unavailable,,
350216674,2026-05-11T14:06:52+00:00,Unavailable,,
350216685,2026-05-11T14:06:52+00:00,Unavailable,,
350216696,2026-05-11T14:06:52+00:00,Unavailable,,
350216707,2026-05-11T14:06:52+00:00,Unavailable,,
350216718,2026-05-11T14:06:52+00:00,Unavailable,,
350216729,2026-05-11T14:06:52+00:00,Unavailable,,
350216740,2026-05-11T14:06:52+00:00,Unavailable,,
350216751,2026-05-11T14:06:52+00:00,Unavailable,,
350216762,2026-05-11T14:06:52+00:00,Unavailable,,
350216773,2026-05-11T14:06:52+00:00,Unavailable,,
350216784,2026-05-11T14:06:52+00:00,Unavailable,,
350216795,2026-05-11T14:06:52+00:00,Unavailable,,
350216806,2026-05-11T14:06:52+00:00,Unavailable,,
350216817,2026-05-11T14:06:52+00:00,Unavailable,,
350216828,2026-05-11T14:06:52+00:00,Unavailable,,
350216839,2026-05-11T14:06:52+00:00,Unavailable,,
350216850,2026-05-11T14:06:52+00:00,Unavailable,,
350216861,2026-05-11T14:06:52+00:00,Unavailable,,
350216872,2026-05-11T14:06:52+00:00,Unavailable,,
350216884,2026-05-11T14:06:52+00:00,Unavailable,,
350216895,2026-05-11T14:06:52+00:00,Unavailable,,
350216906,2026-05-11T14:06:52+00:00,Unavailable,,
350216917,2026-05-11T14:06:52+00:00,Unavailable,,
350216928,2026-05-11T14:06:52+00:00,Unavailable,,
350216939,2026-05-11T14:06:52+00:00,Unavailable,,
350216950,2026-05-11T14:06:52+00:00,Unavailable,,
350216961,2026-05-11T14:06:52+00:00,Unavailable,,
350216972,2026-05-11T14:06:52+00:00,Unavailable,,
350216994,2026-05-11T14:06:52+00:00,Unavailable,,
350217005,2026-05-11T14:06:52+00:00,Unavailable,,
350217016,2026-05-11T14:06:52+00:00,Unavailable,,
350217027,2026-05-11T14:06:52+00:00,Unavailable,,
350217049,2026-05-11T14:06:52+00:00,Unavailable,,
350217071,2026-05-11T14:06:52+00:00,Unavailable,,
350217083,2026-05-11T14:06:52+00:00,Unavailable,,
350217105,2026-05-11T14:06:52+00:00,Unavailable,,
350217117,2026-05-11T14:06:52+00:00,Unavailable,,
350217128,2026-05-11T14:06:52+00:00,Unavailable,,
350217150,2026-05-11T14:06:52+00:00,Unavailable,,
350217162,2026-05-11T14:06:52+00:00,Unavailable,,
350217174,2026-05-11T14:06:52+00:00,Unavailable,,
350217185,2026-05-11T14:06:52+00:00,Unavailable,,
350217207,2026-05-11T14:06:52+00:00,Unavailable,,
350217218,2026-05-11T14:06:52+00:00,Unavailable,,
350217240,2026-05-11T14:06:52+00:00,Unavailable,,
350217251,2026-05-11T14:06:52+00:00,Unavailable,,
350217262,2026-05-11T14:06:52+00:00,Unavailable,,
350217273,2026-05-11T14:06:52+00:00,Unavailable,,
350217284,2026-05-11T14:06:52+00:00,Unavailable,,
350217295,2026-05-11T14:06:52+00:00,Unavailable,,
350217306,2026-05-11T14:06:52+00:00,Unavailable,,
350217317,2026-05-11T14:06:52+00:00,Unavailable,,
350217339,2026-05-11T14:06:52+00:00,Unavailable,,
350217353,2026-05-11T14:06:52+00:00,Unavailable,,
350217366,2026-05-11T14:06:52+00:00,Unavailable,,
350217379,2026-05-11T14:06:52+00:00,Unavailable,,
350217393,2026-05-11T14:06:52+00:00,Unavailable,,
350217404,2026-05-11T14:06:52+00:00,Unavailable,,
350217415,2026-05-11T14:06:52+00:00,Unavailable,,
350217426,2026-05-11T14:06:52+00:00,Unavailable,,
350217437,2026-05-11T14:06:52+00:00,Unavailable,,
350217448,2026-05-11T14:06:52+00:00,Unavailable,,
350732033,2026-05-11T14:06:52+00:00,Unavailable,,
350739304,2026-05-11T14:06:52+00:00,Unavailable,,
350740400,2026-05-11T14:06:52+00:00,Unavailable,,
350740938,2026-05-11T14:06:52+00:00,Unavailable,,
350741533,2026-05-11T14:06:52+00:00,Unavailable,,
350741599,2026-05-11T14:06:52+00:00,Unavailable,,
364675943,2026-05-11T14:06:52+00:00,Unavailable,,
364677421,2026-05-11T14:06:52+00:00,Unavailable,,
364677693,2026-05-11T14:06:52+00:00,Unavailable,,
364678079,2026-05-11T14:06:52+00:00,Unavailable,,
350200801,2026-05-11T14:06:56+00:00,Unavailable,,
350200813,2026-05-11T14:06:56+00:00,Unavailable,,
350200824,2026-05-11T14:06:56+00:00,Unavailable,,
350200836,2026-05-11T14:06:56+00:00,Unavailable,,
350200847,2026-05-11T14:06:56+00:00,Unavailable,,
350200858,2026-05-11T14:06:56+00:00,Unavailable,,
350200869,2026-05-11T14:06:56+00:00,Unavailable,,
350200880,2026-05-11T14:06:56+00:00,Unavailable,,
350200891,2026-05-11T14:06:56+00:00,Unavailable,,
350200902,2026-05-11T14:06:56+00:00,Unavailable,,
350200913,2026-05-11T14:06:56+00:00,Unavailable,,
350200924,2026-05-11T14:06:56+00:00,Unavailable,,
350200935,2026-05-11T14:06:56+00:00,Unavailable,,
350200946,2026-05-11T14:06:56+00:00,Unavailable,,
350200957,2026-05-11T14:06:56+00:00,Unavailable,,
350200968,2026-05-11T14:06:56+00:00,Unavailable,,
350200979,2026-05-11T14:06:56+00:00,Unavailable,,
350200990,2026-05-11T14:06:56+00:00,Unavailable,,
350201001,2026-05-11T14:06:56+00:00,Unavailable,,
350201012,2026-05-11T14:06:56+00:00,Unavailable,,
350201023,2026-05-11T14:06:56+00:00,Unavailable,,
350201034,2026-05-11T14:06:56+00:00,Unavailable,,
350201045,2026-05-11T14:06:56+00:00,Unavailable,,
350201058,2026-05-11T14:06:56+00:00,Unavailable,,
350201069,2026-05-11T14:06:56+00:00,Unavailable,,
350201080,2026-05-11T14:06:56+00:00,Unavailable,,
350201091,2026-05-11T14:06:56+00:00,Unavailable,,
350201102,2026-05-11T14:06:56+00:00,Unavailable,,
350201113,2026-05-11T14:06:56+00:00,Unavailable,,
350201124,2026-05-11T14:06:56+00:00,Unavailable,,
350201135,2026-05-11T14:06:56+00:00,Unavailable,,
350201146,2026-05-11T14:06:56+00:00,Unavailable,,
350201157,2026-05-11T14:06:56+00:00,Unavailable,,
350201170,2026-05-11T14:06:56+00:00,Unavailable,,
350201182,2026-05-11T14:06:56+00:00,Unavailable,,
350201193,2026-05-11T14:06:56+00:00,Unavailable,,
350201205,2026-05-11T14:06:56+00:00,Unavailable,,
350201216,2026-05-11T14:06:56+00:00,Unavailable,,
350201227,2026-05-11T14:06:56+00:00,Unavailable,,
350201238,2026-05-11T14:06:56+00:00,Unavailable,,
350201249,2026-05-11T14:06:56+00:00,Unavailable,,
350201260,2026-05-11T14:06:56+00:00,Unavailable,,
350201271,2026-05-11T14:06:56+00:00,Unavailable,,
350201283,2026-05-11T14:06:56+00:00,Unavailable,,
350201294,2026-05-11T14:06:56+00:00,Unavailable,,
350201305,2026-05-11T14:06:56+00:00,Unavailable,,
350201316,2026-05-11T14:06:56+00:00,Unavailable,,
350201327,2026-05-11T14:06:56+00:00,Unavailable,,
350201338,2026-05-11T14:06:56+00:00,Unavailable,,
350201349,2026-05-11T14:06:56+00:00,Unavailable,,
350201360,2026-05-11T14:06:56+00:00,Unavailable,,
350201371,2026-05-11T14:06:56+00:00,Unavailable,,
350201382,2026-05-11T14:06:56+00:00,Unavailable,,
350201393,2026-05-11T14:06:56+00:00,Unavailable,,
350201404,2026-05-11T14:06:56+00:00,Unavailable,,
350201415,2026-05-11T14:06:56+00:00,Unavailable,,
350201426,2026-05-11T14:06:56+00:00,Unavailable,,
350201437,2026-05-11T14:06:56+00:00,Unavailable,,
350201448,2026-05-11T14:06:56+00:00,Unavailable,,
350201459,2026-05-11T14:06:56+00:00,Unavailable,,
350201470,2026-05-11T14:06:56+00:00,Unavailable,,
350201481,2026-05-11T14:06:56+00:00,Unavailable,,
350201492,2026-05-11T14:06:56+00:00,Unavailable,,
350201503,2026-05-11T14:06:56+00:00,Unavailable,,
350201514,2026-05-11T14:06:56+00:00,Unavailable,,
350201525,2026-05-11T14:06:56+00:00,Unavailable,,
350201536,2026-05-11T14:06:56+00:00,Unavailable,,
350201547,2026-05-11T14:06:56+00:00,Unavailable,,
350201558,2026-05-11T14:06:56+00:00,Unavailable,,
350201569,2026-05-11T14:06:56+00:00,Unavailable,,
350201580,2026-05-11T14:06:56+00:00,Unavailable,,
350201591,2026-05-11T14:06:56+00:00,Unavailable,,
350201602,2026-05-11T14:06:56+00:00,Unavailable,,
350201613,2026-05-11T14:06:56+00:00,Unavailable,,
350201624,2026-05-11T14:06:56+00:00,Unavailable,,
350201635,2026-05-11T14:06:56+00:00,Unavailable,,
350201646,2026-05-11T14:06:56+00:00,Unavailable,,
350201657,2026-05-11T14:06:56+00:00,Unavailable,,
350201668,2026-05-11T14:06:56+00:00,Unavailable,,
350201679,2026-05-11T14:06:56+00:00,Unavailable,,
350201690,2026-05-11T14:06:56+00:00,Unavailable,,
350201701,2026-05-11T14:06:56+00:00,Unavailable,,
350201712,2026-05-11T14:06:56+00:00,Unavailable,,
350201723,2026-05-11T14:06:56+00:00,Unavailable,,
350201735,2026-05-11T14:06:56+00:00,Unavailable,,
350201746,2026-05-11T14:06:56+00:00,Unavailable,,
350201757,2026-05-11T14:06:56+00:00,Unavailable,,
350201768,2026-05-11T14:06:56+00:00,Unavailable,,
350201779,2026-05-11T14:06:56+00:00,Unavailable,,
350201790,2026-05-11T14:06:56+00:00,Unavailable,,
350201801,2026-05-11T14:06:56+00:00,Unavailable,,
350201812,2026-05-11T14:06:56+00:00,Unavailable,,
350201823,2026-05-11T14:06:56+00:00,Unavailable,,
350201834,2026-05-11T14:06:56+00:00,Unavailable,,
350201845,2026-05-11T14:06:56+00:00,Unavailable,,
350201856,2026-05-11T14:06:56+00:00,Unavailable,,
350201867,2026-05-11T14:06:56+00:00,Unavailable,,
350201879,2026-05-11T14:06:56+00:00,Unavailable,,
350201890,2026-05-11T14:06:56+00:00,Unavailable,,
350201901,2026-05-11T14:06:56+00:00,Unavailable,,
350201912,2026-05-11T14:06:56+00:00,Unavailable,,
350201924,2026-05-11T14:06:56+00:00,Unavailable,,
350201935,2026-05-11T14:06:56+00:00,Unavailable,,
350201947,2026-05-11T14:06:56+00:00,Unavailable,,
350201958,2026-05-11T14:06:56+00:00,Unavailable,,
350201969,2026-05-11T14:06:56+00:00,Unavailable,,
350201980,2026-05-11T14:06:56+00:00,Unavailable,,
350201991,2026-05-11T14:06:56+00:00,Unavailable,,
350202003,2026-05-11T14:06:56+00:00,Unavailable,,
350202018,2026-05-11T14:06:56+00:00,Unavailable,,
350202032,2026-05-11T14:06:56+00:00,Unavailable,,
350202045,2026-05-11T14:06:56+00:00,Unavailable,,
350202056,2026-05-11T14:06:56+00:00,Unavailable,,
350202069,2026-05-11T14:06:56+00:00,Unavailable,,
350202080,2026-05-11T14:06:56+00:00,Unavailable,,
350202091,2026-05-11T14:06:56+00:00,Unavailable,,
350202102,2026-05-11T14:06:56+00:00,Unavailable,,
350202113,2026-05-11T14:06:56+00:00,Unavailable,,
350202124,2026-05-11T14:06:56+00:00,Unavailable,,
350202135,2026-05-11T14:06:56+00:00,Unavailable,,
350202146,2026-05-11T14:06:56+00:00,Unavailable,,
350202157,2026-05-11T14:06:56+00:00,Unavailable,,
350202168,2026-05-11T14:06:56+00:00,Unavailable,,
350202180,2026-05-11T14:06:56+00:00,Unavailable,,
350202191,2026-05-11T14:06:56+00:00,Unavailable,,
350202202,2026-05-11T14:06:56+00:00,Unavailable,,
350202213,2026-05-11T14:06:56+00:00,Unavailable,,
350202224,2026-05-11T14:06:56+00:00,Unavailable,,
350202235,2026-05-11T14:06:56+00:00,Unavailable,,
350202246,2026-05-11T14:06:56+00:00,Unavailable,,
350202257,2026-05-11T14:06:56+00:00,Unavailable,,
350202268,2026-05-11T14:06:56+00:00,Unavailable,,
350202279,2026-05-11T14:06:56+00:00,Unavailable,,
350202290,2026-05-11T14:06:56+00:00,Unavailable,,
350202301,2026-05-11T14:06:56+00:00,Unavailable,,
350202312,2026-05-11T14:06:56+00:00,Unavailable,,
350202323,2026-05-11T14:06:56+00:00,Unavailable,,
350202334,2026-05-11T14:06:56+00:00,Unavailable,,
350202347,2026-05-11T14:06:56+00:00,Unavailable,,
350202361,2026-05-11T14:06:56+00:00,Unavailable,,
350202372,2026-05-11T14:06:56+00:00,Unavailable,,
350202383,2026-05-11T14:06:56+00:00,Unavailable,,
350202394,2026-05-11T14:06:56+00:00,Unavailable,,
350202406,2026-05-11T14:06:56+00:00,Unavailable,,
350202417,2026-05-11T14:06:56+00:00,Unavailable,,
350202429,2026-05-11T14:06:56+00:00,Unavailable,,
350202440,2026-05-11T14:06:56+00:00,Unavailable,,
350202451,2026-05-11T14:06:56+00:00,Unavailable,,
350202462,2026-05-11T14:06:56+00:00,Unavailable,,
350202473,2026-05-11T14:06:56+00:00,Unavailable,,
350202484,2026-05-11T14:06:56+00:00,Unavailable,,
350202495,2026-05-11T14:06:56+00:00,Unavailable,,
350202506,2026-05-11T14:06:56+00:00,Unavailable,,
350202517,2026-05-11T14:06:56+00:00,Unavailable,,
350202528,2026-05-11T14:06:56+00:00,Unavailable,,
350202539,2026-05-11T14:06:56+00:00,Unavailable,,
350202551,2026-05-11T14:06:56+00:00,Unavailable,,
350202562,2026-05-11T14:06:56+00:00,Unavailable,,
350202573,2026-05-11T14:06:56+00:00,Unavailable,,
350202584,2026-05-11T14:06:56+00:00,Unavailable,,
350202595,2026-05-11T14:06:56+00:00,Unavailable,,
350202607,2026-05-11T14:06:56+00:00,Unavailable,,
350202618,2026-05-11T14:06:56+00:00,Unavailable,,
350202631,2026-05-11T14:06:56+00:00,Unavailable,,
350202642,2026-05-11T14:06:56+00:00,Unavailable,,
350202654,2026-05-11T14:06:56+00:00,Unavailable,,
350202665,2026-05-11T14:06:56+00:00,Unavailable,,
350202676,2026-05-11T14:06:56+00:00,Unavailable,,
350202687,2026-05-11T14:06:56+00:00,Unavailable,,
350202698,2026-05-11T14:06:56+00:00,Unavailable,,
350202709,2026-05-11T14:06:56+00:00,Unavailable,,
350202720,2026-05-11T14:06:56+00:00,Unavailable,,
350202731,2026-05-11T14:06:56+00:00,Unavailable,,
350202742,2026-05-11T14:06:56+00:00,Unavailable,,
350202753,2026-05-11T14:06:56+00:00,Unavailable,,
350202764,2026-05-11T14:06:56+00:00,Unavailable,,
350202775,2026-05-11T14:06:56+00:00,Unavailable,,
350202786,2026-05-11T14:06:56+00:00,Unavailable,,
350202797,2026-05-11T14:06:56+00:00,Unavailable,,
350202808,2026-05-11T14:06:56+00:00,Unavailable,,
350202819,2026-05-11T14:06:56+00:00,Unavailable,,
350202830,2026-05-11T14:06:56+00:00,Unavailable,,
350202841,2026-05-11T14:06:56+00:00,Unavailable,,
350202852,2026-05-11T14:06:56+00:00,Unavailable,,
350202863,2026-05-11T14:06:56+00:00,Unavailable,,
350202874,2026-05-11T14:06:56+00:00,Unavailable,,
350202885,2026-05-11T14:06:56+00:00,Unavailable,,
350202896,2026-05-11T14:06:56+00:00,Unavailable,,
350202908,2026-05-11T14:06:56+00:00,Unavailable,,
350202919,2026-05-11T14:06:56+00:00,Unavailable,,
350202930,2026-05-11T14:06:56+00:00,Unavailable,,
350202941,2026-05-11T14:06:56+00:00,Unavailable,,
350202952,2026-05-11T14:06:56+00:00,Unavailable,,
350202963,2026-05-11T14:06:56+00:00,Unavailable,,
350202974,2026-05-11T14:06:56+00:00,Unavailable,,
350202985,2026-05-11T14:06:56+00:00,Unavailable,,
350202996,2026-05-11T14:06:56+00:00,Unavailable,,
350203007,2026-05-11T14:06:56+00:00,Unavailable,,
350203018,2026-05-11T14:06:56+00:00,Unavailable,,
350203029,2026-05-11T14:06:56+00:00,Unavailable,,
350203040,2026-05-11T14:06:56+00:00,Unavailable,,
350203051,2026-05-11T14:06:56+00:00,Unavailable,,
350203062,2026-05-11T14:06:56+00:00,Unavailable,,
350203073,2026-05-11T14:06:56+00:00,Unavailable,,
350203084,2026-05-11T14:06:56+00:00,Unavailable,,
350203095,2026-05-11T14:06:56+00:00,Unavailable,,
350203106,2026-05-11T14:06:56+00:00,Unavailable,,
350203117,2026-05-11T14:06:56+00:00,Unavailable,,
350203128,2026-05-11T14:06:56+00:00,Unavailable,,
350203139,2026-05-11T14:06:56+00:00,Unavailable,,
350203150,2026-05-11T14:06:56+00:00,Unavailable,,
350203162,2026-05-11T14:06:56+00:00,Unavailable,,
350203173,2026-05-11T14:06:56+00:00,Unavailable,,
350203184,2026-05-11T14:06:56+00:00,Unavailable,,
350203195,2026-05-11T14:06:56+00:00,Unavailable,,
350203206,2026-05-11T14:06:56+00:00,Unavailable,,
350203217,2026-05-11T14:06:56+00:00,Unavailable,,
350203228,2026-05-11T14:06:56+00:00,Unavailable,,
350203239,2026-05-11T14:06:56+00:00,Unavailable,,
350203250,2026-05-11T14:06:56+00:00,Unavailable,,
350203261,2026-05-11T14:06:56+00:00,Unavailable,,
350203272,2026-05-11T14:06:56+00:00,Unavailable,,
350203283,2026-05-11T14:06:56+00:00,Unavailable,,
350203294,2026-05-11T14:06:56+00:00,Unavailable,,
350203305,2026-05-11T14:06:56+00:00,Unavailable,,
350203316,2026-05-11T14:06:56+00:00,Unavailable,,
350203327,2026-05-11T14:06:56+00:00,Unavailable,,
350203338,2026-05-11T14:06:56+00:00,Unavailable,,
350203349,2026-05-11T14:06:56+00:00,Unavailable,,
350203360,2026-05-11T14:06:56+00:00,Unavailable,,
350203371,2026-05-11T14:06:56+00:00,Unavailable,,
350203383,2026-05-11T14:06:56+00:00,Unavailable,,
350203394,2026-05-11T14:06:56+00:00,Unavailable,,
350203405,2026-05-11T14:06:56+00:00,Unavailable,,
350203416,2026-05-11T14:06:56+00:00,Unavailable,,
350203427,2026-05-11T14:06:56+00:00,Unavailable,,
350203438,2026-05-11T14:06:56+00:00,Unavailable,,
350203449,2026-05-11T14:06:56+00:00,Unavailable,,
350203460,2026-05-11T14:06:56+00:00,Unavailable,,
350203472,2026-05-11T14:06:56+00:00,Unavailable,,
350203483,2026-05-11T14:06:56+00:00,Unavailable,,
350203494,2026-05-11T14:06:56+00:00,Unavailable,,
350203505,2026-05-11T14:06:56+00:00,Unavailable,,
350203516,2026-05-11T14:06:56+00:00,Unavailable,,
350203527,2026-05-11T14:06:56+00:00,Unavailable,,
350203538,2026-05-11T14:06:56+00:00,Unavailable,,
350203549,2026-05-11T14:06:56+00:00,Unavailable,,
350203560,2026-05-11T14:06:56+00:00,Unavailable,,
350203571,2026-05-11T14:06:56+00:00,Unavailable,,
350203593,2026-05-11T14:06:56+00:00,Unavailable,,
355173402,2026-05-11T14:06:56+00:00,Unavailable,,
350223957,2026-05-11T14:07:06+00:00,Unavailable,,
350223971,2026-05-11T14:07:06+00:00,Unavailable,,
350223985,2026-05-11T14:07:06+00:00,Unavailable,,
350223999,2026-05-11T14:07:06+00:00,Unavailable,,
350224011,2026-05-11T14:07:06+00:00,Unavailable,,
350224022,2026-05-11T14:07:06+00:00,Unavailable,,
350224033,2026-05-11T14:07:06+00:00,Unavailable,,
350224044,2026-05-11T14:07:06+00:00,Unavailable,,
350224055,2026-05-11T14:07:06+00:00,Unavailable,,
350224066,2026-05-11T14:07:06+00:00,Unavailable,,
350224077,2026-05-11T14:07:06+00:00,Unavailable,,
350224088,2026-05-11T14:07:06+00:00,Unavailable,,
350224102,2026-05-11T14:07:06+00:00,Unavailable,,
350224116,2026-05-11T14:07:06+00:00,Unavailable,,
350224130,2026-05-11T14:07:06+00:00,Unavailable,,
350224144,2026-05-11T14:07:06+00:00,Unavailable,,
350224158,2026-05-11T14:07:06+00:00,Unavailable,,
350224172,2026-05-11T14:07:06+00:00,Unavailable,,
350224186,2026-05-11T14:07:06+00:00,Unavailable,,
350224200,2026-05-11T14:07:06+00:00,Unavailable,,
350224214,2026-05-11T14:07:06+00:00,Unavailable,,
350224228,2026-05-11T14:07:06+00:00,Unavailable,,
350224239,2026-05-11T14:07:06+00:00,Unavailable,,
350224250,2026-05-11T14:07:06+00:00,Unavailable,,
350224261,2026-05-11T14:07:06+00:00,Unavailable,,
350224272,2026-05-11T14:07:06+00:00,Unavailable,,
350224283,2026-05-11T14:07:06+00:00,Unavailable,,
350224294,2026-05-11T14:07:06+00:00,Unavailable,,
350224305,2026-05-11T14:07:06+00:00,Unavailable,,
350224317,2026-05-11T14:07:06+00:00,Unavailable,,
350224328,2026-05-11T14:07:06+00:00,Unavailable,,
350224339,2026-05-11T14:07:06+00:00,Unavailable,,
350224350,2026-05-11T14:07:06+00:00,Unavailable,,
350224361,2026-05-11T14:07:06+00:00,Unavailable,,
350224372,2026-05-11T14:07:06+00:00,Unavailable,,
350224386,2026-05-11T14:07:06+00:00,Unavailable,,
350224401,2026-05-11T14:07:06+00:00,Unavailable,,
350224416,2026-05-11T14:07:06+00:00,Unavailable,,
350224433,2026-05-11T14:07:06+00:00,Unavailable,,
350224444,2026-05-11T14:07:06+00:00,Unavailable,,
350224455,2026-05-11T14:07:06+00:00,Unavailable,,
350224466,2026-05-11T14:07:06+00:00,Unavailable,,
350224477,2026-05-11T14:07:06+00:00,Unavailable,,
350224489,2026-05-11T14:07:06+00:00,Unavailable,,
350224500,2026-05-11T14:07:06+00:00,Unavailable,,
350224511,2026-05-11T14:07:06+00:00,Unavailable,,
350224522,2026-05-11T14:07:06+00:00,Unavailable,,
350224533,2026-05-11T14:07:06+00:00,Unavailable,,
350224544,2026-05-11T14:07:06+00:00,Unavailable,,
350224555,2026-05-11T14:07:06+00:00,Unavailable,,
350224566,2026-05-11T14:07:06+00:00,Unavailable,,
350224577,2026-05-11T14:07:06+00:00,Unavailable,,
350224588,2026-05-11T14:07:06+00:00,Unavailable,,
350224599,2026-05-11T14:07:06+00:00,Unavailable,,
350224612,2026-05-11T14:07:06+00:00,Unavailable,,
350224623,2026-05-11T14:07:06+00:00,Unavailable,,
350224634,2026-05-11T14:07:06+00:00,Unavailable,,
350224645,2026-05-11T14:07:06+00:00,Unavailable,,
350224658,2026-05-11T14:07:06+00:00,Unavailable,,
350224669,2026-05-11T14:07:06+00:00,Unavailable,,
350224680,2026-05-11T14:07:06+00:00,Unavailable,,
350224692,2026-05-11T14:07:06+00:00,Unavailable,,
350224703,2026-05-11T14:07:06+00:00,Unavailable,,
350224714,2026-05-11T14:07:06+00:00,Unavailable,,
350224725,2026-05-11T14:07:06+00:00,Unavailable,,
350224738,2026-05-11T14:07:06+00:00,Unavailable,,
350224749,2026-05-11T14:07:06+00:00,Unavailable,,
350224760,2026-05-11T14:07:06+00:00,Unavailable,,
350224771,2026-05-11T14:07:06+00:00,Unavailable,,
350224782,2026-05-11T14:07:06+00:00,Unavailable,,
350224793,2026-05-11T14:07:06+00:00,Unavailable,,
350224804,2026-05-11T14:07:06+00:00,Unavailable,,
350224815,2026-05-11T14:07:06+00:00,Unavailable,,
350224826,2026-05-11T14:07:06+00:00,Unavailable,,
350224837,2026-05-11T14:07:06+00:00,Unavailable,,
350224848,2026-05-11T14:07:06+00:00,Unavailable,,
350224859,2026-05-11T14:07:06+00:00,Unavailable,,
350224873,2026-05-11T14:07:06+00:00,Unavailable,,
350224887,2026-05-11T14:07:06+00:00,Unavailable,,
350224901,2026-05-11T14:07:06+00:00,Unavailable,,
350224915,2026-05-11T14:07:06+00:00,Unavailable,,
350224929,2026-05-11T14:07:06+00:00,Unavailable,,
350224940,2026-05-11T14:07:06+00:00,Unavailable,,
350224951,2026-05-11T14:07:06+00:00,Unavailable,,
350224962,2026-05-11T14:07:06+00:00,Unavailable,,
350224973,2026-05-11T14:07:06+00:00,Unavailable,,
350224985,2026-05-11T14:07:06+00:00,Unavailable,,
350224996,2026-05-11T14:07:06+00:00,Unavailable,,
350225008,2026-05-11T14:07:06+00:00,Unavailable,,
350225019,2026-05-11T14:07:06+00:00,Unavailable,,
350225030,2026-05-11T14:07:06+00:00,Unavailable,,
350225041,2026-05-11T14:07:06+00:00,Unavailable,,
350225053,2026-05-11T14:07:06+00:00,Unavailable,,
350225064,2026-05-11T14:07:06+00:00,Unavailable,,
350225075,2026-05-11T14:07:06+00:00,Unavailable,,
350225086,2026-05-11T14:07:06+00:00,Unavailable,,
350225097,2026-05-11T14:07:06+00:00,Unavailable,,
350225108,2026-05-11T14:07:06+00:00,Unavailable,,
350225119,2026-05-11T14:07:06+00:00,Unavailable,,
350225130,2026-05-11T14:07:06+00:00,Unavailable,,
350225141,2026-05-11T14:07:06+00:00,Unavailable,,
350225163,2026-05-11T14:07:06+00:00,Unavailable,,
350225174,2026-05-11T14:07:06+00:00,Unavailable,,
350225185,2026-05-11T14:07:06+00:00,Unavailable,,
350225196,2026-05-11T14:07:06+00:00,Unavailable,,
350225207,2026-05-11T14:07:06+00:00,Unavailable,,
350225218,2026-05-11T14:07:06+00:00,Unavailable,,
350225229,2026-05-11T14:07:06+00:00,Unavailable,,
350225240,2026-05-11T14:07:06+00:00,Unavailable,,
350225251,2026-05-11T14:07:06+00:00,Unavailable,,
350225262,2026-05-11T14:07:06+00:00,Unavailable,,
350225273,2026-05-11T14:07:06+00:00,Unavailable,,
350225285,2026-05-11T14:07:06+00:00,Unavailable,,
350225296,2026-05-11T14:07:06+00:00,Unavailable,,
350225307,2026-05-11T14:07:06+00:00,Unavailable,,
350225318,2026-05-11T14:07:06+00:00,Unavailable,,
350225329,2026-05-11T14:07:06+00:00,Unavailable,,
350225341,2026-05-11T14:07:06+00:00,Unavailable,,
350225352,2026-05-11T14:07:06+00:00,Unavailable,,
350225363,2026-05-11T14:07:06+00:00,Unavailable,,
350225375,2026-05-11T14:07:06+00:00,Unavailable,,
350225387,2026-05-11T14:07:06+00:00,Unavailable,,
350225401,2026-05-11T14:07:06+00:00,Unavailable,,
350225415,2026-05-11T14:07:06+00:00,Unavailable,,
350225429,2026-05-11T14:07:06+00:00,Unavailable,,
350225443,2026-05-11T14:07:06+00:00,Unavailable,,
350225457,2026-05-11T14:07:06+00:00,Unavailable,,
350225471,2026-05-11T14:07:06+00:00,Unavailable,,
350225485,2026-05-11T14:07:06+00:00,Unavailable,,
350225496,2026-05-11T14:07:06+00:00,Unavailable,,
350225507,2026-05-11T14:07:06+00:00,Unavailable,,
350225518,2026-05-11T14:07:06+00:00,Unavailable,,
350225529,2026-05-11T14:07:06+00:00,Unavailable,,
350225540,2026-05-11T14:07:06+00:00,Unavailable,,
350225551,2026-05-11T14:07:06+00:00,Unavailable,,
350225562,2026-05-11T14:07:06+00:00,Unavailable,,
350225573,2026-05-11T14:07:06+00:00,Unavailable,,
350225584,2026-05-11T14:07:06+00:00,Unavailable,,
350225596,2026-05-11T14:07:06+00:00,Unavailable,,
350225607,2026-05-11T14:07:06+00:00,Unavailable,,
350225618,2026-05-11T14:07:06+00:00,Unavailable,,
350225629,2026-05-11T14:07:06+00:00,Unavailable,,
350225640,2026-05-11T14:07:06+00:00,Unavailable,,
350225651,2026-05-11T14:07:06+00:00,Unavailable,,
350225663,2026-05-11T14:07:06+00:00,Unavailable,,
350225674,2026-05-11T14:07:06+00:00,Unavailable,,
350225688,2026-05-11T14:07:06+00:00,Unavailable,,
350225702,2026-05-11T14:07:06+00:00,Unavailable,,
350225716,2026-05-11T14:07:06+00:00,Unavailable,,
350225730,2026-05-11T14:07:06+00:00,Unavailable,,
350225744,2026-05-11T14:07:06+00:00,Unavailable,,
350225758,2026-05-11T14:07:06+00:00,Unavailable,,
350225786,2026-05-11T14:07:06+00:00,Unavailable,,
350225814,2026-05-11T14:07:06+00:00,Unavailable,,
350225825,2026-05-11T14:07:06+00:00,Unavailable,,
350225836,2026-05-11T14:07:06+00:00,Unavailable,,
350225847,2026-05-11T14:07:06+00:00,Unavailable,,
350225858,2026-05-11T14:07:06+00:00,Unavailable,,
350225869,2026-05-11T14:07:06+00:00,Unavailable,,
350225880,2026-05-11T14:07:06+00:00,Unavailable,,
350225891,2026-05-11T14:07:06+00:00,Unavailable,,
350225902,2026-05-11T14:07:06+00:00,Unavailable,,
350225913,2026-05-11T14:07:06+00:00,Unavailable,,
350225924,2026-05-11T14:07:06+00:00,Unavailable,,
350225935,2026-05-11T14:07:06+00:00,Unavailable,,
350225946,2026-05-11T14:07:06+00:00,Unavailable,,
350225957,2026-05-11T14:07:06+00:00,Unavailable,,
350225968,2026-05-11T14:07:06+00:00,Unavailable,,
350225981,2026-05-11T14:07:06+00:00,Unavailable,,
350225993,2026-05-11T14:07:06+00:00,Unavailable,,
350226004,2026-05-11T14:07:06+00:00,Unavailable,,
350226015,2026-05-11T14:07:06+00:00,Unavailable,,
350226026,2026-05-11T14:07:06+00:00,Unavailable,,
350226037,2026-05-11T14:07:06+00:00,Unavailable,,
350226048,2026-05-11T14:07:06+00:00,Unavailable,,
350226059,2026-05-11T14:07:06+00:00,Unavailable,,
350226070,2026-05-11T14:07:06+00:00,Unavailable,,
350280176,2026-05-11T14:07:06+00:00,Unavailable,,
350280422,2026-05-11T14:07:06+00:00,Unavailable,,
350280510,2026-05-11T14:07:06+00:00,Unavailable,,
350280525,2026-05-11T14:07:06+00:00,Unavailable,,
350280536,2026-05-11T14:07:06+00:00,Unavailable,,
350288650,2026-05-11T14:07:06+00:00,Unavailable,,
350288664,2026-05-11T14:07:06+00:00,Unavailable,,
350288680,2026-05-11T14:07:06+00:00,Unavailable,,
350288691,2026-05-11T14:07:06+00:00,Unavailable,,
350288702,2026-05-11T14:07:06+00:00,Unavailable,,
350288713,2026-05-11T14:07:06+00:00,Unavailable,,
350288724,2026-05-11T14:07:06+00:00,Unavailable,,
350288737,2026-05-11T14:07:06+00:00,Unavailable,,
350288748,2026-05-11T14:07:06+00:00,Unavailable,,
350288759,2026-05-11T14:07:06+00:00,Unavailable,,
350288770,2026-05-11T14:07:06+00:00,Unavailable,,
350288781,2026-05-11T14:07:06+00:00,Unavailable,,
350288792,2026-05-11T14:07:06+00:00,Unavailable,,
350288804,2026-05-11T14:07:06+00:00,Unavailable,,
350288815,2026-05-11T14:07:06+00:00,Unavailable,,
350288826,2026-05-11T14:07:06+00:00,Unavailable,,
350288837,2026-05-11T14:07:06+00:00,Unavailable,,
350288848,2026-05-11T14:07:06+00:00,Unavailable,,
350288859,2026-05-11T14:07:06+00:00,Unavailable,,
350288870,2026-05-11T14:07:06+00:00,Unavailable,,
350288881,2026-05-11T14:07:06+00:00,Unavailable,,
350288892,2026-05-11T14:07:06+00:00,Unavailable,,
350288903,2026-05-11T14:07:06+00:00,Unavailable,,
350288914,2026-05-11T14:07:06+00:00,Unavailable,,
350288925,2026-05-11T14:07:06+00:00,Unavailable,,
350288937,2026-05-11T14:07:06+00:00,Unavailable,,
350288948,2026-05-11T14:07:06+00:00,Unavailable,,
350288959,2026-05-11T14:07:06+00:00,Unavailable,,
350288970,2026-05-11T14:07:06+00:00,Unavailable,,
350288981,2026-05-11T14:07:06+00:00,Unavailable,,
350288992,2026-05-11T14:07:06+00:00,Unavailable,,
350289003,2026-05-11T14:07:06+00:00,Unavailable,,
350289014,2026-05-11T14:07:06+00:00,Unavailable,,
350289048,2026-05-11T14:07:06+00:00,Unavailable,,
350289060,2026-05-11T14:07:06+00:00,Unavailable,,
350289071,2026-05-11T14:07:06+00:00,Unavailable,,
350289082,2026-05-11T14:07:06+00:00,Unavailable,,
350289093,2026-05-11T14:07:06+00:00,Unavailable,,
350289104,2026-05-11T14:07:06+00:00,Unavailable,,
350289115,2026-05-11T14:07:06+00:00,Unavailable,,
350289126,2026-05-11T14:07:06+00:00,Unavailable,,
350289137,2026-05-11T14:07:06+00:00,Unavailable,,
350289148,2026-05-11T14:07:06+00:00,Unavailable,,
350289159,2026-05-11T14:07:06+00:00,Unavailable,,
350289170,2026-05-11T14:07:06+00:00,Unavailable,,
350289181,2026-05-11T14:07:06+00:00,Unavailable,,
350289192,2026-05-11T14:07:06+00:00,Unavailable,,
350289203,2026-05-11T14:07:06+00:00,Unavailable,,
350289214,2026-05-11T14:07:06+00:00,Unavailable,,
350289226,2026-05-11T14:07:06+00:00,Unavailable,,
350289237,2026-05-11T14:07:06+00:00,Unavailable,,
350289248,2026-05-11T14:07:06+00:00,Unavailable,,
350289260,2026-05-11T14:07:06+00:00,Unavailable,,
350289271,2026-05-11T14:07:06+00:00,Unavailable,,
350289282,2026-05-11T14:07:06+00:00,Unavailable,,
350289293,2026-05-11T14:07:06+00:00,Unavailable,,
350289304,2026-05-11T14:07:06+00:00,Unavailable,,
350289315,2026-05-11T14:07:06+00:00,Unavailable,,
350289326,2026-05-11T14:07:06+00:00,Unavailable,,
350289337,2026-05-11T14:07:06+00:00,Unavailable,,
350289348,2026-05-11T14:07:06+00:00,Unavailable,,
350289359,2026-05-11T14:07:06+00:00,Unavailable,,
350289370,2026-05-11T14:07:06+00:00,Unavailable,,
350289381,2026-05-11T14:07:06+00:00,Unavailable,,
350289392,2026-05-11T14:07:06+00:00,Unavailable,,
350289404,2026-05-11T14:07:06+00:00,Unavailable,,
351070164,2026-05-11T14:07:06+00:00,Unavailable,,
351073176,2026-05-11T14:07:06+00:00,Unavailable,,
353250216,2026-05-11T14:07:06+00:00,Unavailable,,
364658017,2026-05-11T14:07:06+00:00,Unavailable,,
350216376,2026-05-11T14:34:13+00:00,Unavailable,,
350216387,2026-05-11T14:34:13+00:00,Unavailable,,
350216398,2026-05-11T14:34:13+00:00,Unavailable,,
350216409,2026-05-11T14:34:13+00:00,Unavailable,,
350216431,2026-05-11T14:34:13+00:00,Unavailable,,
350216442,2026-05-11T14:34:13+00:00,Unavailable,,
350216453,2026-05-11T14:34:13+00:00,Unavailable,,
350216465,2026-05-11T14:34:13+00:00,Unavailable,,
350216476,2026-05-11T14:34:13+00:00,Unavailable,,
350216487,2026-05-11T14:34:13+00:00,Unavailable,,
350216498,2026-05-11T14:34:13+00:00,Unavailable,,
350216509,2026-05-11T14:34:13+00:00,Unavailable,,
350216520,2026-05-11T14:34:13+00:00,Unavailable,,
350216542,2026-05-11T14:34:13+00:00,Unavailable,,
350216553,2026-05-11T14:34:13+00:00,Unavailable,,
350216564,2026-05-11T14:34:13+00:00,Unavailable,,
350216575,2026-05-11T14:34:13+00:00,Unavailable,,
350216586,2026-05-11T14:34:13+00:00,Unavailable,,
350216597,2026-05-11T14:34:13+00:00,Unavailable,,
350216608,2026-05-11T14:34:13+00:00,Unavailable,,
350216619,2026-05-11T14:34:13+00:00,Unavailable,,
350216630,2026-05-11T14:34:13+00:00,Unavailable,,
350216652,2026-05-11T14:34:13+00:00,Unavailable,,
350216663,2026-05-11T14:34:13+00:00,Unavailable,,
350216674,2026-05-11T14:34:13+00:00,Unavailable,,
350216685,2026-05-11T14:34:13+00:00,Unavailable,,
350216696,2026-05-11T14:34:13+00:00,Unavailable,,
350216707,2026-05-11T14:34:13+00:00,Unavailable,,
350216718,2026-05-11T14:34:13+00:00,Unavailable,,
350216729,2026-05-11T14:34:13+00:00,Unavailable,,
350216740,2026-05-11T14:34:13+00:00,Unavailable,,
350216751,2026-05-11T14:34:13+00:00,Unavailable,,
350216762,2026-05-11T14:34:13+00:00,Unavailable,,
350216773,2026-05-11T14:34:13+00:00,Unavailable,,
350216784,2026-05-11T14:34:13+00:00,Unavailable,,
350216795,2026-05-11T14:34:13+00:00,Unavailable,,
350216806,2026-05-11T14:34:13+00:00,Unavailable,,
350216817,2026-05-11T14:34:13+00:00,Unavailable,,
350216828,2026-05-11T14:34:13+00:00,Unavailable,,
350216839,2026-05-11T14:34:13+00:00,Unavailable,,
350216850,2026-05-11T14:34:13+00:00,Unavailable,,
350216861,2026-05-11T14:34:13+00:00,Unavailable,,
350216872,2026-05-11T14:34:13+00:00,Unavailable,,
350216884,2026-05-11T14:34:13+00:00,Unavailable,,
350216895,2026-05-11T14:34:13+00:00,Unavailable,,
350216906,2026-05-11T14:34:13+00:00,Unavailable,,
350216917,2026-05-11T14:34:13+00:00,Unavailable,,
350216928,2026-05-11T14:34:13+00:00,Unavailable,,
350216939,2026-05-11T14:34:13+00:00,Unavailable,,
350216950,2026-05-11T14:34:13+00:00,Unavailable,,
350216961,2026-05-11T14:34:13+00:00,Unavailable,,
350216972,2026-05-11T14:34:13+00:00,Unavailable,,
350216994,2026-05-11T14:34:13+00:00,Unavailable,,
350217005,2026-05-11T14:34:13+00:00,Unavailable,,
350217016,2026-05-11T14:34:13+00:00,Unavailable,,
350217027,2026-05-11T14:34:13+00:00,Unavailable,,
350217049,2026-05-11T14:34:13+00:00,Unavailable,,
350217071,2026-05-11T14:34:13+00:00,Unavailable,,
350217083,2026-05-11T14:34:13+00:00,Unavailable,,
350217105,2026-05-11T14:34:13+00:00,Unavailable,,
350217117,2026-05-11T14:34:13+00:00,Unavailable,,
350217128,2026-05-11T14:34:13+00:00,Unavailable,,
350217150,2026-05-11T14:34:13+00:00,Unavailable,,
350217162,2026-05-11T14:34:13+00:00,Unavailable,,
350217174,2026-05-11T14:34:13+00:00,Unavailable,,
350217185,2026-05-11T14:34:13+00:00,Unavailable,,
350217207,2026-05-11T14:34:13+00:00,Unavailable,,
350217218,2026-05-11T14:34:13+00:00,Unavailable,,
350217240,2026-05-11T14:34:13+00:00,Unavailable,,
350217251,2026-05-11T14:34:13+00:00,Unavailable,,
350217262,2026-05-11T14:34:13+00:00,Unavailable,,
350217273,2026-05-11T14:34:13+00:00,Unavailable,,
350217284,2026-05-11T14:34:13+00:00,Unavailable,,
350217295,2026-05-11T14:34:13+00:00,Unavailable,,
350217306,2026-05-11T14:34:13+00:00,Unavailable,,
350217317,2026-05-11T14:34:13+00:00,Unavailable,,
350217339,2026-05-11T14:34:13+00:00,Unavailable,,
350217353,2026-05-11T14:34:13+00:00,Unavailable,,
350217366,2026-05-11T14:34:13+00:00,Unavailable,,
350217379,2026-05-11T14:34:13+00:00,Unavailable,,
350217393,2026-05-11T14:34:13+00:00,Unavailable,,
350217404,2026-05-11T14:34:13+00:00,Unavailable,,
350217415,2026-05-11T14:34:13+00:00,Unavailable,,
350217426,2026-05-11T14:34:13+00:00,Unavailable,,
350217437,2026-05-11T14:34:13+00:00,Unavailable,,
350217448,2026-05-11T14:34:13+00:00,Unavailable,,
350732033,2026-05-11T14:34:13+00:00,Unavailable,,
350739304,2026-05-11T14:34:13+00:00,Unavailable,,
350740400,2026-05-11T14:34:13+00:00,Unavailable,,
350740938,2026-05-11T14:34:13+00:00,Unavailable,,
350741533,2026-05-11T14:34:13+00:00,Unavailable,,
350741599,2026-05-11T14:34:13+00:00,Unavailable,,
364675943,2026-05-11T14:34:13+00:00,Unavailable,,
364677421,2026-05-11T14:34:13+00:00,Unavailable,,
364677693,2026-05-11T14:34:13+00:00,Unavailable,,
364678079,2026-05-11T14:34:13+00:00,Unavailable,,
350200801,2026-05-11T14:34:17+00:00,Unavailable,,
350200813,2026-05-11T14:34:17+00:00,Unavailable,,
350200824,2026-05-11T14:34:17+00:00,Unavailable,,
350200836,2026-05-11T14:34:17+00:00,Unavailable,,
350200847,2026-05-11T14:34:17+00:00,Unavailable,,
350200858,2026-05-11T14:34:17+00:00,Unavailable,,
350200869,2026-05-11T14:34:17+00:00,Unavailable,,
350200880,2026-05-11T14:34:17+00:00,Unavailable,,
350200891,2026-05-11T14:34:17+00:00,Unavailable,,
350200902,2026-05-11T14:34:17+00:00,Unavailable,,
350200913,2026-05-11T14:34:17+00:00,Unavailable,,
350200924,2026-05-11T14:34:17+00:00,Unavailable,,
350200935,2026-05-11T14:34:17+00:00,Unavailable,,
350200946,2026-05-11T14:34:17+00:00,Unavailable,,
350200957,2026-05-11T14:34:17+00:00,Unavailable,,
350200968,2026-05-11T14:34:17+00:00,Unavailable,,
350200979,2026-05-11T14:34:17+00:00,Unavailable,,
350200990,2026-05-11T14:34:17+00:00,Unavailable,,
350201001,2026-05-11T14:34:17+00:00,Unavailable,,
350201012,2026-05-11T14:34:17+00:00,Unavailable,,
350201023,2026-05-11T14:34:17+00:00,Unavailable,,
350201034,2026-05-11T14:34:17+00:00,Unavailable,,
350201045,2026-05-11T14:34:17+00:00,Unavailable,,
350201058,2026-05-11T14:34:17+00:00,Unavailable,,
350201069,2026-05-11T14:34:17+00:00,Unavailable,,
350201080,2026-05-11T14:34:17+00:00,Unavailable,,
350201091,2026-05-11T14:34:17+00:00,Unavailable,,
350201102,2026-05-11T14:34:17+00:00,Unavailable,,
350201113,2026-05-11T14:34:17+00:00,Unavailable,,
350201124,2026-05-11T14:34:17+00:00,Unavailable,,
350201135,2026-05-11T14:34:17+00:00,Unavailable,,
350201146,2026-05-11T14:34:17+00:00,Unavailable,,
350201157,2026-05-11T14:34:17+00:00,Unavailable,,
350201170,2026-05-11T14:34:17+00:00,Unavailable,,
350201182,2026-05-11T14:34:17+00:00,Unavailable,,
350201193,2026-05-11T14:34:17+00:00,Unavailable,,
350201205,2026-05-11T14:34:17+00:00,Unavailable,,
350201216,2026-05-11T14:34:17+00:00,Unavailable,,
350201227,2026-05-11T14:34:17+00:00,Unavailable,,
350201238,2026-05-11T14:34:17+00:00,Unavailable,,
350201249,2026-05-11T14:34:17+00:00,Unavailable,,
350201260,2026-05-11T14:34:17+00:00,Unavailable,,
350201271,2026-05-11T14:34:17+00:00,Unavailable,,
350201283,2026-05-11T14:34:17+00:00,Unavailable,,
350201294,2026-05-11T14:34:17+00:00,Unavailable,,
350201305,2026-05-11T14:34:17+00:00,Unavailable,,
350201316,2026-05-11T14:34:17+00:00,Unavailable,,
350201327,2026-05-11T14:34:17+00:00,Unavailable,,
350201338,2026-05-11T14:34:17+00:00,Unavailable,,
350201349,2026-05-11T14:34:17+00:00,Unavailable,,
350201360,2026-05-11T14:34:17+00:00,Unavailable,,
350201371,2026-05-11T14:34:17+00:00,Unavailable,,
350201382,2026-05-11T14:34:17+00:00,Unavailable,,
350201393,2026-05-11T14:34:17+00:00,Unavailable,,
350201404,2026-05-11T14:34:17+00:00,Unavailable,,
350201415,2026-05-11T14:34:17+00:00,Unavailable,,
350201426,2026-05-11T14:34:17+00:00,Unavailable,,
350201437,2026-05-11T14:34:17+00:00,Unavailable,,
350201448,2026-05-11T14:34:17+00:00,Unavailable,,
350201459,2026-05-11T14:34:17+00:00,Unavailable,,
350201470,2026-05-11T14:34:17+00:00,Unavailable,,
350201481,2026-05-11T14:34:17+00:00,Unavailable,,
350201492,2026-05-11T14:34:17+00:00,Unavailable,,
350201503,2026-05-11T14:34:17+00:00,Unavailable,,
350201514,2026-05-11T14:34:17+00:00,Unavailable,,
350201525,2026-05-11T14:34:17+00:00,Unavailable,,
350201536,2026-05-11T14:34:17+00:00,Unavailable,,
350201547,2026-05-11T14:34:17+00:00,Unavailable,,
350201558,2026-05-11T14:34:17+00:00,Unavailable,,
350201569,2026-05-11T14:34:17+00:00,Unavailable,,
350201580,2026-05-11T14:34:17+00:00,Unavailable,,
350201591,2026-05-11T14:34:17+00:00,Unavailable,,
350201602,2026-05-11T14:34:17+00:00,Unavailable,,
350201613,2026-05-11T14:34:17+00:00,Unavailable,,
350201624,2026-05-11T14:34:17+00:00,Unavailable,,
350201635,2026-05-11T14:34:17+00:00,Unavailable,,
350201646,2026-05-11T14:34:17+00:00,Unavailable,,
350201657,2026-05-11T14:34:17+00:00,Unavailable,,
350201668,2026-05-11T14:34:17+00:00,Unavailable,,
350201679,2026-05-11T14:34:17+00:00,Unavailable,,
350201690,2026-05-11T14:34:17+00:00,Unavailable,,
350201701,2026-05-11T14:34:17+00:00,Unavailable,,
350201712,2026-05-11T14:34:17+00:00,Unavailable,,
350201723,2026-05-11T14:34:17+00:00,Unavailable,,
350201735,2026-05-11T14:34:17+00:00,Unavailable,,
350201746,2026-05-11T14:34:17+00:00,Unavailable,,
350201757,2026-05-11T14:34:17+00:00,Unavailable,,
350201768,2026-05-11T14:34:17+00:00,Unavailable,,
350201779,2026-05-11T14:34:17+00:00,Unavailable,,
350201790,2026-05-11T14:34:17+00:00,Unavailable,,
350201801,2026-05-11T14:34:17+00:00,Unavailable,,
350201812,2026-05-11T14:34:17+00:00,Unavailable,,
350201823,2026-05-11T14:34:17+00:00,Unavailable,,
350201834,2026-05-11T14:34:17+00:00,Unavailable,,
350201845,2026-05-11T14:34:17+00:00,Unavailable,,
350201856,2026-05-11T14:34:17+00:00,Unavailable,,
350201867,2026-05-11T14:34:17+00:00,Unavailable,,
350201879,2026-05-11T14:34:17+00:00,Unavailable,,
350201890,2026-05-11T14:34:17+00:00,Unavailable,,
350201901,2026-05-11T14:34:17+00:00,Unavailable,,
350201912,2026-05-11T14:34:17+00:00,Unavailable,,
350201924,2026-05-11T14:34:17+00:00,Unavailable,,
350201935,2026-05-11T14:34:17+00:00,Unavailable,,
350201947,2026-05-11T14:34:17+00:00,Unavailable,,
350201958,2026-05-11T14:34:17+00:00,Unavailable,,
350201969,2026-05-11T14:34:17+00:00,Unavailable,,
350201980,2026-05-11T14:34:17+00:00,Unavailable,,
350201991,2026-05-11T14:34:17+00:00,Unavailable,,
350202003,2026-05-11T14:34:17+00:00,Unavailable,,
350202018,2026-05-11T14:34:17+00:00,Unavailable,,
350202032,2026-05-11T14:34:17+00:00,Unavailable,,
350202045,2026-05-11T14:34:17+00:00,Unavailable,,
350202056,2026-05-11T14:34:17+00:00,Unavailable,,
350202069,2026-05-11T14:34:17+00:00,Unavailable,,
350202080,2026-05-11T14:34:17+00:00,Unavailable,,
350202091,2026-05-11T14:34:17+00:00,Unavailable,,
350202102,2026-05-11T14:34:17+00:00,Unavailable,,
350202113,2026-05-11T14:34:17+00:00,Unavailable,,
350202124,2026-05-11T14:34:17+00:00,Unavailable,,
350202135,2026-05-11T14:34:17+00:00,Unavailable,,
350202146,2026-05-11T14:34:17+00:00,Unavailable,,
350202157,2026-05-11T14:34:17+00:00,Unavailable,,
350202168,2026-05-11T14:34:17+00:00,Unavailable,,
350202180,2026-05-11T14:34:17+00:00,Unavailable,,
350202191,2026-05-11T14:34:17+00:00,Unavailable,,
350202202,2026-05-11T14:34:17+00:00,Unavailable,,
350202213,2026-05-11T14:34:17+00:00,Unavailable,,
350202224,2026-05-11T14:34:17+00:00,Unavailable,,
350202235,2026-05-11T14:34:17+00:00,Unavailable,,
350202246,2026-05-11T14:34:17+00:00,Unavailable,,
350202257,2026-05-11T14:34:17+00:00,Unavailable,,
350202268,2026-05-11T14:34:17+00:00,Unavailable,,
350202279,2026-05-11T14:34:17+00:00,Unavailable,,
350202290,2026-05-11T14:34:17+00:00,Unavailable,,
350202301,2026-05-11T14:34:17+00:00,Unavailable,,
350202312,2026-05-11T14:34:17+00:00,Unavailable,,
350202323,2026-05-11T14:34:17+00:00,Unavailable,,
350202334,2026-05-11T14:34:17+00:00,Unavailable,,
350202347,2026-05-11T14:34:17+00:00,Unavailable,,
350202361,2026-05-11T14:34:17+00:00,Unavailable,,
350202372,2026-05-11T14:34:17+00:00,Unavailable,,
350202383,2026-05-11T14:34:17+00:00,Unavailable,,
350202394,2026-05-11T14:34:17+00:00,Unavailable,,
350202406,2026-05-11T14:34:17+00:00,Unavailable,,
350202417,2026-05-11T14:34:17+00:00,Unavailable,,
350202429,2026-05-11T14:34:17+00:00,Unavailable,,
350202440,2026-05-11T14:34:17+00:00,Unavailable,,
350202451,2026-05-11T14:34:17+00:00,Unavailable,,
350202462,2026-05-11T14:34:17+00:00,Unavailable,,
350202473,2026-05-11T14:34:17+00:00,Unavailable,,
350202484,2026-05-11T14:34:17+00:00,Unavailable,,
350202495,2026-05-11T14:34:17+00:00,Unavailable,,
350202506,2026-05-11T14:34:17+00:00,Unavailable,,
350202517,2026-05-11T14:34:17+00:00,Unavailable,,
350202528,2026-05-11T14:34:17+00:00,Unavailable,,
350202539,2026-05-11T14:34:17+00:00,Unavailable,,
350202551,2026-05-11T14:34:17+00:00,Unavailable,,
350202562,2026-05-11T14:34:17+00:00,Unavailable,,
350202573,2026-05-11T14:34:17+00:00,Unavailable,,
350202584,2026-05-11T14:34:17+00:00,Unavailable,,
350202595,2026-05-11T14:34:17+00:00,Unavailable,,
350202607,2026-05-11T14:34:17+00:00,Unavailable,,
350202618,2026-05-11T14:34:17+00:00,Unavailable,,
350202631,2026-05-11T14:34:17+00:00,Unavailable,,
350202642,2026-05-11T14:34:17+00:00,Unavailable,,
350202654,2026-05-11T14:34:17+00:00,Unavailable,,
350202665,2026-05-11T14:34:17+00:00,Unavailable,,
350202676,2026-05-11T14:34:17+00:00,Unavailable,,
350202687,2026-05-11T14:34:17+00:00,Unavailable,,
350202698,2026-05-11T14:34:17+00:00,Unavailable,,
350202709,2026-05-11T14:34:17+00:00,Unavailable,,
350202720,2026-05-11T14:34:17+00:00,Unavailable,,
350202731,2026-05-11T14:34:17+00:00,Unavailable,,
350202742,2026-05-11T14:34:17+00:00,Unavailable,,
350202753,2026-05-11T14:34:17+00:00,Unavailable,,
350202764,2026-05-11T14:34:17+00:00,Unavailable,,
350202775,2026-05-11T14:34:17+00:00,Unavailable,,
350202786,2026-05-11T14:34:17+00:00,Unavailable,,
350202797,2026-05-11T14:34:17+00:00,Unavailable,,
350202808,2026-05-11T14:34:17+00:00,Unavailable,,
350202819,2026-05-11T14:34:17+00:00,Unavailable,,
350202830,2026-05-11T14:34:17+00:00,Unavailable,,
350202841,2026-05-11T14:34:17+00:00,Unavailable,,
350202852,2026-05-11T14:34:17+00:00,Unavailable,,
350202863,2026-05-11T14:34:17+00:00,Unavailable,,
350202874,2026-05-11T14:34:17+00:00,Unavailable,,
350202885,2026-05-11T14:34:17+00:00,Unavailable,,
350202896,2026-05-11T14:34:17+00:00,Unavailable,,
350202908,2026-05-11T14:34:17+00:00,Unavailable,,
350202919,2026-05-11T14:34:17+00:00,Unavailable,,
350202930,2026-05-11T14:34:17+00:00,Unavailable,,
350202941,2026-05-11T14:34:17+00:00,Unavailable,,
350202952,2026-05-11T14:34:17+00:00,Unavailable,,
350202963,2026-05-11T14:34:17+00:00,Unavailable,,
350202974,2026-05-11T14:34:17+00:00,Unavailable,,
350202985,2026-05-11T14:34:17+00:00,Unavailable,,
350202996,2026-05-11T14:34:17+00:00,Unavailable,,
350203007,2026-05-11T14:34:17+00:00,Unavailable,,
350203018,2026-05-11T14:34:17+00:00,Unavailable,,
350203029,2026-05-11T14:34:17+00:00,Unavailable,,
350203040,2026-05-11T14:34:17+00:00,Unavailable,,
350203051,2026-05-11T14:34:17+00:00,Unavailable,,
350203062,2026-05-11T14:34:17+00:00,Unavailable,,
350203073,2026-05-11T14:34:17+00:00,Unavailable,,
350203084,2026-05-11T14:34:17+00:00,Unavailable,,
350203095,2026-05-11T14:34:17+00:00,Unavailable,,
350203106,2026-05-11T14:34:17+00:00,Unavailable,,
350203117,2026-05-11T14:34:17+00:00,Unavailable,,
350203128,2026-05-11T14:34:17+00:00,Unavailable,,
350203139,2026-05-11T14:34:17+00:00,Unavailable,,
350203150,2026-05-11T14:34:17+00:00,Unavailable,,
350203162,2026-05-11T14:34:17+00:00,Unavailable,,
350203173,2026-05-11T14:34:17+00:00,Unavailable,,
350203184,2026-05-11T14:34:17+00:00,Unavailable,,
350203195,2026-05-11T14:34:17+00:00,Unavailable,,
350203206,2026-05-11T14:34:17+00:00,Unavailable,,
350203217,2026-05-11T14:34:17+00:00,Unavailable,,
350203228,2026-05-11T14:34:17+00:00,Unavailable,,
350203239,2026-05-11T14:34:17+00:00,Unavailable,,
350203250,2026-05-11T14:34:17+00:00,Unavailable,,
350203261,2026-05-11T14:34:17+00:00,Unavailable,,
350203272,2026-05-11T14:34:17+00:00,Unavailable,,
350203283,2026-05-11T14:34:17+00:00,Unavailable,,
350203294,2026-05-11T14:34:17+00:00,Unavailable,,
350203305,2026-05-11T14:34:17+00:00,Unavailable,,
350203316,2026-05-11T14:34:17+00:00,Unavailable,,
350203327,2026-05-11T14:34:17+00:00,Unavailable,,
350203338,2026-05-11T14:34:17+00:00,Unavailable,,
350203349,2026-05-11T14:34:17+00:00,Unavailable,,
350203360,2026-05-11T14:34:17+00:00,Unavailable,,
350203371,2026-05-11T14:34:17+00:00,Unavailable,,
350203383,2026-05-11T14:34:17+00:00,Unavailable,,
350203394,2026-05-11T14:34:17+00:00,Unavailable,,
350203405,2026-05-11T14:34:17+00:00,Unavailable,,
350203416,2026-05-11T14:34:17+00:00,Unavailable,,
350203427,2026-05-11T14:34:17+00:00,Unavailable,,
350203438,2026-05-11T14:34:17+00:00,Unavailable,,
350203449,2026-05-11T14:34:17+00:00,Unavailable,,
350203460,2026-05-11T14:34:17+00:00,Unavailable,,
350203472,2026-05-11T14:34:17+00:00,Unavailable,,
350203483,2026-05-11T14:34:17+00:00,Unavailable,,
350203494,2026-05-11T14:34:17+00:00,Unavailable,,
350203505,2026-05-11T14:34:17+00:00,Unavailable,,
350203516,2026-05-11T14:34:17+00:00,Unavailable,,
350203527,2026-05-11T14:34:17+00:00,Unavailable,,
350203538,2026-05-11T14:34:17+00:00,Unavailable,,
350203549,2026-05-11T14:34:17+00:00,Unavailable,,
350203560,2026-05-11T14:34:17+00:00,Unavailable,,
350203571,2026-05-11T14:34:17+00:00,Unavailable,,
350203593,2026-05-11T14:34:17+00:00,Unavailable,,
355173402,2026-05-11T14:34:17+00:00,Unavailable,,
350223957,2026-05-11T14:34:27+00:00,Unavailable,,
350223971,2026-05-11T14:34:27+00:00,Unavailable,,
350223985,2026-05-11T14:34:27+00:00,Unavailable,,
350223999,2026-05-11T14:34:27+00:00,Unavailable,,
350224011,2026-05-11T14:34:27+00:00,Unavailable,,
350224022,2026-05-11T14:34:27+00:00,Unavailable,,
350224033,2026-05-11T14:34:27+00:00,Unavailable,,
350224044,2026-05-11T14:34:27+00:00,Unavailable,,
350224055,2026-05-11T14:34:27+00:00,Unavailable,,
350224066,2026-05-11T14:34:27+00:00,Unavailable,,
350224077,2026-05-11T14:34:27+00:00,Unavailable,,
350224088,2026-05-11T14:34:27+00:00,Unavailable,,
350224102,2026-05-11T14:34:27+00:00,Unavailable,,
350224116,2026-05-11T14:34:27+00:00,Unavailable,,
350224130,2026-05-11T14:34:27+00:00,Unavailable,,
350224144,2026-05-11T14:34:27+00:00,Unavailable,,
350224158,2026-05-11T14:34:27+00:00,Unavailable,,
350224172,2026-05-11T14:34:27+00:00,Unavailable,,
350224186,2026-05-11T14:34:27+00:00,Unavailable,,
350224200,2026-05-11T14:34:27+00:00,Unavailable,,
350224214,2026-05-11T14:34:27+00:00,Unavailable,,
350224228,2026-05-11T14:34:27+00:00,Unavailable,,
350224239,2026-05-11T14:34:27+00:00,Unavailable,,
350224250,2026-05-11T14:34:27+00:00,Unavailable,,
350224261,2026-05-11T14:34:27+00:00,Unavailable,,
350224272,2026-05-11T14:34:27+00:00,Unavailable,,
350224283,2026-05-11T14:34:27+00:00,Unavailable,,
350224294,2026-05-11T14:34:27+00:00,Unavailable,,
350224305,2026-05-11T14:34:27+00:00,Unavailable,,
350224317,2026-05-11T14:34:27+00:00,Unavailable,,
350224328,2026-05-11T14:34:27+00:00,Unavailable,,
350224339,2026-05-11T14:34:27+00:00,Unavailable,,
350224350,2026-05-11T14:34:27+00:00,Unavailable,,
350224361,2026-05-11T14:34:27+00:00,Unavailable,,
350224372,2026-05-11T14:34:27+00:00,Unavailable,,
350224386,2026-05-11T14:34:27+00:00,Unavailable,,
350224401,2026-05-11T14:34:27+00:00,Unavailable,,
350224416,2026-05-11T14:34:27+00:00,Unavailable,,
350224433,2026-05-11T14:34:27+00:00,Unavailable,,
350224444,2026-05-11T14:34:27+00:00,Unavailable,,
350224455,2026-05-11T14:34:27+00:00,Unavailable,,
350224466,2026-05-11T14:34:27+00:00,Unavailable,,
350224477,2026-05-11T14:34:27+00:00,Unavailable,,
350224489,2026-05-11T14:34:27+00:00,Unavailable,,
350224500,2026-05-11T14:34:27+00:00,Unavailable,,
350224511,2026-05-11T14:34:27+00:00,Unavailable,,
350224522,2026-05-11T14:34:27+00:00,Unavailable,,
350224533,2026-05-11T14:34:27+00:00,Unavailable,,
350224544,2026-05-11T14:34:27+00:00,Unavailable,,
350224555,2026-05-11T14:34:27+00:00,Unavailable,,
350224566,2026-05-11T14:34:27+00:00,Unavailable,,
350224577,2026-05-11T14:34:27+00:00,Unavailable,,
350224588,2026-05-11T14:34:27+00:00,Unavailable,,
350224599,2026-05-11T14:34:27+00:00,Unavailable,,
350224612,2026-05-11T14:34:27+00:00,Unavailable,,
350224623,2026-05-11T14:34:27+00:00,Unavailable,,
350224634,2026-05-11T14:34:27+00:00,Unavailable,,
350224645,2026-05-11T14:34:27+00:00,Unavailable,,
350224658,2026-05-11T14:34:27+00:00,Unavailable,,
350224669,2026-05-11T14:34:27+00:00,Unavailable,,
350224680,2026-05-11T14:34:27+00:00,Unavailable,,
350224692,2026-05-11T14:34:27+00:00,Unavailable,,
350224703,2026-05-11T14:34:27+00:00,Unavailable,,
350224714,2026-05-11T14:34:27+00:00,Unavailable,,
350224725,2026-05-11T14:34:27+00:00,Unavailable,,
350224738,2026-05-11T14:34:27+00:00,Unavailable,,
350224749,2026-05-11T14:34:27+00:00,Unavailable,,
350224760,2026-05-11T14:34:27+00:00,Unavailable,,
350224771,2026-05-11T14:34:27+00:00,Unavailable,,
350224782,2026-05-11T14:34:27+00:00,Unavailable,,
350224793,2026-05-11T14:34:27+00:00,Unavailable,,
350224804,2026-05-11T14:34:27+00:00,Unavailable,,
350224815,2026-05-11T14:34:27+00:00,Unavailable,,
350224826,2026-05-11T14:34:27+00:00,Unavailable,,
350224837,2026-05-11T14:34:27+00:00,Unavailable,,
350224848,2026-05-11T14:34:27+00:00,Unavailable,,
350224859,2026-05-11T14:34:27+00:00,Unavailable,,
350224873,2026-05-11T14:34:27+00:00,Unavailable,,
350224887,2026-05-11T14:34:27+00:00,Unavailable,,
350224901,2026-05-11T14:34:27+00:00,Unavailable,,
350224915,2026-05-11T14:34:27+00:00,Unavailable,,
350224929,2026-05-11T14:34:27+00:00,Unavailable,,
350224940,2026-05-11T14:34:27+00:00,Unavailable,,
350224951,2026-05-11T14:34:27+00:00,Unavailable,,
350224962,2026-05-11T14:34:27+00:00,Unavailable,,
350224973,2026-05-11T14:34:27+00:00,Unavailable,,
350224985,2026-05-11T14:34:27+00:00,Unavailable,,
350224996,2026-05-11T14:34:27+00:00,Unavailable,,
350225008,2026-05-11T14:34:27+00:00,Unavailable,,
350225019,2026-05-11T14:34:27+00:00,Unavailable,,
350225030,2026-05-11T14:34:27+00:00,Unavailable,,
350225041,2026-05-11T14:34:27+00:00,Unavailable,,
350225053,2026-05-11T14:34:27+00:00,Unavailable,,
350225064,2026-05-11T14:34:27+00:00,Unavailable,,
350225075,2026-05-11T14:34:27+00:00,Unavailable,,
350225086,2026-05-11T14:34:27+00:00,Unavailable,,
350225097,2026-05-11T14:34:27+00:00,Unavailable,,
350225108,2026-05-11T14:34:27+00:00,Unavailable,,
350225119,2026-05-11T14:34:27+00:00,Unavailable,,
350225130,2026-05-11T14:34:27+00:00,Unavailable,,
350225141,2026-05-11T14:34:27+00:00,Unavailable,,
350225163,2026-05-11T14:34:27+00:00,Unavailable,,
350225174,2026-05-11T14:34:27+00:00,Unavailable,,
350225185,2026-05-11T14:34:27+00:00,Unavailable,,
350225196,2026-05-11T14:34:27+00:00,Unavailable,,
350225207,2026-05-11T14:34:27+00:00,Unavailable,,
350225218,2026-05-11T14:34:27+00:00,Unavailable,,
350225229,2026-05-11T14:34:27+00:00,Unavailable,,
350225240,2026-05-11T14:34:27+00:00,Unavailable,,
350225251,2026-05-11T14:34:27+00:00,Unavailable,,
350225262,2026-05-11T14:34:27+00:00,Unavailable,,
350225273,2026-05-11T14:34:27+00:00,Unavailable,,
350225285,2026-05-11T14:34:27+00:00,Unavailable,,
350225296,2026-05-11T14:34:27+00:00,Unavailable,,
350225307,2026-05-11T14:34:27+00:00,Unavailable,,
350225318,2026-05-11T14:34:27+00:00,Unavailable,,
350225329,2026-05-11T14:34:27+00:00,Unavailable,,
350225341,2026-05-11T14:34:27+00:00,Unavailable,,
350225352,2026-05-11T14:34:27+00:00,Unavailable,,
350225363,2026-05-11T14:34:27+00:00,Unavailable,,
350225375,2026-05-11T14:34:27+00:00,Unavailable,,
350225387,2026-05-11T14:34:27+00:00,Unavailable,,
350225401,2026-05-11T14:34:27+00:00,Unavailable,,
350225415,2026-05-11T14:34:27+00:00,Unavailable,,
350225429,2026-05-11T14:34:27+00:00,Unavailable,,
350225443,2026-05-11T14:34:27+00:00,Unavailable,,
350225457,2026-05-11T14:34:27+00:00,Unavailable,,
350225471,2026-05-11T14:34:27+00:00,Unavailable,,
350225485,2026-05-11T14:34:27+00:00,Unavailable,,
350225496,2026-05-11T14:34:27+00:00,Unavailable,,
350225507,2026-05-11T14:34:27+00:00,Unavailable,,
350225518,2026-05-11T14:34:27+00:00,Unavailable,,
350225529,2026-05-11T14:34:27+00:00,Unavailable,,
350225540,2026-05-11T14:34:27+00:00,Unavailable,,
350225551,2026-05-11T14:34:27+00:00,Unavailable,,
350225562,2026-05-11T14:34:27+00:00,Unavailable,,
350225573,2026-05-11T14:34:27+00:00,Unavailable,,
350225584,2026-05-11T14:34:27+00:00,Unavailable,,
350225596,2026-05-11T14:34:27+00:00,Unavailable,,
350225607,2026-05-11T14:34:27+00:00,Unavailable,,
350225618,2026-05-11T14:34:27+00:00,Unavailable,,
350225629,2026-05-11T14:34:27+00:00,Unavailable,,
350225640,2026-05-11T14:34:27+00:00,Unavailable,,
350225651,2026-05-11T14:34:27+00:00,Unavailable,,
350225663,2026-05-11T14:34:27+00:00,Unavailable,,
350225674,2026-05-11T14:34:27+00:00,Unavailable,,
350225688,2026-05-11T14:34:27+00:00,Unavailable,,
350225702,2026-05-11T14:34:27+00:00,Unavailable,,
350225716,2026-05-11T14:34:27+00:00,Unavailable,,
350225730,2026-05-11T14:34:27+00:00,Unavailable,,
350225744,2026-05-11T14:34:27+00:00,Unavailable,,
350225758,2026-05-11T14:34:27+00:00,Unavailable,,
350225786,2026-05-11T14:34:27+00:00,Unavailable,,
350225814,2026-05-11T14:34:27+00:00,Unavailable,,
350225825,2026-05-11T14:34:27+00:00,Unavailable,,
350225836,2026-05-11T14:34:27+00:00,Unavailable,,
350225847,2026-05-11T14:34:27+00:00,Unavailable,,
350225858,2026-05-11T14:34:27+00:00,Unavailable,,
350225869,2026-05-11T14:34:27+00:00,Unavailable,,
350225880,2026-05-11T14:34:27+00:00,Unavailable,,
350225891,2026-05-11T14:34:27+00:00,Unavailable,,
350225902,2026-05-11T14:34:27+00:00,Unavailable,,
350225913,2026-05-11T14:34:27+00:00,Unavailable,,
350225924,2026-05-11T14:34:27+00:00,Unavailable,,
350225935,2026-05-11T14:34:27+00:00,Unavailable,,
350225946,2026-05-11T14:34:27+00:00,Unavailable,,
350225957,2026-05-11T14:34:27+00:00,Unavailable,,
350225968,2026-05-11T14:34:27+00:00,Unavailable,,
350225981,2026-05-11T14:34:27+00:00,Unavailable,,
350225993,2026-05-11T14:34:27+00:00,Unavailable,,
350226004,2026-05-11T14:34:27+00:00,Unavailable,,
350226015,2026-05-11T14:34:27+00:00,Unavailable,,
350226026,2026-05-11T14:34:27+00:00,Unavailable,,
350226037,2026-05-11T14:34:27+00:00,Unavailable,,
350226048,2026-05-11T14:34:27+00:00,Unavailable,,
350226059,2026-05-11T14:34:27+00:00,Unavailable,,
350226070,2026-05-11T14:34:27+00:00,Unavailable,,
350280176,2026-05-11T14:34:27+00:00,Unavailable,,
350280422,2026-05-11T14:34:27+00:00,Unavailable,,
350280510,2026-05-11T14:34:27+00:00,Unavailable,,
350280525,2026-05-11T14:34:27+00:00,Unavailable,,
350280536,2026-05-11T14:34:27+00:00,Unavailable,,
350288650,2026-05-11T14:34:27+00:00,Unavailable,,
350288664,2026-05-11T14:34:27+00:00,Unavailable,,
350288680,2026-05-11T14:34:27+00:00,Unavailable,,
350288691,2026-05-11T14:34:27+00:00,Unavailable,,
350288702,2026-05-11T14:34:27+00:00,Unavailable,,
350288713,2026-05-11T14:34:27+00:00,Unavailable,,
350288724,2026-05-11T14:34:27+00:00,Unavailable,,
350288737,2026-05-11T14:34:27+00:00,Unavailable,,
350288748,2026-05-11T14:34:27+00:00,Unavailable,,
350288759,2026-05-11T14:34:27+00:00,Unavailable,,
350288770,2026-05-11T14:34:27+00:00,Unavailable,,
350288781,2026-05-11T14:34:27+00:00,Unavailable,,
350288792,2026-05-11T14:34:27+00:00,Unavailable,,
350288804,2026-05-11T14:34:27+00:00,Unavailable,,
350288815,2026-05-11T14:34:27+00:00,Unavailable,,
350288826,2026-05-11T14:34:27+00:00,Unavailable,,
350288837,2026-05-11T14:34:27+00:00,Unavailable,,
350288848,2026-05-11T14:34:27+00:00,Unavailable,,
350288859,2026-05-11T14:34:27+00:00,Unavailable,,
350288870,2026-05-11T14:34:27+00:00,Unavailable,,
350288881,2026-05-11T14:34:27+00:00,Unavailable,,
350288892,2026-05-11T14:34:27+00:00,Unavailable,,
350288903,2026-05-11T14:34:27+00:00,Unavailable,,
350288914,2026-05-11T14:34:27+00:00,Unavailable,,
350288925,2026-05-11T14:34:27+00:00,Unavailable,,
350288937,2026-05-11T14:34:27+00:00,Unavailable,,
350288948,2026-05-11T14:34:27+00:00,Unavailable,,
350288959,2026-05-11T14:34:27+00:00,Unavailable,,
350288970,2026-05-11T14:34:27+00:00,Unavailable,,
350288981,2026-05-11T14:34:27+00:00,Unavailable,,
350288992,2026-05-11T14:34:27+00:00,Unavailable,,
350289003,2026-05-11T14:34:27+00:00,Unavailable,,
350289014,2026-05-11T14:34:27+00:00,Unavailable,,
350289048,2026-05-11T14:34:27+00:00,Unavailable,,
350289060,2026-05-11T14:34:27+00:00,Unavailable,,
350289071,2026-05-11T14:34:27+00:00,Unavailable,,
350289082,2026-05-11T14:34:27+00:00,Unavailable,,
350289093,2026-05-11T14:34:27+00:00,Unavailable,,
350289104,2026-05-11T14:34:27+00:00,Unavailable,,
350289115,2026-05-11T14:34:27+00:00,Unavailable,,
350289126,2026-05-11T14:34:27+00:00,Unavailable,,
350289137,2026-05-11T14:34:27+00:00,Unavailable,,
350289148,2026-05-11T14:34:27+00:00,Unavailable,,
350289159,2026-05-11T14:34:27+00:00,Unavailable,,
350289170,2026-05-11T14:34:27+00:00,Unavailable,,
350289181,2026-05-11T14:34:27+00:00,Unavailable,,
350289192,2026-05-11T14:34:27+00:00,Unavailable,,
350289203,2026-05-11T14:34:27+00:00,Unavailable,,
350289214,2026-05-11T14:34:27+00:00,Unavailable,,
350289226,2026-05-11T14:34:27+00:00,Unavailable,,
350289237,2026-05-11T14:34:27+00:00,Unavailable,,
350289248,2026-05-11T14:34:27+00:00,Unavailable,,
350289260,2026-05-11T14:34:27+00:00,Unavailable,,
350289271,2026-05-11T14:34:27+00:00,Unavailable,,
350289282,2026-05-11T14:34:27+00:00,Unavailable,,
350289293,2026-05-11T14:34:27+00:00,Unavailable,,
350289304,2026-05-11T14:34:27+00:00,Unavailable,,
350289315,2026-05-11T14:34:27+00:00,Unavailable,,
350289326,2026-05-11T14:34:27+00:00,Unavailable,,
350289337,2026-05-11T14:34:27+00:00,Unavailable,,
350289348,2026-05-11T14:34:27+00:00,Unavailable,,
350289359,2026-05-11T14:34:27+00:00,Unavailable,,
350289370,2026-05-11T14:34:27+00:00,Unavailable,,
350289381,2026-05-11T14:34:27+00:00,Unavailable,,
350289392,2026-05-11T14:34:27+00:00,Unavailable,,
350289404,2026-05-11T14:34:27+00:00,Unavailable,,
351070164,2026-05-11T14:34:27+00:00,Unavailable,,
351073176,2026-05-11T14:34:27+00:00,Unavailable,,
353250216,2026-05-11T14:34:27+00:00,Unavailable,,
364658017,2026-05-11T14:34:27+00:00,Unavailable,,
350216376,2026-05-11T16:49:58+00:00,Unavailable,,
350216387,2026-05-11T16:49:58+00:00,Unavailable,,
350216398,2026-05-11T16:49:58+00:00,Unavailable,,
350216409,2026-05-11T16:49:58+00:00,Unavailable,,
350216431,2026-05-11T16:49:58+00:00,Unavailable,,
350216442,2026-05-11T16:49:58+00:00,Unavailable,,
350216453,2026-05-11T16:49:58+00:00,Unavailable,,
350216465,2026-05-11T16:49:58+00:00,Unavailable,,
350216476,2026-05-11T16:49:58+00:00,Unavailable,,
350216487,2026-05-11T16:49:58+00:00,Unavailable,,
350216498,2026-05-11T16:49:58+00:00,Unavailable,,
350216509,2026-05-11T16:49:58+00:00,Unavailable,,
350216520,2026-05-11T16:49:58+00:00,Unavailable,,
350216542,2026-05-11T16:49:58+00:00,Unavailable,,
350216553,2026-05-11T16:49:58+00:00,Unavailable,,
350216564,2026-05-11T16:49:58+00:00,Unavailable,,
350216575,2026-05-11T16:49:58+00:00,Unavailable,,
350216586,2026-05-11T16:49:58+00:00,Unavailable,,
350216597,2026-05-11T16:49:58+00:00,Unavailable,,
350216608,2026-05-11T16:49:58+00:00,Unavailable,,
350216619,2026-05-11T16:49:58+00:00,Unavailable,,
350216630,2026-05-11T16:49:58+00:00,Unavailable,,
350216652,2026-05-11T16:49:58+00:00,Unavailable,,
350216663,2026-05-11T16:49:58+00:00,Unavailable,,
350216674,2026-05-11T16:49:58+00:00,Unavailable,,
350216685,2026-05-11T16:49:58+00:00,Unavailable,,
350216696,2026-05-11T16:49:58+00:00,Unavailable,,
350216707,2026-05-11T16:49:58+00:00,Unavailable,,
350216718,2026-05-11T16:49:58+00:00,Unavailable,,
350216729,2026-05-11T16:49:58+00:00,Unavailable,,
350216740,2026-05-11T16:49:58+00:00,Unavailable,,
350216751,2026-05-11T16:49:58+00:00,Unavailable,,
350216762,2026-05-11T16:49:58+00:00,Unavailable,,
350216773,2026-05-11T16:49:58+00:00,Unavailable,,
350216784,2026-05-11T16:49:58+00:00,Unavailable,,
350216795,2026-05-11T16:49:58+00:00,Unavailable,,
350216806,2026-05-11T16:49:58+00:00,Unavailable,,
350216817,2026-05-11T16:49:58+00:00,Unavailable,,
350216828,2026-05-11T16:49:58+00:00,Unavailable,,
350216839,2026-05-11T16:49:58+00:00,Unavailable,,
350216850,2026-05-11T16:49:58+00:00,Unavailable,,
350216861,2026-05-11T16:49:58+00:00,Unavailable,,
350216872,2026-05-11T16:49:58+00:00,Unavailable,,
350216884,2026-05-11T16:49:58+00:00,Unavailable,,
350216895,2026-05-11T16:49:58+00:00,Unavailable,,
350216906,2026-05-11T16:49:58+00:00,Unavailable,,
350216917,2026-05-11T16:49:58+00:00,Unavailable,,
350216928,2026-05-11T16:49:58+00:00,Unavailable,,
350216939,2026-05-11T16:49:58+00:00,Unavailable,,
350216950,2026-05-11T16:49:58+00:00,Unavailable,,
350216961,2026-05-11T16:49:58+00:00,Unavailable,,
350216972,2026-05-11T16:49:58+00:00,Unavailable,,
350216994,2026-05-11T16:49:58+00:00,Unavailable,,
350217005,2026-05-11T16:49:58+00:00,Unavailable,,
350217016,2026-05-11T16:49:58+00:00,Unavailable,,
350217027,2026-05-11T16:49:58+00:00,Unavailable,,
350217049,2026-05-11T16:49:58+00:00,Unavailable,,
350217071,2026-05-11T16:49:58+00:00,Unavailable,,
350217083,2026-05-11T16:49:58+00:00,Unavailable,,
350217105,2026-05-11T16:49:58+00:00,Unavailable,,
350217117,2026-05-11T16:49:58+00:00,Unavailable,,
350217128,2026-05-11T16:49:58+00:00,Unavailable,,
350217150,2026-05-11T16:49:58+00:00,Unavailable,,
350217162,2026-05-11T16:49:58+00:00,Unavailable,,
350217174,2026-05-11T16:49:58+00:00,Unavailable,,
350217185,2026-05-11T16:49:58+00:00,Unavailable,,
350217207,2026-05-11T16:49:58+00:00,Unavailable,,
350217218,2026-05-11T16:49:58+00:00,Unavailable,,
350217240,2026-05-11T16:49:58+00:00,Unavailable,,
350217251,2026-05-11T16:49:58+00:00,Unavailable,,
350217262,2026-05-11T16:49:58+00:00,Unavailable,,
350217273,2026-05-11T16:49:58+00:00,Unavailable,,
350217284,2026-05-11T16:49:58+00:00,Unavailable,,
350217295,2026-05-11T16:49:58+00:00,Unavailable,,
350217306,2026-05-11T16:49:58+00:00,Unavailable,,
350217317,2026-05-11T16:49:58+00:00,Unavailable,,
350217339,2026-05-11T16:49:58+00:00,Unavailable,,
350217353,2026-05-11T16:49:58+00:00,Unavailable,,
350217366,2026-05-11T16:49:58+00:00,Unavailable,,
350217379,2026-05-11T16:49:58+00:00,Unavailable,,
350217393,2026-05-11T16:49:58+00:00,Unavailable,,
350217404,2026-05-11T16:49:58+00:00,Unavailable,,
350217415,2026-05-11T16:49:58+00:00,Unavailable,,
350217426,2026-05-11T16:49:58+00:00,Unavailable,,
350217437,2026-05-11T16:49:58+00:00,Unavailable,,
350217448,2026-05-11T16:49:58+00:00,Unavailable,,
350732033,2026-05-11T16:49:58+00:00,Unavailable,,
350739304,2026-05-11T16:49:58+00:00,Unavailable,,
350740400,2026-05-11T16:49:58+00:00,Unavailable,,
350740938,2026-05-11T16:49:58+00:00,Unavailable,,
350741533,2026-05-11T16:49:58+00:00,Unavailable,,
350741599,2026-05-11T16:49:58+00:00,Unavailable,,
364675943,2026-05-11T16:49:58+00:00,Unavailable,,
364677421,2026-05-11T16:49:58+00:00,Unavailable,,
364677693,2026-05-11T16:49:58+00:00,Unavailable,,
364678079,2026-05-11T16:49:58+00:00,Unavailable,,
350200801,2026-05-11T16:50:02+00:00,Unavailable,,
350200813,2026-05-11T16:50:02+00:00,Unavailable,,
350200824,2026-05-11T16:50:02+00:00,Unavailable,,
350200836,2026-05-11T16:50:02+00:00,Unavailable,,
350200847,2026-05-11T16:50:02+00:00,Unavailable,,
350200858,2026-05-11T16:50:02+00:00,Unavailable,,
350200869,2026-05-11T16:50:02+00:00,Unavailable,,
350200880,2026-05-11T16:50:02+00:00,Unavailable,,
350200891,2026-05-11T16:50:02+00:00,Unavailable,,
350200902,2026-05-11T16:50:02+00:00,Unavailable,,
350200913,2026-05-11T16:50:02+00:00,Unavailable,,
350200924,2026-05-11T16:50:02+00:00,Unavailable,,
350200935,2026-05-11T16:50:02+00:00,Unavailable,,
350200946,2026-05-11T16:50:02+00:00,Unavailable,,
350200957,2026-05-11T16:50:02+00:00,Unavailable,,
350200968,2026-05-11T16:50:02+00:00,Unavailable,,
350200979,2026-05-11T16:50:02+00:00,Unavailable,,
350200990,2026-05-11T16:50:02+00:00,Unavailable,,
350201001,2026-05-11T16:50:02+00:00,Unavailable,,
350201012,2026-05-11T16:50:02+00:00,Unavailable,,
350201023,2026-05-11T16:50:02+00:00,Unavailable,,
350201034,2026-05-11T16:50:02+00:00,Unavailable,,
350201045,2026-05-11T16:50:02+00:00,Unavailable,,
350201058,2026-05-11T16:50:02+00:00,Unavailable,,
350201069,2026-05-11T16:50:02+00:00,Unavailable,,
350201080,2026-05-11T16:50:02+00:00,Unavailable,,
350201091,2026-05-11T16:50:02+00:00,Unavailable,,
350201102,2026-05-11T16:50:02+00:00,Unavailable,,
350201113,2026-05-11T16:50:02+00:00,Unavailable,,
350201124,2026-05-11T16:50:02+00:00,Unavailable,,
350201135,2026-05-11T16:50:02+00:00,Unavailable,,
350201146,2026-05-11T16:50:02+00:00,Unavailable,,
350201157,2026-05-11T16:50:02+00:00,Unavailable,,
350201170,2026-05-11T16:50:02+00:00,Unavailable,,
350201182,2026-05-11T16:50:02+00:00,Unavailable,,
350201193,2026-05-11T16:50:02+00:00,Unavailable,,
350201205,2026-05-11T16:50:02+00:00,Unavailable,,
350201216,2026-05-11T16:50:02+00:00,Unavailable,,
350201227,2026-05-11T16:50:02+00:00,Unavailable,,
350201238,2026-05-11T16:50:02+00:00,Unavailable,,
350201249,2026-05-11T16:50:02+00:00,Unavailable,,
350201260,2026-05-11T16:50:02+00:00,Unavailable,,
350201271,2026-05-11T16:50:02+00:00,Unavailable,,
350201283,2026-05-11T16:50:02+00:00,Unavailable,,
350201294,2026-05-11T16:50:02+00:00,Unavailable,,
350201305,2026-05-11T16:50:02+00:00,Unavailable,,
350201316,2026-05-11T16:50:02+00:00,Unavailable,,
350201327,2026-05-11T16:50:02+00:00,Unavailable,,
350201338,2026-05-11T16:50:02+00:00,Unavailable,,
350201349,2026-05-11T16:50:02+00:00,Unavailable,,
350201360,2026-05-11T16:50:02+00:00,Unavailable,,
350201371,2026-05-11T16:50:02+00:00,Unavailable,,
350201382,2026-05-11T16:50:02+00:00,Unavailable,,
350201393,2026-05-11T16:50:02+00:00,Unavailable,,
350201404,2026-05-11T16:50:02+00:00,Unavailable,,
350201415,2026-05-11T16:50:02+00:00,Unavailable,,
350201426,2026-05-11T16:50:02+00:00,Unavailable,,
350201437,2026-05-11T16:50:02+00:00,Unavailable,,
350201448,2026-05-11T16:50:02+00:00,Unavailable,,
350201459,2026-05-11T16:50:02+00:00,Unavailable,,
350201470,2026-05-11T16:50:02+00:00,Unavailable,,
350201481,2026-05-11T16:50:02+00:00,Unavailable,,
350201492,2026-05-11T16:50:02+00:00,Unavailable,,
350201503,2026-05-11T16:50:02+00:00,Unavailable,,
350201514,2026-05-11T16:50:02+00:00,Unavailable,,
350201525,2026-05-11T16:50:02+00:00,Unavailable,,
350201536,2026-05-11T16:50:02+00:00,Unavailable,,
350201547,2026-05-11T16:50:02+00:00,Unavailable,,
350201558,2026-05-11T16:50:02+00:00,Unavailable,,
350201569,2026-05-11T16:50:02+00:00,Unavailable,,
350201580,2026-05-11T16:50:02+00:00,Unavailable,,
350201591,2026-05-11T16:50:02+00:00,Unavailable,,
350201602,2026-05-11T16:50:02+00:00,Unavailable,,
350201613,2026-05-11T16:50:02+00:00,Unavailable,,
350201624,2026-05-11T16:50:02+00:00,Unavailable,,
350201635,2026-05-11T16:50:02+00:00,Unavailable,,
350201646,2026-05-11T16:50:02+00:00,Unavailable,,
350201657,2026-05-11T16:50:02+00:00,Unavailable,,
350201668,2026-05-11T16:50:02+00:00,Unavailable,,
350201679,2026-05-11T16:50:02+00:00,Unavailable,,
350201690,2026-05-11T16:50:02+00:00,Unavailable,,
350201701,2026-05-11T16:50:02+00:00,Unavailable,,
350201712,2026-05-11T16:50:02+00:00,Unavailable,,
350201723,2026-05-11T16:50:02+00:00,Unavailable,,
350201735,2026-05-11T16:50:02+00:00,Unavailable,,
350201746,2026-05-11T16:50:02+00:00,Unavailable,,
350201757,2026-05-11T16:50:02+00:00,Unavailable,,
350201768,2026-05-11T16:50:02+00:00,Unavailable,,
350201779,2026-05-11T16:50:02+00:00,Unavailable,,
350201790,2026-05-11T16:50:02+00:00,Unavailable,,
350201801,2026-05-11T16:50:02+00:00,Unavailable,,
350201812,2026-05-11T16:50:02+00:00,Unavailable,,
350201823,2026-05-11T16:50:02+00:00,Unavailable,,
350201834,2026-05-11T16:50:02+00:00,Unavailable,,
350201845,2026-05-11T16:50:02+00:00,Unavailable,,
350201856,2026-05-11T16:50:02+00:00,Unavailable,,
350201867,2026-05-11T16:50:02+00:00,Unavailable,,
350201879,2026-05-11T16:50:02+00:00,Unavailable,,
350201890,2026-05-11T16:50:02+00:00,Unavailable,,
350201901,2026-05-11T16:50:02+00:00,Unavailable,,
350201912,2026-05-11T16:50:02+00:00,Unavailable,,
350201924,2026-05-11T16:50:02+00:00,Unavailable,,
350201935,2026-05-11T16:50:02+00:00,Unavailable,,
350201947,2026-05-11T16:50:02+00:00,Unavailable,,
350201958,2026-05-11T16:50:02+00:00,Unavailable,,
350201969,2026-05-11T16:50:02+00:00,Unavailable,,
350201980,2026-05-11T16:50:02+00:00,Unavailable,,
350201991,2026-05-11T16:50:02+00:00,Unavailable,,
350202003,2026-05-11T16:50:02+00:00,Unavailable,,
350202018,2026-05-11T16:50:02+00:00,Unavailable,,
350202032,2026-05-11T16:50:02+00:00,Unavailable,,
350202045,2026-05-11T16:50:02+00:00,Unavailable,,
350202056,2026-05-11T16:50:02+00:00,Unavailable,,
350202069,2026-05-11T16:50:02+00:00,Unavailable,,
350202080,2026-05-11T16:50:02+00:00,Unavailable,,
350202091,2026-05-11T16:50:02+00:00,Unavailable,,
350202102,2026-05-11T16:50:02+00:00,Unavailable,,
350202113,2026-05-11T16:50:02+00:00,Unavailable,,
350202124,2026-05-11T16:50:02+00:00,Unavailable,,
350202135,2026-05-11T16:50:02+00:00,Unavailable,,
350202146,2026-05-11T16:50:02+00:00,Unavailable,,
350202157,2026-05-11T16:50:02+00:00,Unavailable,,
350202168,2026-05-11T16:50:02+00:00,Unavailable,,
350202180,2026-05-11T16:50:02+00:00,Unavailable,,
350202191,2026-05-11T16:50:02+00:00,Unavailable,,
350202202,2026-05-11T16:50:02+00:00,Unavailable,,
350202213,2026-05-11T16:50:02+00:00,Unavailable,,
350202224,2026-05-11T16:50:02+00:00,Unavailable,,
350202235,2026-05-11T16:50:02+00:00,Unavailable,,
350202246,2026-05-11T16:50:02+00:00,Unavailable,,
350202257,2026-05-11T16:50:02+00:00,Unavailable,,
350202268,2026-05-11T16:50:02+00:00,Unavailable,,
350202279,2026-05-11T16:50:02+00:00,Unavailable,,
350202290,2026-05-11T16:50:02+00:00,Unavailable,,
350202301,2026-05-11T16:50:02+00:00,Unavailable,,
350202312,2026-05-11T16:50:02+00:00,Unavailable,,
350202323,2026-05-11T16:50:02+00:00,Unavailable,,
350202334,2026-05-11T16:50:02+00:00,Unavailable,,
350202347,2026-05-11T16:50:02+00:00,Unavailable,,
350202361,2026-05-11T16:50:02+00:00,Unavailable,,
350202372,2026-05-11T16:50:02+00:00,Unavailable,,
350202383,2026-05-11T16:50:02+00:00,Unavailable,,
350202394,2026-05-11T16:50:02+00:00,Unavailable,,
350202406,2026-05-11T16:50:02+00:00,Unavailable,,
350202417,2026-05-11T16:50:02+00:00,Unavailable,,
350202429,2026-05-11T16:50:02+00:00,Unavailable,,
350202440,2026-05-11T16:50:02+00:00,Unavailable,,
350202451,2026-05-11T16:50:02+00:00,Unavailable,,
350202462,2026-05-11T16:50:02+00:00,Unavailable,,
350202473,2026-05-11T16:50:02+00:00,Unavailable,,
350202484,2026-05-11T16:50:02+00:00,Unavailable,,
350202495,2026-05-11T16:50:02+00:00,Unavailable,,
350202506,2026-05-11T16:50:02+00:00,Unavailable,,
350202517,2026-05-11T16:50:02+00:00,Unavailable,,
350202528,2026-05-11T16:50:02+00:00,Unavailable,,
350202539,2026-05-11T16:50:02+00:00,Unavailable,,
350202551,2026-05-11T16:50:02+00:00,Unavailable,,
350202562,2026-05-11T16:50:02+00:00,Unavailable,,
350202573,2026-05-11T16:50:02+00:00,Unavailable,,
350202584,2026-05-11T16:50:02+00:00,Unavailable,,
350202595,2026-05-11T16:50:02+00:00,Unavailable,,
350202607,2026-05-11T16:50:02+00:00,Unavailable,,
350202618,2026-05-11T16:50:02+00:00,Unavailable,,
350202631,2026-05-11T16:50:02+00:00,Unavailable,,
350202642,2026-05-11T16:50:02+00:00,Unavailable,,
350202654,2026-05-11T16:50:02+00:00,Unavailable,,
350202665,2026-05-11T16:50:02+00:00,Unavailable,,
350202676,2026-05-11T16:50:02+00:00,Unavailable,,
350202687,2026-05-11T16:50:02+00:00,Unavailable,,
350202698,2026-05-11T16:50:02+00:00,Unavailable,,
350202709,2026-05-11T16:50:02+00:00,Unavailable,,
350202720,2026-05-11T16:50:02+00:00,Unavailable,,
350202731,2026-05-11T16:50:02+00:00,Unavailable,,
350202742,2026-05-11T16:50:02+00:00,Unavailable,,
350202753,2026-05-11T16:50:02+00:00,Unavailable,,
350202764,2026-05-11T16:50:02+00:00,Unavailable,,
350202775,2026-05-11T16:50:02+00:00,Unavailable,,
350202786,2026-05-11T16:50:02+00:00,Unavailable,,
350202797,2026-05-11T16:50:02+00:00,Unavailable,,
350202808,2026-05-11T16:50:02+00:00,Unavailable,,
350202819,2026-05-11T16:50:02+00:00,Unavailable,,
350202830,2026-05-11T16:50:02+00:00,Unavailable,,
350202841,2026-05-11T16:50:02+00:00,Unavailable,,
350202852,2026-05-11T16:50:02+00:00,Unavailable,,
350202863,2026-05-11T16:50:02+00:00,Unavailable,,
350202874,2026-05-11T16:50:02+00:00,Unavailable,,
350202885,2026-05-11T16:50:02+00:00,Unavailable,,
350202896,2026-05-11T16:50:02+00:00,Unavailable,,
350202908,2026-05-11T16:50:02+00:00,Unavailable,,
350202919,2026-05-11T16:50:02+00:00,Unavailable,,
350202930,2026-05-11T16:50:02+00:00,Unavailable,,
350202941,2026-05-11T16:50:02+00:00,Unavailable,,
350202952,2026-05-11T16:50:02+00:00,Unavailable,,
350202963,2026-05-11T16:50:02+00:00,Unavailable,,
350202974,2026-05-11T16:50:02+00:00,Unavailable,,
350202985,2026-05-11T16:50:02+00:00,Unavailable,,
350202996,2026-05-11T16:50:02+00:00,Unavailable,,
350203007,2026-05-11T16:50:02+00:00,Unavailable,,
350203018,2026-05-11T16:50:02+00:00,Unavailable,,
350203029,2026-05-11T16:50:02+00:00,Unavailable,,
350203040,2026-05-11T16:50:02+00:00,Unavailable,,
350203051,2026-05-11T16:50:02+00:00,Unavailable,,
350203062,2026-05-11T16:50:02+00:00,Unavailable,,
350203073,2026-05-11T16:50:02+00:00,Unavailable,,
350203084,2026-05-11T16:50:02+00:00,Unavailable,,
350203095,2026-05-11T16:50:02+00:00,Unavailable,,
350203106,2026-05-11T16:50:02+00:00,Unavailable,,
350203117,2026-05-11T16:50:02+00:00,Unavailable,,
350203128,2026-05-11T16:50:02+00:00,Unavailable,,
350203139,2026-05-11T16:50:02+00:00,Unavailable,,
350203150,2026-05-11T16:50:02+00:00,Unavailable,,
350203162,2026-05-11T16:50:02+00:00,Unavailable,,
350203173,2026-05-11T16:50:02+00:00,Unavailable,,
350203184,2026-05-11T16:50:02+00:00,Unavailable,,
350203195,2026-05-11T16:50:02+00:00,Unavailable,,
350203206,2026-05-11T16:50:02+00:00,Unavailable,,
350203217,2026-05-11T16:50:02+00:00,Unavailable,,
350203228,2026-05-11T16:50:02+00:00,Unavailable,,
350203239,2026-05-11T16:50:02+00:00,Unavailable,,
350203250,2026-05-11T16:50:02+00:00,Unavailable,,
350203261,2026-05-11T16:50:02+00:00,Unavailable,,
350203272,2026-05-11T16:50:02+00:00,Unavailable,,
350203283,2026-05-11T16:50:02+00:00,Unavailable,,
350203294,2026-05-11T16:50:02+00:00,Unavailable,,
350203305,2026-05-11T16:50:02+00:00,Unavailable,,
350203316,2026-05-11T16:50:02+00:00,Unavailable,,
350203327,2026-05-11T16:50:02+00:00,Unavailable,,
350203338,2026-05-11T16:50:02+00:00,Unavailable,,
350203349,2026-05-11T16:50:02+00:00,Unavailable,,
350203360,2026-05-11T16:50:02+00:00,Unavailable,,
350203371,2026-05-11T16:50:02+00:00,Unavailable,,
350203383,2026-05-11T16:50:02+00:00,Unavailable,,
350203394,2026-05-11T16:50:02+00:00,Unavailable,,
350203405,2026-05-11T16:50:02+00:00,Unavailable,,
350203416,2026-05-11T16:50:02+00:00,Unavailable,,
350203427,2026-05-11T16:50:02+00:00,Unavailable,,
350203438,2026-05-11T16:50:02+00:00,Unavailable,,
350203449,2026-05-11T16:50:02+00:00,Unavailable,,
350203460,2026-05-11T16:50:02+00:00,Unavailable,,
350203472,2026-05-11T16:50:02+00:00,Unavailable,,
350203483,2026-05-11T16:50:02+00:00,Unavailable,,
350203494,2026-05-11T16:50:02+00:00,Unavailable,,
350203505,2026-05-11T16:50:02+00:00,Unavailable,,
350203516,2026-05-11T16:50:02+00:00,Unavailable,,
350203527,2026-05-11T16:50:02+00:00,Unavailable,,
350203538,2026-05-11T16:50:02+00:00,Unavailable,,
350203549,2026-05-11T16:50:02+00:00,Unavailable,,
350203560,2026-05-11T16:50:02+00:00,Unavailable,,
350203571,2026-05-11T16:50:02+00:00,Unavailable,,
350203593,2026-05-11T16:50:02+00:00,Unavailable,,
355173402,2026-05-11T16:50:02+00:00,Unavailable,,
350223957,2026-05-11T16:50:12+00:00,Unavailable,,
350223971,2026-05-11T16:50:12+00:00,Unavailable,,
350223985,2026-05-11T16:50:12+00:00,Unavailable,,
350223999,2026-05-11T16:50:12+00:00,Unavailable,,
350224011,2026-05-11T16:50:12+00:00,Unavailable,,
350224022,2026-05-11T16:50:12+00:00,Unavailable,,
350224033,2026-05-11T16:50:12+00:00,Unavailable,,
350224044,2026-05-11T16:50:12+00:00,Unavailable,,
350224055,2026-05-11T16:50:12+00:00,Unavailable,,
350224066,2026-05-11T16:50:12+00:00,Unavailable,,
350224077,2026-05-11T16:50:12+00:00,Unavailable,,
350224088,2026-05-11T16:50:12+00:00,Unavailable,,
350224102,2026-05-11T16:50:12+00:00,Unavailable,,
350224116,2026-05-11T16:50:12+00:00,Unavailable,,
350224130,2026-05-11T16:50:12+00:00,Unavailable,,
350224144,2026-05-11T16:50:12+00:00,Unavailable,,
350224158,2026-05-11T16:50:12+00:00,Unavailable,,
350224172,2026-05-11T16:50:12+00:00,Unavailable,,
350224186,2026-05-11T16:50:12+00:00,Unavailable,,
350224200,2026-05-11T16:50:12+00:00,Unavailable,,
350224214,2026-05-11T16:50:12+00:00,Unavailable,,
350224228,2026-05-11T16:50:12+00:00,Unavailable,,
350224239,2026-05-11T16:50:12+00:00,Unavailable,,
350224250,2026-05-11T16:50:12+00:00,Unavailable,,
350224261,2026-05-11T16:50:12+00:00,Unavailable,,
350224272,2026-05-11T16:50:12+00:00,Unavailable,,
350224283,2026-05-11T16:50:12+00:00,Unavailable,,
350224294,2026-05-11T16:50:12+00:00,Unavailable,,
350224305,2026-05-11T16:50:12+00:00,Unavailable,,
350224317,2026-05-11T16:50:12+00:00,Unavailable,,
350224328,2026-05-11T16:50:12+00:00,Unavailable,,
350224339,2026-05-11T16:50:12+00:00,Unavailable,,
350224350,2026-05-11T16:50:12+00:00,Unavailable,,
350224361,2026-05-11T16:50:12+00:00,Unavailable,,
350224372,2026-05-11T16:50:12+00:00,Unavailable,,
350224386,2026-05-11T16:50:12+00:00,Unavailable,,
350224401,2026-05-11T16:50:12+00:00,Unavailable,,
350224416,2026-05-11T16:50:12+00:00,Unavailable,,
350224433,2026-05-11T16:50:12+00:00,Unavailable,,
350224444,2026-05-11T16:50:12+00:00,Unavailable,,
350224455,2026-05-11T16:50:12+00:00,Unavailable,,
350224466,2026-05-11T16:50:12+00:00,Unavailable,,
350224477,2026-05-11T16:50:12+00:00,Unavailable,,
350224489,2026-05-11T16:50:12+00:00,Unavailable,,
350224500,2026-05-11T16:50:12+00:00,Unavailable,,
350224511,2026-05-11T16:50:12+00:00,Unavailable,,
350224522,2026-05-11T16:50:12+00:00,Unavailable,,
350224533,2026-05-11T16:50:12+00:00,Unavailable,,
350224544,2026-05-11T16:50:12+00:00,Unavailable,,
350224555,2026-05-11T16:50:12+00:00,Unavailable,,
350224566,2026-05-11T16:50:12+00:00,Unavailable,,
350224577,2026-05-11T16:50:12+00:00,Unavailable,,
350224588,2026-05-11T16:50:12+00:00,Unavailable,,
350224599,2026-05-11T16:50:12+00:00,Unavailable,,
350224612,2026-05-11T16:50:12+00:00,Unavailable,,
350224623,2026-05-11T16:50:12+00:00,Unavailable,,
350224634,2026-05-11T16:50:12+00:00,Unavailable,,
350224645,2026-05-11T16:50:12+00:00,Unavailable,,
350224658,2026-05-11T16:50:12+00:00,Unavailable,,
350224669,2026-05-11T16:50:12+00:00,Unavailable,,
350224680,2026-05-11T16:50:12+00:00,Unavailable,,
350224692,2026-05-11T16:50:12+00:00,Unavailable,,
350224703,2026-05-11T16:50:12+00:00,Unavailable,,
350224714,2026-05-11T16:50:12+00:00,Unavailable,,
350224725,2026-05-11T16:50:12+00:00,Unavailable,,
350224738,2026-05-11T16:50:12+00:00,Unavailable,,
350224749,2026-05-11T16:50:12+00:00,Unavailable,,
350224760,2026-05-11T16:50:12+00:00,Unavailable,,
350224771,2026-05-11T16:50:12+00:00,Unavailable,,
350224782,2026-05-11T16:50:12+00:00,Unavailable,,
350224793,2026-05-11T16:50:12+00:00,Unavailable,,
350224804,2026-05-11T16:50:12+00:00,Unavailable,,
350224815,2026-05-11T16:50:12+00:00,Unavailable,,
350224826,2026-05-11T16:50:12+00:00,Unavailable,,
350224837,2026-05-11T16:50:12+00:00,Unavailable,,
350224848,2026-05-11T16:50:12+00:00,Unavailable,,
350224859,2026-05-11T16:50:12+00:00,Unavailable,,
350224873,2026-05-11T16:50:12+00:00,Unavailable,,
350224887,2026-05-11T16:50:12+00:00,Unavailable,,
350224901,2026-05-11T16:50:12+00:00,Unavailable,,
350224915,2026-05-11T16:50:12+00:00,Unavailable,,
350224929,2026-05-11T16:50:12+00:00,Unavailable,,
350224940,2026-05-11T16:50:12+00:00,Unavailable,,
350224951,2026-05-11T16:50:12+00:00,Unavailable,,
350224962,2026-05-11T16:50:12+00:00,Unavailable,,
350224973,2026-05-11T16:50:12+00:00,Unavailable,,
350224985,2026-05-11T16:50:12+00:00,Unavailable,,
350224996,2026-05-11T16:50:12+00:00,Unavailable,,
350225008,2026-05-11T16:50:12+00:00,Unavailable,,
350225019,2026-05-11T16:50:12+00:00,Unavailable,,
350225030,2026-05-11T16:50:12+00:00,Unavailable,,
350225041,2026-05-11T16:50:12+00:00,Unavailable,,
350225053,2026-05-11T16:50:12+00:00,Unavailable,,
350225064,2026-05-11T16:50:12+00:00,Unavailable,,
350225075,2026-05-11T16:50:12+00:00,Unavailable,,
350225086,2026-05-11T16:50:12+00:00,Unavailable,,
350225097,2026-05-11T16:50:12+00:00,Unavailable,,
350225108,2026-05-11T16:50:12+00:00,Unavailable,,
350225119,2026-05-11T16:50:12+00:00,Unavailable,,
350225130,2026-05-11T16:50:12+00:00,Unavailable,,
350225141,2026-05-11T16:50:12+00:00,Unavailable,,
350225163,2026-05-11T16:50:12+00:00,Unavailable,,
350225174,2026-05-11T16:50:12+00:00,Unavailable,,
350225185,2026-05-11T16:50:12+00:00,Unavailable,,
350225196,2026-05-11T16:50:12+00:00,Unavailable,,
350225207,2026-05-11T16:50:12+00:00,Unavailable,,
350225218,2026-05-11T16:50:12+00:00,Unavailable,,
350225229,2026-05-11T16:50:12+00:00,Unavailable,,
350225240,2026-05-11T16:50:12+00:00,Unavailable,,
350225251,2026-05-11T16:50:12+00:00,Unavailable,,
350225262,2026-05-11T16:50:12+00:00,Unavailable,,
350225273,2026-05-11T16:50:12+00:00,Unavailable,,
350225285,2026-05-11T16:50:12+00:00,Unavailable,,
350225296,2026-05-11T16:50:12+00:00,Unavailable,,
350225307,2026-05-11T16:50:12+00:00,Unavailable,,
350225318,2026-05-11T16:50:12+00:00,Unavailable,,
350225329,2026-05-11T16:50:12+00:00,Unavailable,,
350225341,2026-05-11T16:50:12+00:00,Unavailable,,
350225352,2026-05-11T16:50:12+00:00,Unavailable,,
350225363,2026-05-11T16:50:12+00:00,Unavailable,,
350225375,2026-05-11T16:50:12+00:00,Unavailable,,
350225387,2026-05-11T16:50:12+00:00,Unavailable,,
350225401,2026-05-11T16:50:12+00:00,Unavailable,,
350225415,2026-05-11T16:50:12+00:00,Unavailable,,
350225429,2026-05-11T16:50:12+00:00,Unavailable,,
350225443,2026-05-11T16:50:12+00:00,Unavailable,,
350225457,2026-05-11T16:50:12+00:00,Unavailable,,
350225471,2026-05-11T16:50:12+00:00,Unavailable,,
350225485,2026-05-11T16:50:12+00:00,Unavailable,,
350225496,2026-05-11T16:50:12+00:00,Unavailable,,
350225507,2026-05-11T16:50:12+00:00,Unavailable,,
350225518,2026-05-11T16:50:12+00:00,Unavailable,,
350225529,2026-05-11T16:50:12+00:00,Unavailable,,
350225540,2026-05-11T16:50:12+00:00,Unavailable,,
350225551,2026-05-11T16:50:12+00:00,Unavailable,,
350225562,2026-05-11T16:50:12+00:00,Unavailable,,
350225573,2026-05-11T16:50:12+00:00,Unavailable,,
350225584,2026-05-11T16:50:12+00:00,Unavailable,,
350225596,2026-05-11T16:50:12+00:00,Unavailable,,
350225607,2026-05-11T16:50:12+00:00,Unavailable,,
350225618,2026-05-11T16:50:12+00:00,Unavailable,,
350225629,2026-05-11T16:50:12+00:00,Unavailable,,
350225640,2026-05-11T16:50:12+00:00,Unavailable,,
350225651,2026-05-11T16:50:12+00:00,Unavailable,,
350225663,2026-05-11T16:50:12+00:00,Unavailable,,
350225674,2026-05-11T16:50:12+00:00,Unavailable,,
350225688,2026-05-11T16:50:12+00:00,Unavailable,,
350225702,2026-05-11T16:50:12+00:00,Unavailable,,
350225716,2026-05-11T16:50:12+00:00,Unavailable,,
350225730,2026-05-11T16:50:12+00:00,Unavailable,,
350225744,2026-05-11T16:50:12+00:00,Unavailable,,
350225758,2026-05-11T16:50:12+00:00,Unavailable,,
350225786,2026-05-11T16:50:12+00:00,Unavailable,,
350225814,2026-05-11T16:50:12+00:00,Unavailable,,
350225825,2026-05-11T16:50:12+00:00,Unavailable,,
350225836,2026-05-11T16:50:12+00:00,Unavailable,,
350225847,2026-05-11T16:50:12+00:00,Unavailable,,
350225858,2026-05-11T16:50:12+00:00,Unavailable,,
350225869,2026-05-11T16:50:12+00:00,Unavailable,,
350225880,2026-05-11T16:50:12+00:00,Unavailable,,
350225891,2026-05-11T16:50:12+00:00,Unavailable,,
350225902,2026-05-11T16:50:12+00:00,Unavailable,,
350225913,2026-05-11T16:50:12+00:00,Unavailable,,
350225924,2026-05-11T16:50:12+00:00,Unavailable,,
350225935,2026-05-11T16:50:12+00:00,Unavailable,,
350225946,2026-05-11T16:50:12+00:00,Unavailable,,
350225957,2026-05-11T16:50:12+00:00,Unavailable,,
350225968,2026-05-11T16:50:12+00:00,Unavailable,,
350225981,2026-05-11T16:50:12+00:00,Unavailable,,
350225993,2026-05-11T16:50:12+00:00,Unavailable,,
350226004,2026-05-11T16:50:12+00:00,Unavailable,,
350226015,2026-05-11T16:50:12+00:00,Unavailable,,
350226026,2026-05-11T16:50:12+00:00,Unavailable,,
350226037,2026-05-11T16:50:12+00:00,Unavailable,,
350226048,2026-05-11T16:50:12+00:00,Unavailable,,
350226059,2026-05-11T16:50:12+00:00,Unavailable,,
350226070,2026-05-11T16:50:12+00:00,Unavailable,,
350280176,2026-05-11T16:50:12+00:00,Unavailable,,
350280422,2026-05-11T16:50:12+00:00,Unavailable,,
350280510,2026-05-11T16:50:12+00:00,Unavailable,,
350280525,2026-05-11T16:50:12+00:00,Unavailable,,
350280536,2026-05-11T16:50:12+00:00,Unavailable,,
350288650,2026-05-11T16:50:12+00:00,Unavailable,,
350288664,2026-05-11T16:50:12+00:00,Unavailable,,
350288680,2026-05-11T16:50:12+00:00,Unavailable,,
350288691,2026-05-11T16:50:12+00:00,Unavailable,,
350288702,2026-05-11T16:50:12+00:00,Unavailable,,
350288713,2026-05-11T16:50:12+00:00,Unavailable,,
350288724,2026-05-11T16:50:12+00:00,Unavailable,,
350288737,2026-05-11T16:50:12+00:00,Unavailable,,
350288748,2026-05-11T16:50:12+00:00,Unavailable,,
350288759,2026-05-11T16:50:12+00:00,Unavailable,,
350288770,2026-05-11T16:50:12+00:00,Unavailable,,
350288781,2026-05-11T16:50:12+00:00,Unavailable,,
350288792,2026-05-11T16:50:12+00:00,Unavailable,,
350288804,2026-05-11T16:50:12+00:00,Unavailable,,
350288815,2026-05-11T16:50:12+00:00,Unavailable,,
350288826,2026-05-11T16:50:12+00:00,Unavailable,,
350288837,2026-05-11T16:50:12+00:00,Unavailable,,
350288848,2026-05-11T16:50:12+00:00,Unavailable,,
350288859,2026-05-11T16:50:12+00:00,Unavailable,,
350288870,2026-05-11T16:50:12+00:00,Unavailable,,
350288881,2026-05-11T16:50:12+00:00,Unavailable,,
350288892,2026-05-11T16:50:12+00:00,Unavailable,,
350288903,2026-05-11T16:50:12+00:00,Unavailable,,
350288914,2026-05-11T16:50:12+00:00,Unavailable,,
350288925,2026-05-11T16:50:12+00:00,Unavailable,,
350288937,2026-05-11T16:50:12+00:00,Unavailable,,
350288948,2026-05-11T16:50:12+00:00,Unavailable,,
350288959,2026-05-11T16:50:12+00:00,Unavailable,,
350288970,2026-05-11T16:50:12+00:00,Unavailable,,
350288981,2026-05-11T16:50:12+00:00,Unavailable,,
350288992,2026-05-11T16:50:12+00:00,Unavailable,,
350289003,2026-05-11T16:50:12+00:00,Unavailable,,
350289014,2026-05-11T16:50:12+00:00,Unavailable,,
350289048,2026-05-11T16:50:12+00:00,Unavailable,,
350289060,2026-05-11T16:50:12+00:00,Unavailable,,
350289071,2026-05-11T16:50:12+00:00,Unavailable,,
350289082,2026-05-11T16:50:12+00:00,Unavailable,,
350289093,2026-05-11T16:50:12+00:00,Unavailable,,
350289104,2026-05-11T16:50:12+00:00,Unavailable,,
350289115,2026-05-11T16:50:12+00:00,Unavailable,,
350289126,2026-05-11T16:50:12+00:00,Unavailable,,
350289137,2026-05-11T16:50:12+00:00,Unavailable,,
350289148,2026-05-11T16:50:12+00:00,Unavailable,,
350289159,2026-05-11T16:50:12+00:00,Unavailable,,
350289170,2026-05-11T16:50:12+00:00,Unavailable,,
350289181,2026-05-11T16:50:12+00:00,Unavailable,,
350289192,2026-05-11T16:50:12+00:00,Unavailable,,
350289203,2026-05-11T16:50:12+00:00,Unavailable,,
350289214,2026-05-11T16:50:12+00:00,Unavailable,,
350289226,2026-05-11T16:50:12+00:00,Unavailable,,
350289237,2026-05-11T16:50:12+00:00,Unavailable,,
350289248,2026-05-11T16:50:12+00:00,Unavailable,,
350289260,2026-05-11T16:50:12+00:00,Unavailable,,
350289271,2026-05-11T16:50:12+00:00,Unavailable,,
350289282,2026-05-11T16:50:12+00:00,Unavailable,,
350289293,2026-05-11T16:50:12+00:00,Unavailable,,
350289304,2026-05-11T16:50:12+00:00,Unavailable,,
350289315,2026-05-11T16:50:12+00:00,Unavailable,,
350289326,2026-05-11T16:50:12+00:00,Unavailable,,
350289337,2026-05-11T16:50:12+00:00,Unavailable,,
350289348,2026-05-11T16:50:12+00:00,Unavailable,,
350289359,2026-05-11T16:50:12+00:00,Unavailable,,
350289370,2026-05-11T16:50:12+00:00,Unavailable,,
350289381,2026-05-11T16:50:12+00:00,Unavailable,,
350289392,2026-05-11T16:50:12+00:00,Unavailable,,
350289404,2026-05-11T16:50:12+00:00,Unavailable,,
351070164,2026-05-11T16:50:12+00:00,Unavailable,,
351073176,2026-05-11T16:50:12+00:00,Unavailable,,
353250216,2026-05-11T16:50:12+00:00,Unavailable,,
364658017,2026-05-11T16:50:12+00:00,Unavailable,,
350216376,2026-05-11T17:20:57+00:00,Unavailable,,
350216387,2026-05-11T17:20:57+00:00,Unavailable,,
350216398,2026-05-11T17:20:57+00:00,Unavailable,,
350216409,2026-05-11T17:20:57+00:00,Unavailable,,
350216431,2026-05-11T17:20:57+00:00,Unavailable,,
350216442,2026-05-11T17:20:57+00:00,Unavailable,,
350216453,2026-05-11T17:20:57+00:00,Unavailable,,
350216465,2026-05-11T17:20:57+00:00,Unavailable,,
350216476,2026-05-11T17:20:57+00:00,Unavailable,,
350216487,2026-05-11T17:20:57+00:00,Unavailable,,
350216498,2026-05-11T17:20:57+00:00,Unavailable,,
350216509,2026-05-11T17:20:57+00:00,Unavailable,,
350216520,2026-05-11T17:20:57+00:00,Unavailable,,
350216542,2026-05-11T17:20:57+00:00,Unavailable,,
350216553,2026-05-11T17:20:57+00:00,Unavailable,,
350216564,2026-05-11T17:20:57+00:00,Unavailable,,
350216575,2026-05-11T17:20:57+00:00,Unavailable,,
350216586,2026-05-11T17:20:57+00:00,Unavailable,,
350216597,2026-05-11T17:20:57+00:00,Unavailable,,
350216608,2026-05-11T17:20:57+00:00,Unavailable,,
350216619,2026-05-11T17:20:57+00:00,Unavailable,,
350216630,2026-05-11T17:20:57+00:00,Unavailable,,
350216652,2026-05-11T17:20:57+00:00,Unavailable,,
350216663,2026-05-11T17:20:57+00:00,Unavailable,,
350216674,2026-05-11T17:20:57+00:00,Unavailable,,
350216685,2026-05-11T17:20:57+00:00,Unavailable,,
350216696,2026-05-11T17:20:57+00:00,Unavailable,,
350216707,2026-05-11T17:20:57+00:00,Unavailable,,
350216718,2026-05-11T17:20:57+00:00,Unavailable,,
350216729,2026-05-11T17:20:57+00:00,Unavailable,,
350216740,2026-05-11T17:20:57+00:00,Unavailable,,
350216751,2026-05-11T17:20:57+00:00,Unavailable,,
350216762,2026-05-11T17:20:57+00:00,Unavailable,,
350216773,2026-05-11T17:20:57+00:00,Unavailable,,
350216784,2026-05-11T17:20:57+00:00,Unavailable,,
350216795,2026-05-11T17:20:57+00:00,Unavailable,,
350216806,2026-05-11T17:20:57+00:00,Unavailable,,
350216817,2026-05-11T17:20:57+00:00,Unavailable,,
350216828,2026-05-11T17:20:57+00:00,Unavailable,,
350216839,2026-05-11T17:20:57+00:00,Unavailable,,
350216850,2026-05-11T17:20:57+00:00,Unavailable,,
350216861,2026-05-11T17:20:57+00:00,Unavailable,,
350216872,2026-05-11T17:20:57+00:00,Unavailable,,
350216884,2026-05-11T17:20:57+00:00,Unavailable,,
350216895,2026-05-11T17:20:57+00:00,Unavailable,,
350216906,2026-05-11T17:20:57+00:00,Unavailable,,
350216917,2026-05-11T17:20:57+00:00,Unavailable,,
350216928,2026-05-11T17:20:57+00:00,Unavailable,,
350216939,2026-05-11T17:20:57+00:00,Unavailable,,
350216950,2026-05-11T17:20:57+00:00,Unavailable,,
350216961,2026-05-11T17:20:57+00:00,Unavailable,,
350216972,2026-05-11T17:20:57+00:00,Unavailable,,
350216994,2026-05-11T17:20:57+00:00,Unavailable,,
350217005,2026-05-11T17:20:57+00:00,Unavailable,,
350217016,2026-05-11T17:20:57+00:00,Unavailable,,
350217027,2026-05-11T17:20:57+00:00,Unavailable,,
350217049,2026-05-11T17:20:57+00:00,Unavailable,,
350217071,2026-05-11T17:20:57+00:00,Unavailable,,
350217083,2026-05-11T17:20:57+00:00,Unavailable,,
350217105,2026-05-11T17:20:57+00:00,Unavailable,,
350217117,2026-05-11T17:20:57+00:00,Unavailable,,
350217128,2026-05-11T17:20:57+00:00,Unavailable,,
350217150,2026-05-11T17:20:57+00:00,Unavailable,,
350217162,2026-05-11T17:20:57+00:00,Unavailable,,
350217174,2026-05-11T17:20:57+00:00,Unavailable,,
350217185,2026-05-11T17:20:57+00:00,Unavailable,,
350217207,2026-05-11T17:20:57+00:00,Unavailable,,
350217218,2026-05-11T17:20:57+00:00,Unavailable,,
350217240,2026-05-11T17:20:57+00:00,Unavailable,,
350217251,2026-05-11T17:20:57+00:00,Unavailable,,
350217262,2026-05-11T17:20:57+00:00,Unavailable,,
350217273,2026-05-11T17:20:57+00:00,Unavailable,,
350217284,2026-05-11T17:20:57+00:00,Unavailable,,
350217295,2026-05-11T17:20:57+00:00,Unavailable,,
350217306,2026-05-11T17:20:57+00:00,Unavailable,,
350217317,2026-05-11T17:20:57+00:00,Unavailable,,
350217339,2026-05-11T17:20:57+00:00,Unavailable,,
350217353,2026-05-11T17:20:57+00:00,Unavailable,,
350217366,2026-05-11T17:20:57+00:00,Unavailable,,
350217379,2026-05-11T17:20:57+00:00,Unavailable,,
350217393,2026-05-11T17:20:57+00:00,Unavailable,,
350217404,2026-05-11T17:20:57+00:00,Unavailable,,
350217415,2026-05-11T17:20:57+00:00,Unavailable,,
350217426,2026-05-11T17:20:57+00:00,Unavailable,,
350217437,2026-05-11T17:20:57+00:00,Unavailable,,
350217448,2026-05-11T17:20:57+00:00,Unavailable,,
350732033,2026-05-11T17:20:57+00:00,Unavailable,,
350739304,2026-05-11T17:20:57+00:00,Unavailable,,
350740400,2026-05-11T17:20:57+00:00,Unavailable,,
350740938,2026-05-11T17:20:57+00:00,Unavailable,,
350741533,2026-05-11T17:20:57+00:00,Unavailable,,
350741599,2026-05-11T17:20:57+00:00,Unavailable,,
364675943,2026-05-11T17:20:57+00:00,Unavailable,,
364677421,2026-05-11T17:20:57+00:00,Unavailable,,
364677693,2026-05-11T17:20:57+00:00,Unavailable,,
364678079,2026-05-11T17:20:57+00:00,Unavailable,,
350200801,2026-05-11T17:21:01+00:00,Unavailable,,
350200813,2026-05-11T17:21:01+00:00,Unavailable,,
350200824,2026-05-11T17:21:01+00:00,Unavailable,,
350200836,2026-05-11T17:21:01+00:00,Unavailable,,
350200847,2026-05-11T17:21:01+00:00,Unavailable,,
350200858,2026-05-11T17:21:01+00:00,Unavailable,,
350200869,2026-05-11T17:21:01+00:00,Unavailable,,
350200880,2026-05-11T17:21:01+00:00,Unavailable,,
350200891,2026-05-11T17:21:01+00:00,Unavailable,,
350200902,2026-05-11T17:21:01+00:00,Unavailable,,
350200913,2026-05-11T17:21:01+00:00,Unavailable,,
350200924,2026-05-11T17:21:01+00:00,Unavailable,,
350200935,2026-05-11T17:21:01+00:00,Unavailable,,
350200946,2026-05-11T17:21:01+00:00,Unavailable,,
350200957,2026-05-11T17:21:01+00:00,Unavailable,,
350200968,2026-05-11T17:21:01+00:00,Unavailable,,
350200979,2026-05-11T17:21:01+00:00,Unavailable,,
350200990,2026-05-11T17:21:01+00:00,Unavailable,,
350201001,2026-05-11T17:21:01+00:00,Unavailable,,
350201012,2026-05-11T17:21:01+00:00,Unavailable,,
350201023,2026-05-11T17:21:01+00:00,Unavailable,,
350201034,2026-05-11T17:21:01+00:00,Unavailable,,
350201045,2026-05-11T17:21:01+00:00,Unavailable,,
350201058,2026-05-11T17:21:01+00:00,Unavailable,,
350201069,2026-05-11T17:21:01+00:00,Unavailable,,
350201080,2026-05-11T17:21:01+00:00,Unavailable,,
350201091,2026-05-11T17:21:01+00:00,Unavailable,,
350201102,2026-05-11T17:21:01+00:00,Unavailable,,
350201113,2026-05-11T17:21:01+00:00,Unavailable,,
350201124,2026-05-11T17:21:01+00:00,Unavailable,,
350201135,2026-05-11T17:21:01+00:00,Unavailable,,
350201146,2026-05-11T17:21:01+00:00,Unavailable,,
350201157,2026-05-11T17:21:01+00:00,Unavailable,,
350201170,2026-05-11T17:21:01+00:00,Unavailable,,
350201182,2026-05-11T17:21:01+00:00,Unavailable,,
350201193,2026-05-11T17:21:01+00:00,Unavailable,,
350201205,2026-05-11T17:21:01+00:00,Unavailable,,
350201216,2026-05-11T17:21:01+00:00,Unavailable,,
350201227,2026-05-11T17:21:01+00:00,Unavailable,,
350201238,2026-05-11T17:21:01+00:00,Unavailable,,
350201249,2026-05-11T17:21:01+00:00,Unavailable,,
350201260,2026-05-11T17:21:01+00:00,Unavailable,,
350201271,2026-05-11T17:21:01+00:00,Unavailable,,
350201283,2026-05-11T17:21:01+00:00,Unavailable,,
350201294,2026-05-11T17:21:01+00:00,Unavailable,,
350201305,2026-05-11T17:21:01+00:00,Unavailable,,
350201316,2026-05-11T17:21:01+00:00,Unavailable,,
350201327,2026-05-11T17:21:01+00:00,Unavailable,,
350201338,2026-05-11T17:21:01+00:00,Unavailable,,
350201349,2026-05-11T17:21:01+00:00,Unavailable,,
350201360,2026-05-11T17:21:01+00:00,Unavailable,,
350201371,2026-05-11T17:21:01+00:00,Unavailable,,
350201382,2026-05-11T17:21:01+00:00,Unavailable,,
350201393,2026-05-11T17:21:01+00:00,Unavailable,,
350201404,2026-05-11T17:21:01+00:00,Unavailable,,
350201415,2026-05-11T17:21:01+00:00,Unavailable,,
350201426,2026-05-11T17:21:01+00:00,Unavailable,,
350201437,2026-05-11T17:21:01+00:00,Unavailable,,
350201448,2026-05-11T17:21:01+00:00,Unavailable,,
350201459,2026-05-11T17:21:01+00:00,Unavailable,,
350201470,2026-05-11T17:21:01+00:00,Unavailable,,
350201481,2026-05-11T17:21:01+00:00,Unavailable,,
350201492,2026-05-11T17:21:01+00:00,Unavailable,,
350201503,2026-05-11T17:21:01+00:00,Unavailable,,
350201514,2026-05-11T17:21:01+00:00,Unavailable,,
350201525,2026-05-11T17:21:01+00:00,Unavailable,,
350201536,2026-05-11T17:21:01+00:00,Unavailable,,
350201547,2026-05-11T17:21:01+00:00,Unavailable,,
350201558,2026-05-11T17:21:01+00:00,Unavailable,,
350201569,2026-05-11T17:21:01+00:00,Unavailable,,
350201580,2026-05-11T17:21:01+00:00,Unavailable,,
350201591,2026-05-11T17:21:01+00:00,Unavailable,,
350201602,2026-05-11T17:21:01+00:00,Unavailable,,
350201613,2026-05-11T17:21:01+00:00,Unavailable,,
350201624,2026-05-11T17:21:01+00:00,Unavailable,,
350201635,2026-05-11T17:21:01+00:00,Unavailable,,
350201646,2026-05-11T17:21:01+00:00,Unavailable,,
350201657,2026-05-11T17:21:01+00:00,Unavailable,,
350201668,2026-05-11T17:21:01+00:00,Unavailable,,
350201679,2026-05-11T17:21:01+00:00,Unavailable,,
350201690,2026-05-11T17:21:01+00:00,Unavailable,,
350201701,2026-05-11T17:21:01+00:00,Unavailable,,
350201712,2026-05-11T17:21:01+00:00,Unavailable,,
350201723,2026-05-11T17:21:01+00:00,Unavailable,,
350201735,2026-05-11T17:21:01+00:00,Unavailable,,
350201746,2026-05-11T17:21:01+00:00,Unavailable,,
350201757,2026-05-11T17:21:01+00:00,Unavailable,,
350201768,2026-05-11T17:21:01+00:00,Unavailable,,
350201779,2026-05-11T17:21:01+00:00,Unavailable,,
350201790,2026-05-11T17:21:01+00:00,Unavailable,,
350201801,2026-05-11T17:21:01+00:00,Unavailable,,
350201812,2026-05-11T17:21:01+00:00,Unavailable,,
350201823,2026-05-11T17:21:01+00:00,Unavailable,,
350201834,2026-05-11T17:21:01+00:00,Unavailable,,
350201845,2026-05-11T17:21:01+00:00,Unavailable,,
350201856,2026-05-11T17:21:01+00:00,Unavailable,,
350201867,2026-05-11T17:21:01+00:00,Unavailable,,
350201879,2026-05-11T17:21:01+00:00,Unavailable,,
350201890,2026-05-11T17:21:01+00:00,Unavailable,,
350201901,2026-05-11T17:21:01+00:00,Unavailable,,
350201912,2026-05-11T17:21:01+00:00,Unavailable,,
350201924,2026-05-11T17:21:01+00:00,Unavailable,,
350201935,2026-05-11T17:21:01+00:00,Unavailable,,
350201947,2026-05-11T17:21:01+00:00,Unavailable,,
350201958,2026-05-11T17:21:01+00:00,Unavailable,,
350201969,2026-05-11T17:21:01+00:00,Unavailable,,
350201980,2026-05-11T17:21:01+00:00,Unavailable,,
350201991,2026-05-11T17:21:01+00:00,Unavailable,,
350202003,2026-05-11T17:21:01+00:00,Unavailable,,
350202018,2026-05-11T17:21:01+00:00,Unavailable,,
350202032,2026-05-11T17:21:01+00:00,Unavailable,,
350202045,2026-05-11T17:21:01+00:00,Unavailable,,
350202056,2026-05-11T17:21:01+00:00,Unavailable,,
350202069,2026-05-11T17:21:01+00:00,Unavailable,,
350202080,2026-05-11T17:21:01+00:00,Unavailable,,
350202091,2026-05-11T17:21:01+00:00,Unavailable,,
350202102,2026-05-11T17:21:01+00:00,Unavailable,,
350202113,2026-05-11T17:21:01+00:00,Unavailable,,
350202124,2026-05-11T17:21:01+00:00,Unavailable,,
350202135,2026-05-11T17:21:01+00:00,Unavailable,,
350202146,2026-05-11T17:21:01+00:00,Unavailable,,
350202157,2026-05-11T17:21:01+00:00,Unavailable,,
350202168,2026-05-11T17:21:01+00:00,Unavailable,,
350202180,2026-05-11T17:21:01+00:00,Unavailable,,
350202191,2026-05-11T17:21:01+00:00,Unavailable,,
350202202,2026-05-11T17:21:01+00:00,Unavailable,,
350202213,2026-05-11T17:21:01+00:00,Unavailable,,
350202224,2026-05-11T17:21:01+00:00,Unavailable,,
350202235,2026-05-11T17:21:01+00:00,Unavailable,,
350202246,2026-05-11T17:21:01+00:00,Unavailable,,
350202257,2026-05-11T17:21:01+00:00,Unavailable,,
350202268,2026-05-11T17:21:01+00:00,Unavailable,,
350202279,2026-05-11T17:21:01+00:00,Unavailable,,
350202290,2026-05-11T17:21:01+00:00,Unavailable,,
350202301,2026-05-11T17:21:01+00:00,Unavailable,,
350202312,2026-05-11T17:21:01+00:00,Unavailable,,
350202323,2026-05-11T17:21:01+00:00,Unavailable,,
350202334,2026-05-11T17:21:01+00:00,Unavailable,,
350202347,2026-05-11T17:21:01+00:00,Unavailable,,
350202361,2026-05-11T17:21:01+00:00,Unavailable,,
350202372,2026-05-11T17:21:01+00:00,Unavailable,,
350202383,2026-05-11T17:21:01+00:00,Unavailable,,
350202394,2026-05-11T17:21:01+00:00,Unavailable,,
350202406,2026-05-11T17:21:01+00:00,Unavailable,,
350202417,2026-05-11T17:21:01+00:00,Unavailable,,
350202429,2026-05-11T17:21:01+00:00,Unavailable,,
350202440,2026-05-11T17:21:01+00:00,Unavailable,,
350202451,2026-05-11T17:21:01+00:00,Unavailable,,
350202462,2026-05-11T17:21:01+00:00,Unavailable,,
350202473,2026-05-11T17:21:01+00:00,Unavailable,,
350202484,2026-05-11T17:21:01+00:00,Unavailable,,
350202495,2026-05-11T17:21:01+00:00,Unavailable,,
350202506,2026-05-11T17:21:01+00:00,Unavailable,,
350202517,2026-05-11T17:21:01+00:00,Unavailable,,
350202528,2026-05-11T17:21:01+00:00,Unavailable,,
350202539,2026-05-11T17:21:01+00:00,Unavailable,,
350202551,2026-05-11T17:21:01+00:00,Unavailable,,
350202562,2026-05-11T17:21:01+00:00,Unavailable,,
350202573,2026-05-11T17:21:01+00:00,Unavailable,,
350202584,2026-05-11T17:21:01+00:00,Unavailable,,
350202595,2026-05-11T17:21:01+00:00,Unavailable,,
350202607,2026-05-11T17:21:01+00:00,Unavailable,,
350202618,2026-05-11T17:21:01+00:00,Unavailable,,
350202631,2026-05-11T17:21:01+00:00,Unavailable,,
350202642,2026-05-11T17:21:01+00:00,Unavailable,,
350202654,2026-05-11T17:21:01+00:00,Unavailable,,
350202665,2026-05-11T17:21:01+00:00,Unavailable,,
350202676,2026-05-11T17:21:01+00:00,Unavailable,,
350202687,2026-05-11T17:21:01+00:00,Unavailable,,
350202698,2026-05-11T17:21:01+00:00,Unavailable,,
350202709,2026-05-11T17:21:01+00:00,Unavailable,,
350202720,2026-05-11T17:21:01+00:00,Unavailable,,
350202731,2026-05-11T17:21:01+00:00,Unavailable,,
350202742,2026-05-11T17:21:01+00:00,Unavailable,,
350202753,2026-05-11T17:21:01+00:00,Unavailable,,
350202764,2026-05-11T17:21:01+00:00,Unavailable,,
350202775,2026-05-11T17:21:01+00:00,Unavailable,,
350202786,2026-05-11T17:21:01+00:00,Unavailable,,
350202797,2026-05-11T17:21:01+00:00,Unavailable,,
350202808,2026-05-11T17:21:01+00:00,Unavailable,,
350202819,2026-05-11T17:21:01+00:00,Unavailable,,
350202830,2026-05-11T17:21:01+00:00,Unavailable,,
350202841,2026-05-11T17:21:01+00:00,Unavailable,,
350202852,2026-05-11T17:21:01+00:00,Unavailable,,
350202863,2026-05-11T17:21:01+00:00,Unavailable,,
350202874,2026-05-11T17:21:01+00:00,Unavailable,,
350202885,2026-05-11T17:21:01+00:00,Unavailable,,
350202896,2026-05-11T17:21:01+00:00,Unavailable,,
350202908,2026-05-11T17:21:01+00:00,Unavailable,,
350202919,2026-05-11T17:21:01+00:00,Unavailable,,
350202930,2026-05-11T17:21:01+00:00,Unavailable,,
350202941,2026-05-11T17:21:01+00:00,Unavailable,,
350202952,2026-05-11T17:21:01+00:00,Unavailable,,
350202963,2026-05-11T17:21:01+00:00,Unavailable,,
350202974,2026-05-11T17:21:01+00:00,Unavailable,,
350202985,2026-05-11T17:21:01+00:00,Unavailable,,
350202996,2026-05-11T17:21:01+00:00,Unavailable,,
350203007,2026-05-11T17:21:01+00:00,Unavailable,,
350203018,2026-05-11T17:21:01+00:00,Unavailable,,
350203029,2026-05-11T17:21:01+00:00,Unavailable,,
350203040,2026-05-11T17:21:01+00:00,Unavailable,,
350203051,2026-05-11T17:21:01+00:00,Unavailable,,
350203062,2026-05-11T17:21:01+00:00,Unavailable,,
350203073,2026-05-11T17:21:01+00:00,Unavailable,,
350203084,2026-05-11T17:21:01+00:00,Unavailable,,
350203095,2026-05-11T17:21:01+00:00,Unavailable,,
350203106,2026-05-11T17:21:01+00:00,Unavailable,,
350203117,2026-05-11T17:21:01+00:00,Unavailable,,
350203128,2026-05-11T17:21:01+00:00,Unavailable,,
350203139,2026-05-11T17:21:01+00:00,Unavailable,,
350203150,2026-05-11T17:21:01+00:00,Unavailable,,
350203162,2026-05-11T17:21:01+00:00,Unavailable,,
350203173,2026-05-11T17:21:01+00:00,Unavailable,,
350203184,2026-05-11T17:21:01+00:00,Unavailable,,
350203195,2026-05-11T17:21:01+00:00,Unavailable,,
350203206,2026-05-11T17:21:01+00:00,Unavailable,,
350203217,2026-05-11T17:21:01+00:00,Unavailable,,
350203228,2026-05-11T17:21:01+00:00,Unavailable,,
350203239,2026-05-11T17:21:01+00:00,Unavailable,,
350203250,2026-05-11T17:21:01+00:00,Unavailable,,
350203261,2026-05-11T17:21:01+00:00,Unavailable,,
350203272,2026-05-11T17:21:01+00:00,Unavailable,,
350203283,2026-05-11T17:21:01+00:00,Unavailable,,
350203294,2026-05-11T17:21:01+00:00,Unavailable,,
350203305,2026-05-11T17:21:01+00:00,Unavailable,,
350203316,2026-05-11T17:21:01+00:00,Unavailable,,
350203327,2026-05-11T17:21:01+00:00,Unavailable,,
350203338,2026-05-11T17:21:01+00:00,Unavailable,,
350203349,2026-05-11T17:21:01+00:00,Unavailable,,
350203360,2026-05-11T17:21:01+00:00,Unavailable,,
350203371,2026-05-11T17:21:01+00:00,Unavailable,,
350203383,2026-05-11T17:21:01+00:00,Unavailable,,
350203394,2026-05-11T17:21:01+00:00,Unavailable,,
350203405,2026-05-11T17:21:01+00:00,Unavailable,,
350203416,2026-05-11T17:21:01+00:00,Unavailable,,
350203427,2026-05-11T17:21:01+00:00,Unavailable,,
350203438,2026-05-11T17:21:01+00:00,Unavailable,,
350203449,2026-05-11T17:21:01+00:00,Unavailable,,
350203460,2026-05-11T17:21:01+00:00,Unavailable,,
350203472,2026-05-11T17:21:01+00:00,Unavailable,,
350203483,2026-05-11T17:21:01+00:00,Unavailable,,
350203494,2026-05-11T17:21:01+00:00,Unavailable,,
350203505,2026-05-11T17:21:01+00:00,Unavailable,,
350203516,2026-05-11T17:21:01+00:00,Unavailable,,
350203527,2026-05-11T17:21:01+00:00,Unavailable,,
350203538,2026-05-11T17:21:01+00:00,Unavailable,,
350203549,2026-05-11T17:21:01+00:00,Unavailable,,
350203560,2026-05-11T17:21:01+00:00,Unavailable,,
350203571,2026-05-11T17:21:01+00:00,Unavailable,,
350203593,2026-05-11T17:21:01+00:00,Unavailable,,
355173402,2026-05-11T17:21:01+00:00,Unavailable,,
350223957,2026-05-11T17:21:11+00:00,Unavailable,,
350223971,2026-05-11T17:21:11+00:00,Unavailable,,
350223985,2026-05-11T17:21:11+00:00,Unavailable,,
350223999,2026-05-11T17:21:11+00:00,Unavailable,,
350224011,2026-05-11T17:21:11+00:00,Unavailable,,
350224022,2026-05-11T17:21:11+00:00,Unavailable,,
350224033,2026-05-11T17:21:11+00:00,Unavailable,,
350224044,2026-05-11T17:21:11+00:00,Unavailable,,
350224055,2026-05-11T17:21:11+00:00,Unavailable,,
350224066,2026-05-11T17:21:11+00:00,Unavailable,,
350224077,2026-05-11T17:21:11+00:00,Unavailable,,
350224088,2026-05-11T17:21:11+00:00,Unavailable,,
350224102,2026-05-11T17:21:11+00:00,Unavailable,,
350224116,2026-05-11T17:21:11+00:00,Unavailable,,
350224130,2026-05-11T17:21:11+00:00,Unavailable,,
350224144,2026-05-11T17:21:11+00:00,Unavailable,,
350224158,2026-05-11T17:21:11+00:00,Unavailable,,
350224172,2026-05-11T17:21:11+00:00,Unavailable,,
350224186,2026-05-11T17:21:11+00:00,Unavailable,,
350224200,2026-05-11T17:21:11+00:00,Unavailable,,
350224214,2026-05-11T17:21:11+00:00,Unavailable,,
350224228,2026-05-11T17:21:11+00:00,Unavailable,,
350224239,2026-05-11T17:21:11+00:00,Unavailable,,
350224250,2026-05-11T17:21:11+00:00,Unavailable,,
350224261,2026-05-11T17:21:11+00:00,Unavailable,,
350224272,2026-05-11T17:21:11+00:00,Unavailable,,
350224283,2026-05-11T17:21:11+00:00,Unavailable,,
350224294,2026-05-11T17:21:11+00:00,Unavailable,,
350224305,2026-05-11T17:21:11+00:00,Unavailable,,
350224317,2026-05-11T17:21:11+00:00,Unavailable,,
350224328,2026-05-11T17:21:11+00:00,Unavailable,,
350224339,2026-05-11T17:21:11+00:00,Unavailable,,
350224350,2026-05-11T17:21:11+00:00,Unavailable,,
350224361,2026-05-11T17:21:11+00:00,Unavailable,,
350224372,2026-05-11T17:21:11+00:00,Unavailable,,
350224386,2026-05-11T17:21:11+00:00,Unavailable,,
350224401,2026-05-11T17:21:11+00:00,Unavailable,,
350224416,2026-05-11T17:21:11+00:00,Unavailable,,
350224433,2026-05-11T17:21:11+00:00,Unavailable,,
350224444,2026-05-11T17:21:11+00:00,Unavailable,,
350224455,2026-05-11T17:21:11+00:00,Unavailable,,
350224466,2026-05-11T17:21:11+00:00,Unavailable,,
350224477,2026-05-11T17:21:11+00:00,Unavailable,,
350224489,2026-05-11T17:21:11+00:00,Unavailable,,
350224500,2026-05-11T17:21:11+00:00,Unavailable,,
350224511,2026-05-11T17:21:11+00:00,Unavailable,,
350224522,2026-05-11T17:21:11+00:00,Unavailable,,
350224533,2026-05-11T17:21:11+00:00,Unavailable,,
350224544,2026-05-11T17:21:11+00:00,Unavailable,,
350224555,2026-05-11T17:21:11+00:00,Unavailable,,
350224566,2026-05-11T17:21:11+00:00,Unavailable,,
350224577,2026-05-11T17:21:11+00:00,Unavailable,,
350224588,2026-05-11T17:21:11+00:00,Unavailable,,
350224599,2026-05-11T17:21:11+00:00,Unavailable,,
350224612,2026-05-11T17:21:11+00:00,Unavailable,,
350224623,2026-05-11T17:21:11+00:00,Unavailable,,
350224634,2026-05-11T17:21:11+00:00,Unavailable,,
350224645,2026-05-11T17:21:11+00:00,Unavailable,,
350224658,2026-05-11T17:21:11+00:00,Unavailable,,
350224669,2026-05-11T17:21:11+00:00,Unavailable,,
350224680,2026-05-11T17:21:11+00:00,Unavailable,,
350224692,2026-05-11T17:21:11+00:00,Unavailable,,
350224703,2026-05-11T17:21:11+00:00,Unavailable,,
350224714,2026-05-11T17:21:11+00:00,Unavailable,,
350224725,2026-05-11T17:21:11+00:00,Unavailable,,
350224738,2026-05-11T17:21:11+00:00,Unavailable,,
350224749,2026-05-11T17:21:11+00:00,Unavailable,,
350224760,2026-05-11T17:21:11+00:00,Unavailable,,
350224771,2026-05-11T17:21:11+00:00,Unavailable,,
350224782,2026-05-11T17:21:11+00:00,Unavailable,,
350224793,2026-05-11T17:21:11+00:00,Unavailable,,
350224804,2026-05-11T17:21:11+00:00,Unavailable,,
350224815,2026-05-11T17:21:11+00:00,Unavailable,,
350224826,2026-05-11T17:21:11+00:00,Unavailable,,
350224837,2026-05-11T17:21:11+00:00,Unavailable,,
350224848,2026-05-11T17:21:11+00:00,Unavailable,,
350224859,2026-05-11T17:21:11+00:00,Unavailable,,
350224873,2026-05-11T17:21:11+00:00,Unavailable,,
350224887,2026-05-11T17:21:11+00:00,Unavailable,,
350224901,2026-05-11T17:21:11+00:00,Unavailable,,
350224915,2026-05-11T17:21:11+00:00,Unavailable,,
350224929,2026-05-11T17:21:11+00:00,Unavailable,,
350224940,2026-05-11T17:21:11+00:00,Unavailable,,
350224951,2026-05-11T17:21:11+00:00,Unavailable,,
350224962,2026-05-11T17:21:11+00:00,Unavailable,,
350224973,2026-05-11T17:21:11+00:00,Unavailable,,
350224985,2026-05-11T17:21:11+00:00,Unavailable,,
350224996,2026-05-11T17:21:11+00:00,Unavailable,,
350225008,2026-05-11T17:21:11+00:00,Unavailable,,
350225019,2026-05-11T17:21:11+00:00,Unavailable,,
350225030,2026-05-11T17:21:11+00:00,Unavailable,,
350225041,2026-05-11T17:21:11+00:00,Unavailable,,
350225053,2026-05-11T17:21:11+00:00,Unavailable,,
350225064,2026-05-11T17:21:11+00:00,Unavailable,,
350225075,2026-05-11T17:21:11+00:00,Unavailable,,
350225086,2026-05-11T17:21:11+00:00,Unavailable,,
350225097,2026-05-11T17:21:11+00:00,Unavailable,,
350225108,2026-05-11T17:21:11+00:00,Unavailable,,
350225119,2026-05-11T17:21:11+00:00,Unavailable,,
350225130,2026-05-11T17:21:11+00:00,Unavailable,,
350225141,2026-05-11T17:21:11+00:00,Unavailable,,
350225163,2026-05-11T17:21:11+00:00,Unavailable,,
350225174,2026-05-11T17:21:11+00:00,Unavailable,,
350225185,2026-05-11T17:21:11+00:00,Unavailable,,
350225196,2026-05-11T17:21:11+00:00,Unavailable,,
350225207,2026-05-11T17:21:11+00:00,Unavailable,,
350225218,2026-05-11T17:21:11+00:00,Unavailable,,
350225229,2026-05-11T17:21:11+00:00,Unavailable,,
350225240,2026-05-11T17:21:11+00:00,Unavailable,,
350225251,2026-05-11T17:21:11+00:00,Unavailable,,
350225262,2026-05-11T17:21:11+00:00,Unavailable,,
350225273,2026-05-11T17:21:11+00:00,Unavailable,,
350225285,2026-05-11T17:21:11+00:00,Unavailable,,
350225296,2026-05-11T17:21:11+00:00,Unavailable,,
350225307,2026-05-11T17:21:11+00:00,Unavailable,,
350225318,2026-05-11T17:21:11+00:00,Unavailable,,
350225329,2026-05-11T17:21:11+00:00,Unavailable,,
350225341,2026-05-11T17:21:11+00:00,Unavailable,,
350225352,2026-05-11T17:21:11+00:00,Unavailable,,
350225363,2026-05-11T17:21:11+00:00,Unavailable,,
350225375,2026-05-11T17:21:11+00:00,Unavailable,,
350225387,2026-05-11T17:21:11+00:00,Unavailable,,
350225401,2026-05-11T17:21:11+00:00,Unavailable,,
350225415,2026-05-11T17:21:11+00:00,Unavailable,,
350225429,2026-05-11T17:21:11+00:00,Unavailable,,
350225443,2026-05-11T17:21:11+00:00,Unavailable,,
350225457,2026-05-11T17:21:11+00:00,Unavailable,,
350225471,2026-05-11T17:21:11+00:00,Unavailable,,
350225485,2026-05-11T17:21:11+00:00,Unavailable,,
350225496,2026-05-11T17:21:11+00:00,Unavailable,,
350225507,2026-05-11T17:21:11+00:00,Unavailable,,
350225518,2026-05-11T17:21:11+00:00,Unavailable,,
350225529,2026-05-11T17:21:11+00:00,Unavailable,,
350225540,2026-05-11T17:21:11+00:00,Unavailable,,
350225551,2026-05-11T17:21:11+00:00,Unavailable,,
350225562,2026-05-11T17:21:11+00:00,Unavailable,,
350225573,2026-05-11T17:21:11+00:00,Unavailable,,
350225584,2026-05-11T17:21:11+00:00,Unavailable,,
350225596,2026-05-11T17:21:11+00:00,Unavailable,,
350225607,2026-05-11T17:21:11+00:00,Unavailable,,
350225618,2026-05-11T17:21:11+00:00,Unavailable,,
350225629,2026-05-11T17:21:11+00:00,Unavailable,,
350225640,2026-05-11T17:21:11+00:00,Unavailable,,
350225651,2026-05-11T17:21:11+00:00,Unavailable,,
350225663,2026-05-11T17:21:11+00:00,Unavailable,,
350225674,2026-05-11T17:21:11+00:00,Unavailable,,
350225688,2026-05-11T17:21:11+00:00,Unavailable,,
350225702,2026-05-11T17:21:11+00:00,Unavailable,,
350225716,2026-05-11T17:21:11+00:00,Unavailable,,
350225730,2026-05-11T17:21:11+00:00,Unavailable,,
350225744,2026-05-11T17:21:11+00:00,Unavailable,,
350225758,2026-05-11T17:21:11+00:00,Unavailable,,
350225786,2026-05-11T17:21:11+00:00,Unavailable,,
350225814,2026-05-11T17:21:11+00:00,Unavailable,,
350225825,2026-05-11T17:21:11+00:00,Unavailable,,
350225836,2026-05-11T17:21:11+00:00,Unavailable,,
350225847,2026-05-11T17:21:11+00:00,Unavailable,,
350225858,2026-05-11T17:21:11+00:00,Unavailable,,
350225869,2026-05-11T17:21:11+00:00,Unavailable,,
350225880,2026-05-11T17:21:11+00:00,Unavailable,,
350225891,2026-05-11T17:21:11+00:00,Unavailable,,
350225902,2026-05-11T17:21:11+00:00,Unavailable,,
350225913,2026-05-11T17:21:11+00:00,Unavailable,,
350225924,2026-05-11T17:21:11+00:00,Unavailable,,
350225935,2026-05-11T17:21:11+00:00,Unavailable,,
350225946,2026-05-11T17:21:11+00:00,Unavailable,,
350225957,2026-05-11T17:21:11+00:00,Unavailable,,
350225968,2026-05-11T17:21:11+00:00,Unavailable,,
350225981,2026-05-11T17:21:11+00:00,Unavailable,,
350225993,2026-05-11T17:21:11+00:00,Unavailable,,
350226004,2026-05-11T17:21:11+00:00,Unavailable,,
350226015,2026-05-11T17:21:11+00:00,Unavailable,,
350226026,2026-05-11T17:21:11+00:00,Unavailable,,
350226037,2026-05-11T17:21:11+00:00,Unavailable,,
350226048,2026-05-11T17:21:11+00:00,Unavailable,,
350226059,2026-05-11T17:21:11+00:00,Unavailable,,
350226070,2026-05-11T17:21:11+00:00,Unavailable,,
350280176,2026-05-11T17:21:11+00:00,Unavailable,,
350280422,2026-05-11T17:21:11+00:00,Unavailable,,
350280510,2026-05-11T17:21:11+00:00,Unavailable,,
350280525,2026-05-11T17:21:11+00:00,Unavailable,,
350280536,2026-05-11T17:21:11+00:00,Unavailable,,
350288650,2026-05-11T17:21:11+00:00,Unavailable,,
350288664,2026-05-11T17:21:11+00:00,Unavailable,,
350288680,2026-05-11T17:21:11+00:00,Unavailable,,
350288691,2026-05-11T17:21:11+00:00,Unavailable,,
350288702,2026-05-11T17:21:11+00:00,Unavailable,,
350288713,2026-05-11T17:21:11+00:00,Unavailable,,
350288724,2026-05-11T17:21:11+00:00,Unavailable,,
350288737,2026-05-11T17:21:11+00:00,Unavailable,,
350288748,2026-05-11T17:21:11+00:00,Unavailable,,
350288759,2026-05-11T17:21:11+00:00,Unavailable,,
350288770,2026-05-11T17:21:11+00:00,Unavailable,,
350288781,2026-05-11T17:21:11+00:00,Unavailable,,
350288792,2026-05-11T17:21:11+00:00,Unavailable,,
350288804,2026-05-11T17:21:11+00:00,Unavailable,,
350288815,2026-05-11T17:21:11+00:00,Unavailable,,
350288826,2026-05-11T17:21:11+00:00,Unavailable,,
350288837,2026-05-11T17:21:11+00:00,Unavailable,,
350288848,2026-05-11T17:21:11+00:00,Unavailable,,
350288859,2026-05-11T17:21:11+00:00,Unavailable,,
350288870,2026-05-11T17:21:11+00:00,Unavailable,,
350288881,2026-05-11T17:21:11+00:00,Unavailable,,
350288892,2026-05-11T17:21:11+00:00,Unavailable,,
350288903,2026-05-11T17:21:11+00:00,Unavailable,,
350288914,2026-05-11T17:21:11+00:00,Unavailable,,
350288925,2026-05-11T17:21:11+00:00,Unavailable,,
350288937,2026-05-11T17:21:11+00:00,Unavailable,,
350288948,2026-05-11T17:21:11+00:00,Unavailable,,
350288959,2026-05-11T17:21:11+00:00,Unavailable,,
350288970,2026-05-11T17:21:11+00:00,Unavailable,,
350288981,2026-05-11T17:21:11+00:00,Unavailable,,
350288992,2026-05-11T17:21:11+00:00,Unavailable,,
350289003,2026-05-11T17:21:11+00:00,Unavailable,,
350289014,2026-05-11T17:21:11+00:00,Unavailable,,
350289048,2026-05-11T17:21:11+00:00,Unavailable,,
350289060,2026-05-11T17:21:11+00:00,Unavailable,,
350289071,2026-05-11T17:21:11+00:00,Unavailable,,
350289082,2026-05-11T17:21:11+00:00,Unavailable,,
350289093,2026-05-11T17:21:11+00:00,Unavailable,,
350289104,2026-05-11T17:21:11+00:00,Unavailable,,
350289115,2026-05-11T17:21:11+00:00,Unavailable,,
350289126,2026-05-11T17:21:11+00:00,Unavailable,,
350289137,2026-05-11T17:21:11+00:00,Unavailable,,
350289148,2026-05-11T17:21:11+00:00,Unavailable,,
350289159,2026-05-11T17:21:11+00:00,Unavailable,,
350289170,2026-05-11T17:21:11+00:00,Unavailable,,
350289181,2026-05-11T17:21:11+00:00,Unavailable,,
350289192,2026-05-11T17:21:11+00:00,Unavailable,,
350289203,2026-05-11T17:21:11+00:00,Unavailable,,
350289214,2026-05-11T17:21:11+00:00,Unavailable,,
350289226,2026-05-11T17:21:11+00:00,Unavailable,,
350289237,2026-05-11T17:21:11+00:00,Unavailable,,
350289248,2026-05-11T17:21:11+00:00,Unavailable,,
350289260,2026-05-11T17:21:11+00:00,Unavailable,,
350289271,2026-05-11T17:21:11+00:00,Unavailable,,
350289282,2026-05-11T17:21:11+00:00,Unavailable,,
350289293,2026-05-11T17:21:11+00:00,Unavailable,,
350289304,2026-05-11T17:21:11+00:00,Unavailable,,
350289315,2026-05-11T17:21:11+00:00,Unavailable,,
350289326,2026-05-11T17:21:11+00:00,Unavailable,,
350289337,2026-05-11T17:21:11+00:00,Unavailable,,
350289348,2026-05-11T17:21:11+00:00,Unavailable,,
350289359,2026-05-11T17:21:11+00:00,Unavailable,,
350289370,2026-05-11T17:21:11+00:00,Unavailable,,
350289381,2026-05-11T17:21:11+00:00,Unavailable,,
350289392,2026-05-11T17:21:11+00:00,Unavailable,,
350289404,2026-05-11T17:21:11+00:00,Unavailable,,
351070164,2026-05-11T17:21:11+00:00,Unavailable,,
351073176,2026-05-11T17:21:11+00:00,Unavailable,,
353250216,2026-05-11T17:21:11+00:00,Unavailable,,
364658017,2026-05-11T17:21:11+00:00,Unavailable,,
350216376,2026-05-11T18:50:38+00:00,Unavailable,,
350216387,2026-05-11T18:50:38+00:00,Unavailable,,
350216398,2026-05-11T18:50:38+00:00,Unavailable,,
350216409,2026-05-11T18:50:38+00:00,Unavailable,,
350216431,2026-05-11T18:50:38+00:00,Unavailable,,
350216442,2026-05-11T18:50:38+00:00,Unavailable,,
350216453,2026-05-11T18:50:38+00:00,Unavailable,,
350216465,2026-05-11T18:50:38+00:00,Unavailable,,
350216476,2026-05-11T18:50:38+00:00,Unavailable,,
350216487,2026-05-11T18:50:38+00:00,Unavailable,,
350216498,2026-05-11T18:50:38+00:00,Unavailable,,
350216509,2026-05-11T18:50:38+00:00,Unavailable,,
350216520,2026-05-11T18:50:38+00:00,Unavailable,,
350216542,2026-05-11T18:50:38+00:00,Unavailable,,
350216553,2026-05-11T18:50:38+00:00,Unavailable,,
350216564,2026-05-11T18:50:38+00:00,Unavailable,,
350216575,2026-05-11T18:50:38+00:00,Unavailable,,
350216586,2026-05-11T18:50:38+00:00,Unavailable,,
350216597,2026-05-11T18:50:38+00:00,Unavailable,,
350216608,2026-05-11T18:50:38+00:00,Unavailable,,
350216619,2026-05-11T18:50:38+00:00,Unavailable,,
350216630,2026-05-11T18:50:38+00:00,Unavailable,,
350216652,2026-05-11T18:50:38+00:00,Unavailable,,
350216663,2026-05-11T18:50:38+00:00,Unavailable,,
350216674,2026-05-11T18:50:38+00:00,Unavailable,,
350216685,2026-05-11T18:50:38+00:00,Unavailable,,
350216696,2026-05-11T18:50:38+00:00,Unavailable,,
350216707,2026-05-11T18:50:38+00:00,Unavailable,,
350216718,2026-05-11T18:50:38+00:00,Unavailable,,
350216729,2026-05-11T18:50:38+00:00,Unavailable,,
350216740,2026-05-11T18:50:38+00:00,Unavailable,,
350216751,2026-05-11T18:50:38+00:00,Unavailable,,
350216762,2026-05-11T18:50:38+00:00,Unavailable,,
350216773,2026-05-11T18:50:38+00:00,Unavailable,,
350216784,2026-05-11T18:50:38+00:00,Unavailable,,
350216795,2026-05-11T18:50:38+00:00,Unavailable,,
350216806,2026-05-11T18:50:38+00:00,Unavailable,,
350216817,2026-05-11T18:50:38+00:00,Unavailable,,
350216828,2026-05-11T18:50:38+00:00,Unavailable,,
350216839,2026-05-11T18:50:38+00:00,Unavailable,,
350216850,2026-05-11T18:50:38+00:00,Unavailable,,
350216861,2026-05-11T18:50:38+00:00,Unavailable,,
350216872,2026-05-11T18:50:38+00:00,Unavailable,,
350216884,2026-05-11T18:50:38+00:00,Unavailable,,
350216895,2026-05-11T18:50:38+00:00,Unavailable,,
350216906,2026-05-11T18:50:38+00:00,Unavailable,,
350216917,2026-05-11T18:50:38+00:00,Unavailable,,
350216928,2026-05-11T18:50:38+00:00,Unavailable,,
350216939,2026-05-11T18:50:38+00:00,Unavailable,,
350216950,2026-05-11T18:50:38+00:00,Unavailable,,
350216961,2026-05-11T18:50:38+00:00,Unavailable,,
350216972,2026-05-11T18:50:38+00:00,Unavailable,,
350216994,2026-05-11T18:50:38+00:00,Unavailable,,
350217005,2026-05-11T18:50:38+00:00,Unavailable,,
350217016,2026-05-11T18:50:38+00:00,Unavailable,,
350217027,2026-05-11T18:50:38+00:00,Unavailable,,
350217049,2026-05-11T18:50:38+00:00,Unavailable,,
350217071,2026-05-11T18:50:38+00:00,Unavailable,,
350217083,2026-05-11T18:50:38+00:00,Unavailable,,
350217105,2026-05-11T18:50:38+00:00,Unavailable,,
350217117,2026-05-11T18:50:38+00:00,Unavailable,,
350217128,2026-05-11T18:50:38+00:00,Unavailable,,
350217150,2026-05-11T18:50:38+00:00,Unavailable,,
350217162,2026-05-11T18:50:38+00:00,Unavailable,,
350217174,2026-05-11T18:50:38+00:00,Unavailable,,
350217185,2026-05-11T18:50:38+00:00,Unavailable,,
350217207,2026-05-11T18:50:38+00:00,Unavailable,,
350217218,2026-05-11T18:50:38+00:00,Unavailable,,
350217240,2026-05-11T18:50:38+00:00,Unavailable,,
350217251,2026-05-11T18:50:38+00:00,Unavailable,,
350217262,2026-05-11T18:50:38+00:00,Unavailable,,
350217273,2026-05-11T18:50:38+00:00,Unavailable,,
350217284,2026-05-11T18:50:38+00:00,Unavailable,,
350217295,2026-05-11T18:50:38+00:00,Unavailable,,
350217306,2026-05-11T18:50:38+00:00,Unavailable,,
350217317,2026-05-11T18:50:38+00:00,Unavailable,,
350217339,2026-05-11T18:50:38+00:00,Unavailable,,
350217353,2026-05-11T18:50:38+00:00,Unavailable,,
350217366,2026-05-11T18:50:38+00:00,Unavailable,,
350217379,2026-05-11T18:50:38+00:00,Unavailable,,
350217393,2026-05-11T18:50:38+00:00,Unavailable,,
350217404,2026-05-11T18:50:38+00:00,Unavailable,,
350217415,2026-05-11T18:50:38+00:00,Unavailable,,
350217426,2026-05-11T18:50:38+00:00,Unavailable,,
350217437,2026-05-11T18:50:38+00:00,Unavailable,,
350217448,2026-05-11T18:50:38+00:00,Unavailable,,
350732033,2026-05-11T18:50:38+00:00,Unavailable,,
350739304,2026-05-11T18:50:38+00:00,Unavailable,,
350740400,2026-05-11T18:50:38+00:00,Unavailable,,
350740938,2026-05-11T18:50:38+00:00,Unavailable,,
350741533,2026-05-11T18:50:38+00:00,Unavailable,,
350741599,2026-05-11T18:50:38+00:00,Unavailable,,
364675943,2026-05-11T18:50:38+00:00,Unavailable,,
364677421,2026-05-11T18:50:38+00:00,Unavailable,,
364677693,2026-05-11T18:50:38+00:00,Unavailable,,
364678079,2026-05-11T18:50:38+00:00,Unavailable,,
350200801,2026-05-11T18:50:42+00:00,Unavailable,,
350200813,2026-05-11T18:50:42+00:00,Unavailable,,
350200824,2026-05-11T18:50:42+00:00,Unavailable,,
350200836,2026-05-11T18:50:42+00:00,Unavailable,,
350200847,2026-05-11T18:50:42+00:00,Unavailable,,
350200858,2026-05-11T18:50:42+00:00,Unavailable,,
350200869,2026-05-11T18:50:42+00:00,Unavailable,,
350200880,2026-05-11T18:50:42+00:00,Unavailable,,
350200891,2026-05-11T18:50:42+00:00,Unavailable,,
350200902,2026-05-11T18:50:42+00:00,Unavailable,,
350200913,2026-05-11T18:50:42+00:00,Unavailable,,
350200924,2026-05-11T18:50:42+00:00,Unavailable,,
350200935,2026-05-11T18:50:42+00:00,Unavailable,,
350200946,2026-05-11T18:50:42+00:00,Unavailable,,
350200957,2026-05-11T18:50:42+00:00,Unavailable,,
350200968,2026-05-11T18:50:42+00:00,Unavailable,,
350200979,2026-05-11T18:50:42+00:00,Unavailable,,
350200990,2026-05-11T18:50:42+00:00,Unavailable,,
350201001,2026-05-11T18:50:42+00:00,Unavailable,,
350201012,2026-05-11T18:50:42+00:00,Unavailable,,
350201023,2026-05-11T18:50:42+00:00,Unavailable,,
350201034,2026-05-11T18:50:42+00:00,Unavailable,,
350201045,2026-05-11T18:50:42+00:00,Unavailable,,
350201058,2026-05-11T18:50:42+00:00,Unavailable,,
350201069,2026-05-11T18:50:42+00:00,Unavailable,,
350201080,2026-05-11T18:50:42+00:00,Unavailable,,
350201091,2026-05-11T18:50:42+00:00,Unavailable,,
350201102,2026-05-11T18:50:42+00:00,Unavailable,,
350201113,2026-05-11T18:50:42+00:00,Unavailable,,
350201124,2026-05-11T18:50:42+00:00,Unavailable,,
350201135,2026-05-11T18:50:42+00:00,Unavailable,,
350201146,2026-05-11T18:50:42+00:00,Unavailable,,
350201157,2026-05-11T18:50:42+00:00,Unavailable,,
350201170,2026-05-11T18:50:42+00:00,Unavailable,,
350201182,2026-05-11T18:50:42+00:00,Unavailable,,
350201193,2026-05-11T18:50:42+00:00,Unavailable,,
350201205,2026-05-11T18:50:42+00:00,Unavailable,,
350201216,2026-05-11T18:50:42+00:00,Unavailable,,
350201227,2026-05-11T18:50:42+00:00,Unavailable,,
350201238,2026-05-11T18:50:42+00:00,Unavailable,,
350201249,2026-05-11T18:50:42+00:00,Unavailable,,
350201260,2026-05-11T18:50:42+00:00,Unavailable,,
350201271,2026-05-11T18:50:42+00:00,Unavailable,,
350201283,2026-05-11T18:50:42+00:00,Unavailable,,
350201294,2026-05-11T18:50:42+00:00,Unavailable,,
350201305,2026-05-11T18:50:42+00:00,Unavailable,,
350201316,2026-05-11T18:50:42+00:00,Unavailable,,
350201327,2026-05-11T18:50:42+00:00,Unavailable,,
350201338,2026-05-11T18:50:42+00:00,Unavailable,,
350201349,2026-05-11T18:50:42+00:00,Unavailable,,
350201360,2026-05-11T18:50:42+00:00,Unavailable,,
350201371,2026-05-11T18:50:42+00:00,Unavailable,,
350201382,2026-05-11T18:50:42+00:00,Unavailable,,
350201393,2026-05-11T18:50:42+00:00,Unavailable,,
350201404,2026-05-11T18:50:42+00:00,Unavailable,,
350201415,2026-05-11T18:50:42+00:00,Unavailable,,
350201426,2026-05-11T18:50:42+00:00,Unavailable,,
350201437,2026-05-11T18:50:42+00:00,Unavailable,,
350201448,2026-05-11T18:50:42+00:00,Unavailable,,
350201459,2026-05-11T18:50:42+00:00,Unavailable,,
350201470,2026-05-11T18:50:42+00:00,Unavailable,,
350201481,2026-05-11T18:50:42+00:00,Unavailable,,
350201492,2026-05-11T18:50:42+00:00,Unavailable,,
350201503,2026-05-11T18:50:42+00:00,Unavailable,,
350201514,2026-05-11T18:50:42+00:00,Unavailable,,
350201525,2026-05-11T18:50:42+00:00,Unavailable,,
350201536,2026-05-11T18:50:42+00:00,Unavailable,,
350201547,2026-05-11T18:50:42+00:00,Unavailable,,
350201558,2026-05-11T18:50:42+00:00,Unavailable,,
350201569,2026-05-11T18:50:42+00:00,Unavailable,,
350201580,2026-05-11T18:50:42+00:00,Unavailable,,
350201591,2026-05-11T18:50:42+00:00,Unavailable,,
350201602,2026-05-11T18:50:42+00:00,Unavailable,,
350201613,2026-05-11T18:50:42+00:00,Unavailable,,
350201624,2026-05-11T18:50:42+00:00,Unavailable,,
350201635,2026-05-11T18:50:42+00:00,Unavailable,,
350201646,2026-05-11T18:50:42+00:00,Unavailable,,
350201657,2026-05-11T18:50:42+00:00,Unavailable,,
350201668,2026-05-11T18:50:42+00:00,Unavailable,,
350201679,2026-05-11T18:50:42+00:00,Unavailable,,
350201690,2026-05-11T18:50:42+00:00,Unavailable,,
350201701,2026-05-11T18:50:42+00:00,Unavailable,,
350201712,2026-05-11T18:50:42+00:00,Unavailable,,
350201723,2026-05-11T18:50:42+00:00,Unavailable,,
350201735,2026-05-11T18:50:42+00:00,Unavailable,,
350201746,2026-05-11T18:50:42+00:00,Unavailable,,
350201757,2026-05-11T18:50:42+00:00,Unavailable,,
350201768,2026-05-11T18:50:42+00:00,Unavailable,,
350201779,2026-05-11T18:50:42+00:00,Unavailable,,
350201790,2026-05-11T18:50:42+00:00,Unavailable,,
350201801,2026-05-11T18:50:42+00:00,Unavailable,,
350201812,2026-05-11T18:50:42+00:00,Unavailable,,
350201823,2026-05-11T18:50:42+00:00,Unavailable,,
350201834,2026-05-11T18:50:42+00:00,Unavailable,,
350201845,2026-05-11T18:50:42+00:00,Unavailable,,
350201856,2026-05-11T18:50:42+00:00,Unavailable,,
350201867,2026-05-11T18:50:42+00:00,Unavailable,,
350201879,2026-05-11T18:50:42+00:00,Unavailable,,
350201890,2026-05-11T18:50:42+00:00,Unavailable,,
350201901,2026-05-11T18:50:42+00:00,Unavailable,,
350201912,2026-05-11T18:50:42+00:00,Unavailable,,
350201924,2026-05-11T18:50:42+00:00,Unavailable,,
350201935,2026-05-11T18:50:42+00:00,Unavailable,,
350201947,2026-05-11T18:50:42+00:00,Unavailable,,
350201958,2026-05-11T18:50:42+00:00,Unavailable,,
350201969,2026-05-11T18:50:42+00:00,Unavailable,,
350201980,2026-05-11T18:50:42+00:00,Unavailable,,
350201991,2026-05-11T18:50:42+00:00,Unavailable,,
350202003,2026-05-11T18:50:42+00:00,Unavailable,,
350202018,2026-05-11T18:50:42+00:00,Unavailable,,
350202032,2026-05-11T18:50:42+00:00,Unavailable,,
350202045,2026-05-11T18:50:42+00:00,Unavailable,,
350202056,2026-05-11T18:50:42+00:00,Unavailable,,
350202069,2026-05-11T18:50:42+00:00,Unavailable,,
350202080,2026-05-11T18:50:42+00:00,Unavailable,,
350202091,2026-05-11T18:50:42+00:00,Unavailable,,
350202102,2026-05-11T18:50:42+00:00,Unavailable,,
350202113,2026-05-11T18:50:42+00:00,Unavailable,,
350202124,2026-05-11T18:50:42+00:00,Unavailable,,
350202135,2026-05-11T18:50:42+00:00,Unavailable,,
350202146,2026-05-11T18:50:42+00:00,Unavailable,,
350202157,2026-05-11T18:50:42+00:00,Unavailable,,
350202168,2026-05-11T18:50:42+00:00,Unavailable,,
350202180,2026-05-11T18:50:42+00:00,Unavailable,,
350202191,2026-05-11T18:50:42+00:00,Unavailable,,
350202202,2026-05-11T18:50:42+00:00,Unavailable,,
350202213,2026-05-11T18:50:42+00:00,Unavailable,,
350202224,2026-05-11T18:50:42+00:00,Unavailable,,
350202235,2026-05-11T18:50:42+00:00,Unavailable,,
350202246,2026-05-11T18:50:42+00:00,Unavailable,,
350202257,2026-05-11T18:50:42+00:00,Unavailable,,
350202268,2026-05-11T18:50:42+00:00,Unavailable,,
350202279,2026-05-11T18:50:42+00:00,Unavailable,,
350202290,2026-05-11T18:50:42+00:00,Unavailable,,
350202301,2026-05-11T18:50:42+00:00,Unavailable,,
350202312,2026-05-11T18:50:42+00:00,Unavailable,,
350202323,2026-05-11T18:50:42+00:00,Unavailable,,
350202334,2026-05-11T18:50:42+00:00,Unavailable,,
350202347,2026-05-11T18:50:42+00:00,Unavailable,,
350202361,2026-05-11T18:50:42+00:00,Unavailable,,
350202372,2026-05-11T18:50:42+00:00,Unavailable,,
350202383,2026-05-11T18:50:42+00:00,Unavailable,,
350202394,2026-05-11T18:50:42+00:00,Unavailable,,
350202406,2026-05-11T18:50:42+00:00,Unavailable,,
350202417,2026-05-11T18:50:42+00:00,Unavailable,,
350202429,2026-05-11T18:50:42+00:00,Unavailable,,
350202440,2026-05-11T18:50:42+00:00,Unavailable,,
350202451,2026-05-11T18:50:42+00:00,Unavailable,,
350202462,2026-05-11T18:50:42+00:00,Unavailable,,
350202473,2026-05-11T18:50:42+00:00,Unavailable,,
350202484,2026-05-11T18:50:42+00:00,Unavailable,,
350202495,2026-05-11T18:50:42+00:00,Unavailable,,
350202506,2026-05-11T18:50:42+00:00,Unavailable,,
350202517,2026-05-11T18:50:42+00:00,Unavailable,,
350202528,2026-05-11T18:50:42+00:00,Unavailable,,
350202539,2026-05-11T18:50:42+00:00,Unavailable,,
350202551,2026-05-11T18:50:42+00:00,Unavailable,,
350202562,2026-05-11T18:50:42+00:00,Unavailable,,
350202573,2026-05-11T18:50:42+00:00,Unavailable,,
350202584,2026-05-11T18:50:42+00:00,Unavailable,,
350202595,2026-05-11T18:50:42+00:00,Unavailable,,
350202607,2026-05-11T18:50:42+00:00,Unavailable,,
350202618,2026-05-11T18:50:42+00:00,Unavailable,,
350202631,2026-05-11T18:50:42+00:00,Unavailable,,
350202642,2026-05-11T18:50:42+00:00,Unavailable,,
350202654,2026-05-11T18:50:42+00:00,Unavailable,,
350202665,2026-05-11T18:50:42+00:00,Unavailable,,
350202676,2026-05-11T18:50:42+00:00,Unavailable,,
350202687,2026-05-11T18:50:42+00:00,Unavailable,,
350202698,2026-05-11T18:50:42+00:00,Unavailable,,
350202709,2026-05-11T18:50:42+00:00,Unavailable,,
350202720,2026-05-11T18:50:42+00:00,Unavailable,,
350202731,2026-05-11T18:50:42+00:00,Unavailable,,
350202742,2026-05-11T18:50:42+00:00,Unavailable,,
350202753,2026-05-11T18:50:42+00:00,Unavailable,,
350202764,2026-05-11T18:50:42+00:00,Unavailable,,
350202775,2026-05-11T18:50:42+00:00,Unavailable,,
350202786,2026-05-11T18:50:42+00:00,Unavailable,,
350202797,2026-05-11T18:50:42+00:00,Unavailable,,
350202808,2026-05-11T18:50:42+00:00,Unavailable,,
350202819,2026-05-11T18:50:42+00:00,Unavailable,,
350202830,2026-05-11T18:50:42+00:00,Unavailable,,
350202841,2026-05-11T18:50:42+00:00,Unavailable,,
350202852,2026-05-11T18:50:42+00:00,Unavailable,,
350202863,2026-05-11T18:50:42+00:00,Unavailable,,
350202874,2026-05-11T18:50:42+00:00,Unavailable,,
350202885,2026-05-11T18:50:42+00:00,Unavailable,,
350202896,2026-05-11T18:50:42+00:00,Unavailable,,
350202908,2026-05-11T18:50:42+00:00,Unavailable,,
350202919,2026-05-11T18:50:42+00:00,Unavailable,,
350202930,2026-05-11T18:50:42+00:00,Unavailable,,
350202941,2026-05-11T18:50:42+00:00,Unavailable,,
350202952,2026-05-11T18:50:42+00:00,Unavailable,,
350202963,2026-05-11T18:50:42+00:00,Unavailable,,
350202974,2026-05-11T18:50:42+00:00,Unavailable,,
350202985,2026-05-11T18:50:42+00:00,Unavailable,,
350202996,2026-05-11T18:50:42+00:00,Unavailable,,
350203007,2026-05-11T18:50:42+00:00,Unavailable,,
350203018,2026-05-11T18:50:42+00:00,Unavailable,,
350203029,2026-05-11T18:50:42+00:00,Unavailable,,
350203040,2026-05-11T18:50:42+00:00,Unavailable,,
350203051,2026-05-11T18:50:42+00:00,Unavailable,,
350203062,2026-05-11T18:50:42+00:00,Unavailable,,
350203073,2026-05-11T18:50:42+00:00,Unavailable,,
350203084,2026-05-11T18:50:42+00:00,Unavailable,,
350203095,2026-05-11T18:50:42+00:00,Unavailable,,
350203106,2026-05-11T18:50:42+00:00,Unavailable,,
350203117,2026-05-11T18:50:42+00:00,Unavailable,,
350203128,2026-05-11T18:50:42+00:00,Unavailable,,
350203139,2026-05-11T18:50:42+00:00,Unavailable,,
350203150,2026-05-11T18:50:42+00:00,Unavailable,,
350203162,2026-05-11T18:50:42+00:00,Unavailable,,
350203173,2026-05-11T18:50:42+00:00,Unavailable,,
350203184,2026-05-11T18:50:42+00:00,Unavailable,,
350203195,2026-05-11T18:50:42+00:00,Unavailable,,
350203206,2026-05-11T18:50:42+00:00,Unavailable,,
350203217,2026-05-11T18:50:42+00:00,Unavailable,,
350203228,2026-05-11T18:50:42+00:00,Unavailable,,
350203239,2026-05-11T18:50:42+00:00,Unavailable,,
350203250,2026-05-11T18:50:42+00:00,Unavailable,,
350203261,2026-05-11T18:50:42+00:00,Unavailable,,
350203272,2026-05-11T18:50:42+00:00,Unavailable,,
350203283,2026-05-11T18:50:42+00:00,Unavailable,,
350203294,2026-05-11T18:50:42+00:00,Unavailable,,
350203305,2026-05-11T18:50:42+00:00,Unavailable,,
350203316,2026-05-11T18:50:42+00:00,Unavailable,,
350203327,2026-05-11T18:50:42+00:00,Unavailable,,
350203338,2026-05-11T18:50:42+00:00,Unavailable,,
350203349,2026-05-11T18:50:42+00:00,Unavailable,,
350203360,2026-05-11T18:50:42+00:00,Unavailable,,
350203371,2026-05-11T18:50:42+00:00,Unavailable,,
350203383,2026-05-11T18:50:42+00:00,Unavailable,,
350203394,2026-05-11T18:50:42+00:00,Unavailable,,
350203405,2026-05-11T18:50:42+00:00,Unavailable,,
350203416,2026-05-11T18:50:42+00:00,Unavailable,,
350203427,2026-05-11T18:50:42+00:00,Unavailable,,
350203438,2026-05-11T18:50:42+00:00,Unavailable,,
350203449,2026-05-11T18:50:42+00:00,Unavailable,,
350203460,2026-05-11T18:50:42+00:00,Unavailable,,
350203472,2026-05-11T18:50:42+00:00,Unavailable,,
350203483,2026-05-11T18:50:42+00:00,Unavailable,,
350203494,2026-05-11T18:50:42+00:00,Unavailable,,
350203505,2026-05-11T18:50:42+00:00,Unavailable,,
350203516,2026-05-11T18:50:42+00:00,Unavailable,,
350203527,2026-05-11T18:50:42+00:00,Unavailable,,
350203538,2026-05-11T18:50:42+00:00,Unavailable,,
350203549,2026-05-11T18:50:42+00:00,Unavailable,,
350203560,2026-05-11T18:50:42+00:00,Unavailable,,
350203571,2026-05-11T18:50:42+00:00,Unavailable,,
350203593,2026-05-11T18:50:42+00:00,Unavailable,,
355173402,2026-05-11T18:50:42+00:00,Unavailable,,
350223957,2026-05-11T18:50:51+00:00,Unavailable,,
350223971,2026-05-11T18:50:51+00:00,Unavailable,,
350223985,2026-05-11T18:50:51+00:00,Unavailable,,
350223999,2026-05-11T18:50:51+00:00,Unavailable,,
350224011,2026-05-11T18:50:51+00:00,Unavailable,,
350224022,2026-05-11T18:50:51+00:00,Unavailable,,
350224033,2026-05-11T18:50:51+00:00,Unavailable,,
350224044,2026-05-11T18:50:51+00:00,Unavailable,,
350224055,2026-05-11T18:50:51+00:00,Unavailable,,
350224066,2026-05-11T18:50:51+00:00,Unavailable,,
350224077,2026-05-11T18:50:51+00:00,Unavailable,,
350224088,2026-05-11T18:50:51+00:00,Unavailable,,
350224102,2026-05-11T18:50:51+00:00,Unavailable,,
350224116,2026-05-11T18:50:51+00:00,Unavailable,,
350224130,2026-05-11T18:50:51+00:00,Unavailable,,
350224144,2026-05-11T18:50:51+00:00,Unavailable,,
350224158,2026-05-11T18:50:51+00:00,Unavailable,,
350224172,2026-05-11T18:50:51+00:00,Unavailable,,
350224186,2026-05-11T18:50:51+00:00,Unavailable,,
350224200,2026-05-11T18:50:51+00:00,Unavailable,,
350224214,2026-05-11T18:50:51+00:00,Unavailable,,
350224228,2026-05-11T18:50:51+00:00,Unavailable,,
350224239,2026-05-11T18:50:51+00:00,Unavailable,,
350224250,2026-05-11T18:50:51+00:00,Unavailable,,
350224261,2026-05-11T18:50:51+00:00,Unavailable,,
350224272,2026-05-11T18:50:51+00:00,Unavailable,,
350224283,2026-05-11T18:50:51+00:00,Unavailable,,
350224294,2026-05-11T18:50:51+00:00,Unavailable,,
350224305,2026-05-11T18:50:51+00:00,Unavailable,,
350224317,2026-05-11T18:50:51+00:00,Unavailable,,
350224328,2026-05-11T18:50:51+00:00,Unavailable,,
350224339,2026-05-11T18:50:51+00:00,Unavailable,,
350224350,2026-05-11T18:50:51+00:00,Unavailable,,
350224361,2026-05-11T18:50:51+00:00,Unavailable,,
350224372,2026-05-11T18:50:51+00:00,Unavailable,,
350224386,2026-05-11T18:50:51+00:00,Unavailable,,
350224401,2026-05-11T18:50:51+00:00,Unavailable,,
350224416,2026-05-11T18:50:51+00:00,Unavailable,,
350224433,2026-05-11T18:50:51+00:00,Unavailable,,
350224444,2026-05-11T18:50:51+00:00,Unavailable,,
350224455,2026-05-11T18:50:51+00:00,Unavailable,,
350224466,2026-05-11T18:50:51+00:00,Unavailable,,
350224477,2026-05-11T18:50:51+00:00,Unavailable,,
350224489,2026-05-11T18:50:51+00:00,Unavailable,,
350224500,2026-05-11T18:50:51+00:00,Unavailable,,
350224511,2026-05-11T18:50:51+00:00,Unavailable,,
350224522,2026-05-11T18:50:51+00:00,Unavailable,,
350224533,2026-05-11T18:50:51+00:00,Unavailable,,
350224544,2026-05-11T18:50:51+00:00,Unavailable,,
350224555,2026-05-11T18:50:51+00:00,Unavailable,,
350224566,2026-05-11T18:50:51+00:00,Unavailable,,
350224577,2026-05-11T18:50:51+00:00,Unavailable,,
350224588,2026-05-11T18:50:51+00:00,Unavailable,,
350224599,2026-05-11T18:50:51+00:00,Unavailable,,
350224612,2026-05-11T18:50:51+00:00,Unavailable,,
350224623,2026-05-11T18:50:51+00:00,Unavailable,,
350224634,2026-05-11T18:50:51+00:00,Unavailable,,
350224645,2026-05-11T18:50:51+00:00,Unavailable,,
350224658,2026-05-11T18:50:51+00:00,Unavailable,,
350224669,2026-05-11T18:50:51+00:00,Unavailable,,
350224680,2026-05-11T18:50:51+00:00,Unavailable,,
350224692,2026-05-11T18:50:51+00:00,Unavailable,,
350224703,2026-05-11T18:50:51+00:00,Unavailable,,
350224714,2026-05-11T18:50:51+00:00,Unavailable,,
350224725,2026-05-11T18:50:51+00:00,Unavailable,,
350224738,2026-05-11T18:50:51+00:00,Unavailable,,
350224749,2026-05-11T18:50:51+00:00,Unavailable,,
350224760,2026-05-11T18:50:51+00:00,Unavailable,,
350224771,2026-05-11T18:50:51+00:00,Unavailable,,
350224782,2026-05-11T18:50:51+00:00,Unavailable,,
350224793,2026-05-11T18:50:51+00:00,Unavailable,,
350224804,2026-05-11T18:50:51+00:00,Unavailable,,
350224815,2026-05-11T18:50:51+00:00,Unavailable,,
350224826,2026-05-11T18:50:51+00:00,Unavailable,,
350224837,2026-05-11T18:50:51+00:00,Unavailable,,
350224848,2026-05-11T18:50:51+00:00,Unavailable,,
350224859,2026-05-11T18:50:51+00:00,Unavailable,,
350224873,2026-05-11T18:50:51+00:00,Unavailable,,
350224887,2026-05-11T18:50:51+00:00,Unavailable,,
350224901,2026-05-11T18:50:51+00:00,Unavailable,,
350224915,2026-05-11T18:50:51+00:00,Unavailable,,
350224929,2026-05-11T18:50:51+00:00,Unavailable,,
350224940,2026-05-11T18:50:51+00:00,Unavailable,,
350224951,2026-05-11T18:50:51+00:00,Unavailable,,
350224962,2026-05-11T18:50:51+00:00,Unavailable,,
350224973,2026-05-11T18:50:51+00:00,Unavailable,,
350224985,2026-05-11T18:50:51+00:00,Unavailable,,
350224996,2026-05-11T18:50:51+00:00,Unavailable,,
350225008,2026-05-11T18:50:51+00:00,Unavailable,,
350225019,2026-05-11T18:50:51+00:00,Unavailable,,
350225030,2026-05-11T18:50:51+00:00,Unavailable,,
350225041,2026-05-11T18:50:51+00:00,Unavailable,,
350225053,2026-05-11T18:50:51+00:00,Unavailable,,
350225064,2026-05-11T18:50:51+00:00,Unavailable,,
350225075,2026-05-11T18:50:51+00:00,Unavailable,,
350225086,2026-05-11T18:50:51+00:00,Unavailable,,
350225097,2026-05-11T18:50:51+00:00,Unavailable,,
350225108,2026-05-11T18:50:51+00:00,Unavailable,,
350225119,2026-05-11T18:50:51+00:00,Unavailable,,
350225130,2026-05-11T18:50:51+00:00,Unavailable,,
350225141,2026-05-11T18:50:51+00:00,Unavailable,,
350225163,2026-05-11T18:50:51+00:00,Unavailable,,
350225174,2026-05-11T18:50:51+00:00,Unavailable,,
350225185,2026-05-11T18:50:51+00:00,Unavailable,,
350225196,2026-05-11T18:50:51+00:00,Unavailable,,
350225207,2026-05-11T18:50:51+00:00,Unavailable,,
350225218,2026-05-11T18:50:51+00:00,Unavailable,,
350225229,2026-05-11T18:50:51+00:00,Unavailable,,
350225240,2026-05-11T18:50:51+00:00,Unavailable,,
350225251,2026-05-11T18:50:51+00:00,Unavailable,,
350225262,2026-05-11T18:50:51+00:00,Unavailable,,
350225273,2026-05-11T18:50:51+00:00,Unavailable,,
350225285,2026-05-11T18:50:51+00:00,Unavailable,,
350225296,2026-05-11T18:50:51+00:00,Unavailable,,
350225307,2026-05-11T18:50:51+00:00,Unavailable,,
350225318,2026-05-11T18:50:51+00:00,Unavailable,,
350225329,2026-05-11T18:50:51+00:00,Unavailable,,
350225341,2026-05-11T18:50:51+00:00,Unavailable,,
350225352,2026-05-11T18:50:51+00:00,Unavailable,,
350225363,2026-05-11T18:50:51+00:00,Unavailable,,
350225375,2026-05-11T18:50:51+00:00,Unavailable,,
350225387,2026-05-11T18:50:51+00:00,Unavailable,,
350225401,2026-05-11T18:50:51+00:00,Unavailable,,
350225415,2026-05-11T18:50:51+00:00,Unavailable,,
350225429,2026-05-11T18:50:51+00:00,Unavailable,,
350225443,2026-05-11T18:50:51+00:00,Unavailable,,
350225457,2026-05-11T18:50:51+00:00,Unavailable,,
350225471,2026-05-11T18:50:51+00:00,Unavailable,,
350225485,2026-05-11T18:50:51+00:00,Unavailable,,
350225496,2026-05-11T18:50:51+00:00,Unavailable,,
350225507,2026-05-11T18:50:51+00:00,Unavailable,,
350225518,2026-05-11T18:50:51+00:00,Unavailable,,
350225529,2026-05-11T18:50:51+00:00,Unavailable,,
350225540,2026-05-11T18:50:51+00:00,Unavailable,,
350225551,2026-05-11T18:50:51+00:00,Unavailable,,
350225562,2026-05-11T18:50:51+00:00,Unavailable,,
350225573,2026-05-11T18:50:51+00:00,Unavailable,,
350225584,2026-05-11T18:50:51+00:00,Unavailable,,
350225596,2026-05-11T18:50:51+00:00,Unavailable,,
350225607,2026-05-11T18:50:51+00:00,Unavailable,,
350225618,2026-05-11T18:50:51+00:00,Unavailable,,
350225629,2026-05-11T18:50:51+00:00,Unavailable,,
350225640,2026-05-11T18:50:51+00:00,Unavailable,,
350225651,2026-05-11T18:50:51+00:00,Unavailable,,
350225663,2026-05-11T18:50:51+00:00,Unavailable,,
350225674,2026-05-11T18:50:51+00:00,Unavailable,,
350225688,2026-05-11T18:50:51+00:00,Unavailable,,
350225702,2026-05-11T18:50:51+00:00,Unavailable,,
350225716,2026-05-11T18:50:51+00:00,Unavailable,,
350225730,2026-05-11T18:50:51+00:00,Unavailable,,
350225744,2026-05-11T18:50:51+00:00,Unavailable,,
350225758,2026-05-11T18:50:51+00:00,Unavailable,,
350225786,2026-05-11T18:50:51+00:00,Unavailable,,
350225814,2026-05-11T18:50:51+00:00,Unavailable,,
350225825,2026-05-11T18:50:51+00:00,Unavailable,,
350225836,2026-05-11T18:50:51+00:00,Unavailable,,
350225847,2026-05-11T18:50:51+00:00,Unavailable,,
350225858,2026-05-11T18:50:51+00:00,Unavailable,,
350225869,2026-05-11T18:50:51+00:00,Unavailable,,
350225880,2026-05-11T18:50:51+00:00,Unavailable,,
350225891,2026-05-11T18:50:51+00:00,Unavailable,,
350225902,2026-05-11T18:50:51+00:00,Unavailable,,
350225913,2026-05-11T18:50:51+00:00,Unavailable,,
350225924,2026-05-11T18:50:51+00:00,Unavailable,,
350225935,2026-05-11T18:50:51+00:00,Unavailable,,
350225946,2026-05-11T18:50:51+00:00,Unavailable,,
350225957,2026-05-11T18:50:51+00:00,Unavailable,,
350225968,2026-05-11T18:50:51+00:00,Unavailable,,
350225981,2026-05-11T18:50:51+00:00,Unavailable,,
350225993,2026-05-11T18:50:51+00:00,Unavailable,,
350226004,2026-05-11T18:50:51+00:00,Unavailable,,
350226015,2026-05-11T18:50:51+00:00,Unavailable,,
350226026,2026-05-11T18:50:51+00:00,Unavailable,,
350226037,2026-05-11T18:50:51+00:00,Unavailable,,
350226048,2026-05-11T18:50:51+00:00,Unavailable,,
350226059,2026-05-11T18:50:51+00:00,Unavailable,,
350226070,2026-05-11T18:50:51+00:00,Unavailable,,
350280176,2026-05-11T18:50:51+00:00,Unavailable,,
350280422,2026-05-11T18:50:51+00:00,Unavailable,,
350280510,2026-05-11T18:50:51+00:00,Unavailable,,
350280525,2026-05-11T18:50:51+00:00,Unavailable,,
350280536,2026-05-11T18:50:51+00:00,Unavailable,,
350288650,2026-05-11T18:50:51+00:00,Unavailable,,
350288664,2026-05-11T18:50:51+00:00,Unavailable,,
350288680,2026-05-11T18:50:51+00:00,Unavailable,,
350288691,2026-05-11T18:50:51+00:00,Unavailable,,
350288702,2026-05-11T18:50:51+00:00,Unavailable,,
350288713,2026-05-11T18:50:51+00:00,Unavailable,,
350288724,2026-05-11T18:50:51+00:00,Unavailable,,
350288737,2026-05-11T18:50:51+00:00,Unavailable,,
350288748,2026-05-11T18:50:51+00:00,Unavailable,,
350288759,2026-05-11T18:50:51+00:00,Unavailable,,
350288770,2026-05-11T18:50:51+00:00,Unavailable,,
350288781,2026-05-11T18:50:51+00:00,Unavailable,,
350288792,2026-05-11T18:50:51+00:00,Unavailable,,
350288804,2026-05-11T18:50:51+00:00,Unavailable,,
350288815,2026-05-11T18:50:51+00:00,Unavailable,,
350288826,2026-05-11T18:50:51+00:00,Unavailable,,
350288837,2026-05-11T18:50:51+00:00,Unavailable,,
350288848,2026-05-11T18:50:51+00:00,Unavailable,,
350288859,2026-05-11T18:50:51+00:00,Unavailable,,
350288870,2026-05-11T18:50:51+00:00,Unavailable,,
350288881,2026-05-11T18:50:51+00:00,Unavailable,,
350288892,2026-05-11T18:50:51+00:00,Unavailable,,
350288903,2026-05-11T18:50:51+00:00,Unavailable,,
350288914,2026-05-11T18:50:51+00:00,Unavailable,,
350288925,2026-05-11T18:50:51+00:00,Unavailable,,
350288937,2026-05-11T18:50:51+00:00,Unavailable,,
350288948,2026-05-11T18:50:51+00:00,Unavailable,,
350288959,2026-05-11T18:50:51+00:00,Unavailable,,
350288970,2026-05-11T18:50:51+00:00,Unavailable,,
350288981,2026-05-11T18:50:51+00:00,Unavailable,,
350288992,2026-05-11T18:50:51+00:00,Unavailable,,
350289003,2026-05-11T18:50:51+00:00,Unavailable,,
350289014,2026-05-11T18:50:51+00:00,Unavailable,,
350289048,2026-05-11T18:50:51+00:00,Unavailable,,
350289060,2026-05-11T18:50:51+00:00,Unavailable,,
350289071,2026-05-11T18:50:51+00:00,Unavailable,,
350289082,2026-05-11T18:50:51+00:00,Unavailable,,
350289093,2026-05-11T18:50:51+00:00,Unavailable,,
350289104,2026-05-11T18:50:51+00:00,Unavailable,,
350289115,2026-05-11T18:50:51+00:00,Unavailable,,
350289126,2026-05-11T18:50:51+00:00,Unavailable,,
350289137,2026-05-11T18:50:51+00:00,Unavailable,,
350289148,2026-05-11T18:50:51+00:00,Unavailable,,
350289159,2026-05-11T18:50:51+00:00,Unavailable,,
350289170,2026-05-11T18:50:51+00:00,Unavailable,,
350289181,2026-05-11T18:50:51+00:00,Unavailable,,
350289192,2026-05-11T18:50:51+00:00,Unavailable,,
350289203,2026-05-11T18:50:51+00:00,Unavailable,,
350289214,2026-05-11T18:50:51+00:00,Unavailable,,
350289226,2026-05-11T18:50:51+00:00,Unavailable,,
350289237,2026-05-11T18:50:51+00:00,Unavailable,,
350289248,2026-05-11T18:50:51+00:00,Unavailable,,
350289260,2026-05-11T18:50:51+00:00,Unavailable,,
350289271,2026-05-11T18:50:51+00:00,Unavailable,,
350289282,2026-05-11T18:50:51+00:00,Unavailable,,
350289293,2026-05-11T18:50:51+00:00,Unavailable,,
350289304,2026-05-11T18:50:51+00:00,Unavailable,,
350289315,2026-05-11T18:50:51+00:00,Unavailable,,
350289326,2026-05-11T18:50:51+00:00,Unavailable,,
350289337,2026-05-11T18:50:51+00:00,Unavailable,,
350289348,2026-05-11T18:50:51+00:00,Unavailable,,
350289359,2026-05-11T18:50:51+00:00,Unavailable,,
350289370,2026-05-11T18:50:51+00:00,Unavailable,,
350289381,2026-05-11T18:50:51+00:00,Unavailable,,
350289392,2026-05-11T18:50:51+00:00,Unavailable,,
350289404,2026-05-11T18:50:51+00:00,Unavailable,,
351070164,2026-05-11T18:50:51+00:00,Unavailable,,
351073176,2026-05-11T18:50:51+00:00,Unavailable,,
353250216,2026-05-11T18:50:51+00:00,Unavailable,,
364658017,2026-05-11T18:50:51+00:00,Unavailable,,
350216376,2026-05-11T19:15:40+00:00,Unavailable,,
350216387,2026-05-11T19:15:40+00:00,Unavailable,,
350216398,2026-05-11T19:15:40+00:00,Unavailable,,
350216409,2026-05-11T19:15:40+00:00,Unavailable,,
350216431,2026-05-11T19:15:40+00:00,Unavailable,,
350216442,2026-05-11T19:15:40+00:00,Unavailable,,
350216453,2026-05-11T19:15:40+00:00,Unavailable,,
350216465,2026-05-11T19:15:40+00:00,Unavailable,,
350216476,2026-05-11T19:15:40+00:00,Unavailable,,
350216487,2026-05-11T19:15:40+00:00,Unavailable,,
350216498,2026-05-11T19:15:40+00:00,Unavailable,,
350216509,2026-05-11T19:15:40+00:00,Unavailable,,
350216520,2026-05-11T19:15:40+00:00,Unavailable,,
350216542,2026-05-11T19:15:40+00:00,Unavailable,,
350216553,2026-05-11T19:15:40+00:00,Unavailable,,
350216564,2026-05-11T19:15:40+00:00,Unavailable,,
350216575,2026-05-11T19:15:40+00:00,Unavailable,,
350216586,2026-05-11T19:15:40+00:00,Unavailable,,
350216597,2026-05-11T19:15:40+00:00,Unavailable,,
350216608,2026-05-11T19:15:40+00:00,Unavailable,,
350216619,2026-05-11T19:15:40+00:00,Unavailable,,
350216630,2026-05-11T19:15:40+00:00,Unavailable,,
350216652,2026-05-11T19:15:40+00:00,Unavailable,,
350216663,2026-05-11T19:15:40+00:00,Unavailable,,
350216674,2026-05-11T19:15:40+00:00,Unavailable,,
350216685,2026-05-11T19:15:40+00:00,Unavailable,,
350216696,2026-05-11T19:15:40+00:00,Unavailable,,
350216707,2026-05-11T19:15:40+00:00,Unavailable,,
350216718,2026-05-11T19:15:40+00:00,Unavailable,,
350216729,2026-05-11T19:15:40+00:00,Unavailable,,
350216740,2026-05-11T19:15:40+00:00,Unavailable,,
350216751,2026-05-11T19:15:40+00:00,Unavailable,,
350216762,2026-05-11T19:15:40+00:00,Unavailable,,
350216773,2026-05-11T19:15:40+00:00,Unavailable,,
350216784,2026-05-11T19:15:40+00:00,Unavailable,,
350216795,2026-05-11T19:15:40+00:00,Unavailable,,
350216806,2026-05-11T19:15:40+00:00,Unavailable,,
350216817,2026-05-11T19:15:40+00:00,Unavailable,,
350216828,2026-05-11T19:15:40+00:00,Unavailable,,
350216839,2026-05-11T19:15:40+00:00,Unavailable,,
350216850,2026-05-11T19:15:40+00:00,Unavailable,,
350216861,2026-05-11T19:15:40+00:00,Unavailable,,
350216872,2026-05-11T19:15:40+00:00,Unavailable,,
350216884,2026-05-11T19:15:40+00:00,Unavailable,,
350216895,2026-05-11T19:15:40+00:00,Unavailable,,
350216906,2026-05-11T19:15:40+00:00,Unavailable,,
350216917,2026-05-11T19:15:40+00:00,Unavailable,,
350216928,2026-05-11T19:15:40+00:00,Unavailable,,
350216939,2026-05-11T19:15:40+00:00,Unavailable,,
350216950,2026-05-11T19:15:40+00:00,Unavailable,,
350216961,2026-05-11T19:15:40+00:00,Unavailable,,
350216972,2026-05-11T19:15:40+00:00,Unavailable,,
350216994,2026-05-11T19:15:40+00:00,Unavailable,,
350217005,2026-05-11T19:15:40+00:00,Unavailable,,
350217016,2026-05-11T19:15:40+00:00,Unavailable,,
350217027,2026-05-11T19:15:40+00:00,Unavailable,,
350217049,2026-05-11T19:15:40+00:00,Unavailable,,
350217071,2026-05-11T19:15:40+00:00,Unavailable,,
350217083,2026-05-11T19:15:40+00:00,Unavailable,,
350217105,2026-05-11T19:15:40+00:00,Unavailable,,
350217117,2026-05-11T19:15:40+00:00,Unavailable,,
350217128,2026-05-11T19:15:40+00:00,Unavailable,,
350217150,2026-05-11T19:15:40+00:00,Unavailable,,
350217162,2026-05-11T19:15:40+00:00,Unavailable,,
350217174,2026-05-11T19:15:40+00:00,Unavailable,,
350217185,2026-05-11T19:15:40+00:00,Unavailable,,
350217207,2026-05-11T19:15:40+00:00,Unavailable,,
350217218,2026-05-11T19:15:40+00:00,Unavailable,,
350217240,2026-05-11T19:15:40+00:00,Unavailable,,
350217251,2026-05-11T19:15:40+00:00,Unavailable,,
350217262,2026-05-11T19:15:40+00:00,Unavailable,,
350217273,2026-05-11T19:15:40+00:00,Unavailable,,
350217284,2026-05-11T19:15:40+00:00,Unavailable,,
350217295,2026-05-11T19:15:40+00:00,Unavailable,,
350217306,2026-05-11T19:15:40+00:00,Unavailable,,
350217317,2026-05-11T19:15:40+00:00,Unavailable,,
350217339,2026-05-11T19:15:40+00:00,Unavailable,,
350217353,2026-05-11T19:15:40+00:00,Unavailable,,
350217366,2026-05-11T19:15:40+00:00,Unavailable,,
350217379,2026-05-11T19:15:40+00:00,Unavailable,,
350217393,2026-05-11T19:15:40+00:00,Unavailable,,
350217404,2026-05-11T19:15:40+00:00,Unavailable,,
350217415,2026-05-11T19:15:40+00:00,Unavailable,,
350217426,2026-05-11T19:15:40+00:00,Unavailable,,
350217437,2026-05-11T19:15:40+00:00,Unavailable,,
350217448,2026-05-11T19:15:40+00:00,Unavailable,,
350732033,2026-05-11T19:15:40+00:00,Unavailable,,
350739304,2026-05-11T19:15:40+00:00,Unavailable,,
350740400,2026-05-11T19:15:40+00:00,Unavailable,,
350740938,2026-05-11T19:15:40+00:00,Unavailable,,
350741533,2026-05-11T19:15:40+00:00,Unavailable,,
350741599,2026-05-11T19:15:40+00:00,Unavailable,,
364675943,2026-05-11T19:15:40+00:00,Unavailable,,
364677421,2026-05-11T19:15:40+00:00,Unavailable,,
364677693,2026-05-11T19:15:40+00:00,Unavailable,,
364678079,2026-05-11T19:15:40+00:00,Unavailable,,
350200801,2026-05-11T19:15:44+00:00,Unavailable,,
350200813,2026-05-11T19:15:44+00:00,Unavailable,,
350200824,2026-05-11T19:15:44+00:00,Unavailable,,
350200836,2026-05-11T19:15:44+00:00,Unavailable,,
350200847,2026-05-11T19:15:44+00:00,Unavailable,,
350200858,2026-05-11T19:15:44+00:00,Unavailable,,
350200869,2026-05-11T19:15:44+00:00,Unavailable,,
350200880,2026-05-11T19:15:44+00:00,Unavailable,,
350200891,2026-05-11T19:15:44+00:00,Unavailable,,
350200902,2026-05-11T19:15:44+00:00,Unavailable,,
350200913,2026-05-11T19:15:44+00:00,Unavailable,,
350200924,2026-05-11T19:15:44+00:00,Unavailable,,
350200935,2026-05-11T19:15:44+00:00,Unavailable,,
350200946,2026-05-11T19:15:44+00:00,Unavailable,,
350200957,2026-05-11T19:15:44+00:00,Unavailable,,
350200968,2026-05-11T19:15:44+00:00,Unavailable,,
350200979,2026-05-11T19:15:44+00:00,Unavailable,,
350200990,2026-05-11T19:15:44+00:00,Unavailable,,
350201001,2026-05-11T19:15:44+00:00,Unavailable,,
350201012,2026-05-11T19:15:44+00:00,Unavailable,,
350201023,2026-05-11T19:15:44+00:00,Unavailable,,
350201034,2026-05-11T19:15:44+00:00,Unavailable,,
350201045,2026-05-11T19:15:44+00:00,Unavailable,,
350201058,2026-05-11T19:15:44+00:00,Unavailable,,
350201069,2026-05-11T19:15:44+00:00,Unavailable,,
350201080,2026-05-11T19:15:44+00:00,Unavailable,,
350201091,2026-05-11T19:15:44+00:00,Unavailable,,
350201102,2026-05-11T19:15:44+00:00,Unavailable,,
350201113,2026-05-11T19:15:44+00:00,Unavailable,,
350201124,2026-05-11T19:15:44+00:00,Unavailable,,
350201135,2026-05-11T19:15:44+00:00,Unavailable,,
350201146,2026-05-11T19:15:44+00:00,Unavailable,,
350201157,2026-05-11T19:15:44+00:00,Unavailable,,
350201170,2026-05-11T19:15:44+00:00,Unavailable,,
350201182,2026-05-11T19:15:44+00:00,Unavailable,,
350201193,2026-05-11T19:15:44+00:00,Unavailable,,
350201205,2026-05-11T19:15:44+00:00,Unavailable,,
350201216,2026-05-11T19:15:44+00:00,Unavailable,,
350201227,2026-05-11T19:15:44+00:00,Unavailable,,
350201238,2026-05-11T19:15:44+00:00,Unavailable,,
350201249,2026-05-11T19:15:44+00:00,Unavailable,,
350201260,2026-05-11T19:15:44+00:00,Unavailable,,
350201271,2026-05-11T19:15:44+00:00,Unavailable,,
350201283,2026-05-11T19:15:44+00:00,Unavailable,,
350201294,2026-05-11T19:15:44+00:00,Unavailable,,
350201305,2026-05-11T19:15:44+00:00,Unavailable,,
350201316,2026-05-11T19:15:44+00:00,Unavailable,,
350201327,2026-05-11T19:15:44+00:00,Unavailable,,
350201338,2026-05-11T19:15:44+00:00,Unavailable,,
350201349,2026-05-11T19:15:44+00:00,Unavailable,,
350201360,2026-05-11T19:15:44+00:00,Unavailable,,
350201371,2026-05-11T19:15:44+00:00,Unavailable,,
350201382,2026-05-11T19:15:44+00:00,Unavailable,,
350201393,2026-05-11T19:15:44+00:00,Unavailable,,
350201404,2026-05-11T19:15:44+00:00,Unavailable,,
350201415,2026-05-11T19:15:44+00:00,Unavailable,,
350201426,2026-05-11T19:15:44+00:00,Unavailable,,
350201437,2026-05-11T19:15:44+00:00,Unavailable,,
350201448,2026-05-11T19:15:44+00:00,Unavailable,,
350201459,2026-05-11T19:15:44+00:00,Unavailable,,
350201470,2026-05-11T19:15:44+00:00,Unavailable,,
350201481,2026-05-11T19:15:44+00:00,Unavailable,,
350201492,2026-05-11T19:15:44+00:00,Unavailable,,
350201503,2026-05-11T19:15:44+00:00,Unavailable,,
350201514,2026-05-11T19:15:44+00:00,Unavailable,,
350201525,2026-05-11T19:15:44+00:00,Unavailable,,
350201536,2026-05-11T19:15:44+00:00,Unavailable,,
350201547,2026-05-11T19:15:44+00:00,Unavailable,,
350201558,2026-05-11T19:15:44+00:00,Unavailable,,
350201569,2026-05-11T19:15:44+00:00,Unavailable,,
350201580,2026-05-11T19:15:44+00:00,Unavailable,,
350201591,2026-05-11T19:15:44+00:00,Unavailable,,
350201602,2026-05-11T19:15:44+00:00,Unavailable,,
350201613,2026-05-11T19:15:44+00:00,Unavailable,,
350201624,2026-05-11T19:15:44+00:00,Unavailable,,
350201635,2026-05-11T19:15:44+00:00,Unavailable,,
350201646,2026-05-11T19:15:44+00:00,Unavailable,,
350201657,2026-05-11T19:15:44+00:00,Unavailable,,
350201668,2026-05-11T19:15:44+00:00,Unavailable,,
350201679,2026-05-11T19:15:44+00:00,Unavailable,,
350201690,2026-05-11T19:15:44+00:00,Unavailable,,
350201701,2026-05-11T19:15:44+00:00,Unavailable,,
350201712,2026-05-11T19:15:44+00:00,Unavailable,,
350201723,2026-05-11T19:15:44+00:00,Unavailable,,
350201735,2026-05-11T19:15:44+00:00,Unavailable,,
350201746,2026-05-11T19:15:44+00:00,Unavailable,,
350201757,2026-05-11T19:15:44+00:00,Unavailable,,
350201768,2026-05-11T19:15:44+00:00,Unavailable,,
350201779,2026-05-11T19:15:44+00:00,Unavailable,,
350201790,2026-05-11T19:15:44+00:00,Unavailable,,
350201801,2026-05-11T19:15:44+00:00,Unavailable,,
350201812,2026-05-11T19:15:44+00:00,Unavailable,,
350201823,2026-05-11T19:15:44+00:00,Unavailable,,
350201834,2026-05-11T19:15:44+00:00,Unavailable,,
350201845,2026-05-11T19:15:44+00:00,Unavailable,,
350201856,2026-05-11T19:15:44+00:00,Unavailable,,
350201867,2026-05-11T19:15:44+00:00,Unavailable,,
350201879,2026-05-11T19:15:44+00:00,Unavailable,,
350201890,2026-05-11T19:15:44+00:00,Unavailable,,
350201901,2026-05-11T19:15:44+00:00,Unavailable,,
350201912,2026-05-11T19:15:44+00:00,Unavailable,,
350201924,2026-05-11T19:15:44+00:00,Unavailable,,
350201935,2026-05-11T19:15:44+00:00,Unavailable,,
350201947,2026-05-11T19:15:44+00:00,Unavailable,,
350201958,2026-05-11T19:15:44+00:00,Unavailable,,
350201969,2026-05-11T19:15:44+00:00,Unavailable,,
350201980,2026-05-11T19:15:44+00:00,Unavailable,,
350201991,2026-05-11T19:15:44+00:00,Unavailable,,
350202003,2026-05-11T19:15:44+00:00,Unavailable,,
350202018,2026-05-11T19:15:44+00:00,Unavailable,,
350202032,2026-05-11T19:15:44+00:00,Unavailable,,
350202045,2026-05-11T19:15:44+00:00,Unavailable,,
350202056,2026-05-11T19:15:44+00:00,Unavailable,,
350202069,2026-05-11T19:15:44+00:00,Unavailable,,
350202080,2026-05-11T19:15:44+00:00,Unavailable,,
350202091,2026-05-11T19:15:44+00:00,Unavailable,,
350202102,2026-05-11T19:15:44+00:00,Unavailable,,
350202113,2026-05-11T19:15:44+00:00,Unavailable,,
350202124,2026-05-11T19:15:44+00:00,Unavailable,,
350202135,2026-05-11T19:15:44+00:00,Unavailable,,
350202146,2026-05-11T19:15:44+00:00,Unavailable,,
350202157,2026-05-11T19:15:44+00:00,Unavailable,,
350202168,2026-05-11T19:15:44+00:00,Unavailable,,
350202180,2026-05-11T19:15:44+00:00,Unavailable,,
350202191,2026-05-11T19:15:44+00:00,Unavailable,,
350202202,2026-05-11T19:15:44+00:00,Unavailable,,
350202213,2026-05-11T19:15:44+00:00,Unavailable,,
350202224,2026-05-11T19:15:44+00:00,Unavailable,,
350202235,2026-05-11T19:15:44+00:00,Unavailable,,
350202246,2026-05-11T19:15:44+00:00,Unavailable,,
350202257,2026-05-11T19:15:44+00:00,Unavailable,,
350202268,2026-05-11T19:15:44+00:00,Unavailable,,
350202279,2026-05-11T19:15:44+00:00,Unavailable,,
350202290,2026-05-11T19:15:44+00:00,Unavailable,,
350202301,2026-05-11T19:15:44+00:00,Unavailable,,
350202312,2026-05-11T19:15:44+00:00,Unavailable,,
350202323,2026-05-11T19:15:44+00:00,Unavailable,,
350202334,2026-05-11T19:15:44+00:00,Unavailable,,
350202347,2026-05-11T19:15:44+00:00,Unavailable,,
350202361,2026-05-11T19:15:44+00:00,Unavailable,,
350202372,2026-05-11T19:15:44+00:00,Unavailable,,
350202383,2026-05-11T19:15:44+00:00,Unavailable,,
350202394,2026-05-11T19:15:44+00:00,Unavailable,,
350202406,2026-05-11T19:15:44+00:00,Unavailable,,
350202417,2026-05-11T19:15:44+00:00,Unavailable,,
350202429,2026-05-11T19:15:44+00:00,Unavailable,,
350202440,2026-05-11T19:15:44+00:00,Unavailable,,
350202451,2026-05-11T19:15:44+00:00,Unavailable,,
350202462,2026-05-11T19:15:44+00:00,Unavailable,,
350202473,2026-05-11T19:15:44+00:00,Unavailable,,
350202484,2026-05-11T19:15:44+00:00,Unavailable,,
350202495,2026-05-11T19:15:44+00:00,Unavailable,,
350202506,2026-05-11T19:15:44+00:00,Unavailable,,
350202517,2026-05-11T19:15:44+00:00,Unavailable,,
350202528,2026-05-11T19:15:44+00:00,Unavailable,,
350202539,2026-05-11T19:15:44+00:00,Unavailable,,
350202551,2026-05-11T19:15:44+00:00,Unavailable,,
350202562,2026-05-11T19:15:44+00:00,Unavailable,,
350202573,2026-05-11T19:15:44+00:00,Unavailable,,
350202584,2026-05-11T19:15:44+00:00,Unavailable,,
350202595,2026-05-11T19:15:44+00:00,Unavailable,,
350202607,2026-05-11T19:15:44+00:00,Unavailable,,
350202618,2026-05-11T19:15:44+00:00,Unavailable,,
350202631,2026-05-11T19:15:44+00:00,Unavailable,,
350202642,2026-05-11T19:15:44+00:00,Unavailable,,
350202654,2026-05-11T19:15:44+00:00,Unavailable,,
350202665,2026-05-11T19:15:44+00:00,Unavailable,,
350202676,2026-05-11T19:15:44+00:00,Unavailable,,
350202687,2026-05-11T19:15:44+00:00,Unavailable,,
350202698,2026-05-11T19:15:44+00:00,Unavailable,,
350202709,2026-05-11T19:15:44+00:00,Unavailable,,
350202720,2026-05-11T19:15:44+00:00,Unavailable,,
350202731,2026-05-11T19:15:44+00:00,Unavailable,,
350202742,2026-05-11T19:15:44+00:00,Unavailable,,
350202753,2026-05-11T19:15:44+00:00,Unavailable,,
350202764,2026-05-11T19:15:44+00:00,Unavailable,,
350202775,2026-05-11T19:15:44+00:00,Unavailable,,
350202786,2026-05-11T19:15:44+00:00,Unavailable,,
350202797,2026-05-11T19:15:44+00:00,Unavailable,,
350202808,2026-05-11T19:15:44+00:00,Unavailable,,
350202819,2026-05-11T19:15:44+00:00,Unavailable,,
350202830,2026-05-11T19:15:44+00:00,Unavailable,,
350202841,2026-05-11T19:15:44+00:00,Unavailable,,
350202852,2026-05-11T19:15:44+00:00,Unavailable,,
350202863,2026-05-11T19:15:44+00:00,Unavailable,,
350202874,2026-05-11T19:15:44+00:00,Unavailable,,
350202885,2026-05-11T19:15:44+00:00,Unavailable,,
350202896,2026-05-11T19:15:44+00:00,Unavailable,,
350202908,2026-05-11T19:15:44+00:00,Unavailable,,
350202919,2026-05-11T19:15:44+00:00,Unavailable,,
350202930,2026-05-11T19:15:44+00:00,Unavailable,,
350202941,2026-05-11T19:15:44+00:00,Unavailable,,
350202952,2026-05-11T19:15:44+00:00,Unavailable,,
350202963,2026-05-11T19:15:44+00:00,Unavailable,,
350202974,2026-05-11T19:15:44+00:00,Unavailable,,
350202985,2026-05-11T19:15:44+00:00,Unavailable,,
350202996,2026-05-11T19:15:44+00:00,Unavailable,,
350203007,2026-05-11T19:15:44+00:00,Unavailable,,
350203018,2026-05-11T19:15:44+00:00,Unavailable,,
350203029,2026-05-11T19:15:44+00:00,Unavailable,,
350203040,2026-05-11T19:15:44+00:00,Unavailable,,
350203051,2026-05-11T19:15:44+00:00,Unavailable,,
350203062,2026-05-11T19:15:44+00:00,Unavailable,,
350203073,2026-05-11T19:15:44+00:00,Unavailable,,
350203084,2026-05-11T19:15:44+00:00,Unavailable,,
350203095,2026-05-11T19:15:44+00:00,Unavailable,,
350203106,2026-05-11T19:15:44+00:00,Unavailable,,
350203117,2026-05-11T19:15:44+00:00,Unavailable,,
350203128,2026-05-11T19:15:44+00:00,Unavailable,,
350203139,2026-05-11T19:15:44+00:00,Unavailable,,
350203150,2026-05-11T19:15:44+00:00,Unavailable,,
350203162,2026-05-11T19:15:44+00:00,Unavailable,,
350203173,2026-05-11T19:15:44+00:00,Unavailable,,
350203184,2026-05-11T19:15:44+00:00,Unavailable,,
350203195,2026-05-11T19:15:44+00:00,Unavailable,,
350203206,2026-05-11T19:15:44+00:00,Unavailable,,
350203217,2026-05-11T19:15:44+00:00,Unavailable,,
350203228,2026-05-11T19:15:44+00:00,Unavailable,,
350203239,2026-05-11T19:15:44+00:00,Unavailable,,
350203250,2026-05-11T19:15:44+00:00,Unavailable,,
350203261,2026-05-11T19:15:44+00:00,Unavailable,,
350203272,2026-05-11T19:15:44+00:00,Unavailable,,
350203283,2026-05-11T19:15:44+00:00,Unavailable,,
350203294,2026-05-11T19:15:44+00:00,Unavailable,,
350203305,2026-05-11T19:15:44+00:00,Unavailable,,
350203316,2026-05-11T19:15:44+00:00,Unavailable,,
350203327,2026-05-11T19:15:44+00:00,Unavailable,,
350203338,2026-05-11T19:15:44+00:00,Unavailable,,
350203349,2026-05-11T19:15:44+00:00,Unavailable,,
350203360,2026-05-11T19:15:44+00:00,Unavailable,,
350203371,2026-05-11T19:15:44+00:00,Unavailable,,
350203383,2026-05-11T19:15:44+00:00,Unavailable,,
350203394,2026-05-11T19:15:44+00:00,Unavailable,,
350203405,2026-05-11T19:15:44+00:00,Unavailable,,
350203416,2026-05-11T19:15:44+00:00,Unavailable,,
350203427,2026-05-11T19:15:44+00:00,Unavailable,,
350203438,2026-05-11T19:15:44+00:00,Unavailable,,
350203449,2026-05-11T19:15:44+00:00,Unavailable,,
350203460,2026-05-11T19:15:44+00:00,Unavailable,,
350203472,2026-05-11T19:15:44+00:00,Unavailable,,
350203483,2026-05-11T19:15:44+00:00,Unavailable,,
350203494,2026-05-11T19:15:44+00:00,Unavailable,,
350203505,2026-05-11T19:15:44+00:00,Unavailable,,
350203516,2026-05-11T19:15:44+00:00,Unavailable,,
350203527,2026-05-11T19:15:44+00:00,Unavailable,,
350203538,2026-05-11T19:15:44+00:00,Unavailable,,
350203549,2026-05-11T19:15:44+00:00,Unavailable,,
350203560,2026-05-11T19:15:44+00:00,Unavailable,,
350203571,2026-05-11T19:15:44+00:00,Unavailable,,
350203593,2026-05-11T19:15:44+00:00,Unavailable,,
355173402,2026-05-11T19:15:44+00:00,Unavailable,,
350223957,2026-05-11T19:15:53+00:00,Unavailable,,
350223971,2026-05-11T19:15:53+00:00,Unavailable,,
350223985,2026-05-11T19:15:53+00:00,Unavailable,,
350223999,2026-05-11T19:15:53+00:00,Unavailable,,
350224011,2026-05-11T19:15:53+00:00,Unavailable,,
350224022,2026-05-11T19:15:53+00:00,Unavailable,,
350224033,2026-05-11T19:15:53+00:00,Unavailable,,
350224044,2026-05-11T19:15:53+00:00,Unavailable,,
350224055,2026-05-11T19:15:53+00:00,Unavailable,,
350224066,2026-05-11T19:15:53+00:00,Unavailable,,
350224077,2026-05-11T19:15:53+00:00,Unavailable,,
350224088,2026-05-11T19:15:53+00:00,Unavailable,,
350224102,2026-05-11T19:15:53+00:00,Unavailable,,
350224116,2026-05-11T19:15:53+00:00,Unavailable,,
350224130,2026-05-11T19:15:53+00:00,Unavailable,,
350224144,2026-05-11T19:15:53+00:00,Unavailable,,
350224158,2026-05-11T19:15:53+00:00,Unavailable,,
350224172,2026-05-11T19:15:53+00:00,Unavailable,,
350224186,2026-05-11T19:15:53+00:00,Unavailable,,
350224200,2026-05-11T19:15:53+00:00,Unavailable,,
350224214,2026-05-11T19:15:53+00:00,Unavailable,,
350224228,2026-05-11T19:15:53+00:00,Unavailable,,
350224239,2026-05-11T19:15:53+00:00,Unavailable,,
350224250,2026-05-11T19:15:53+00:00,Unavailable,,
350224261,2026-05-11T19:15:53+00:00,Unavailable,,
350224272,2026-05-11T19:15:53+00:00,Unavailable,,
350224283,2026-05-11T19:15:53+00:00,Unavailable,,
350224294,2026-05-11T19:15:53+00:00,Unavailable,,
350224305,2026-05-11T19:15:53+00:00,Unavailable,,
350224317,2026-05-11T19:15:53+00:00,Unavailable,,
350224328,2026-05-11T19:15:53+00:00,Unavailable,,
350224339,2026-05-11T19:15:53+00:00,Unavailable,,
350224350,2026-05-11T19:15:53+00:00,Unavailable,,
350224361,2026-05-11T19:15:53+00:00,Unavailable,,
350224372,2026-05-11T19:15:53+00:00,Unavailable,,
350224386,2026-05-11T19:15:53+00:00,Unavailable,,
350224401,2026-05-11T19:15:53+00:00,Unavailable,,
350224416,2026-05-11T19:15:53+00:00,Unavailable,,
350224433,2026-05-11T19:15:53+00:00,Unavailable,,
350224444,2026-05-11T19:15:53+00:00,Unavailable,,
350224455,2026-05-11T19:15:53+00:00,Unavailable,,
350224466,2026-05-11T19:15:53+00:00,Unavailable,,
350224477,2026-05-11T19:15:53+00:00,Unavailable,,
350224489,2026-05-11T19:15:53+00:00,Unavailable,,
350224500,2026-05-11T19:15:53+00:00,Unavailable,,
350224511,2026-05-11T19:15:53+00:00,Unavailable,,
350224522,2026-05-11T19:15:53+00:00,Unavailable,,
350224533,2026-05-11T19:15:53+00:00,Unavailable,,
350224544,2026-05-11T19:15:53+00:00,Unavailable,,
350224555,2026-05-11T19:15:53+00:00,Unavailable,,
350224566,2026-05-11T19:15:53+00:00,Unavailable,,
350224577,2026-05-11T19:15:53+00:00,Unavailable,,
350224588,2026-05-11T19:15:53+00:00,Unavailable,,
350224599,2026-05-11T19:15:53+00:00,Unavailable,,
350224612,2026-05-11T19:15:53+00:00,Unavailable,,
350224623,2026-05-11T19:15:53+00:00,Unavailable,,
350224634,2026-05-11T19:15:53+00:00,Unavailable,,
350224645,2026-05-11T19:15:53+00:00,Unavailable,,
350224658,2026-05-11T19:15:53+00:00,Unavailable,,
350224669,2026-05-11T19:15:53+00:00,Unavailable,,
350224680,2026-05-11T19:15:53+00:00,Unavailable,,
350224692,2026-05-11T19:15:53+00:00,Unavailable,,
350224703,2026-05-11T19:15:53+00:00,Unavailable,,
350224714,2026-05-11T19:15:53+00:00,Unavailable,,
350224725,2026-05-11T19:15:53+00:00,Unavailable,,
350224738,2026-05-11T19:15:53+00:00,Unavailable,,
350224749,2026-05-11T19:15:53+00:00,Unavailable,,
350224760,2026-05-11T19:15:53+00:00,Unavailable,,
350224771,2026-05-11T19:15:53+00:00,Unavailable,,
350224782,2026-05-11T19:15:53+00:00,Unavailable,,
350224793,2026-05-11T19:15:53+00:00,Unavailable,,
350224804,2026-05-11T19:15:53+00:00,Unavailable,,
350224815,2026-05-11T19:15:53+00:00,Unavailable,,
350224826,2026-05-11T19:15:53+00:00,Unavailable,,
350224837,2026-05-11T19:15:53+00:00,Unavailable,,
350224848,2026-05-11T19:15:53+00:00,Unavailable,,
350224859,2026-05-11T19:15:53+00:00,Unavailable,,
350224873,2026-05-11T19:15:53+00:00,Unavailable,,
350224887,2026-05-11T19:15:53+00:00,Unavailable,,
350224901,2026-05-11T19:15:53+00:00,Unavailable,,
350224915,2026-05-11T19:15:53+00:00,Unavailable,,
350224929,2026-05-11T19:15:53+00:00,Unavailable,,
350224940,2026-05-11T19:15:53+00:00,Unavailable,,
350224951,2026-05-11T19:15:53+00:00,Unavailable,,
350224962,2026-05-11T19:15:53+00:00,Unavailable,,
350224973,2026-05-11T19:15:53+00:00,Unavailable,,
350224985,2026-05-11T19:15:53+00:00,Unavailable,,
350224996,2026-05-11T19:15:53+00:00,Unavailable,,
350225008,2026-05-11T19:15:53+00:00,Unavailable,,
350225019,2026-05-11T19:15:53+00:00,Unavailable,,
350225030,2026-05-11T19:15:53+00:00,Unavailable,,
350225041,2026-05-11T19:15:53+00:00,Unavailable,,
350225053,2026-05-11T19:15:53+00:00,Unavailable,,
350225064,2026-05-11T19:15:53+00:00,Unavailable,,
350225075,2026-05-11T19:15:53+00:00,Unavailable,,
350225086,2026-05-11T19:15:53+00:00,Unavailable,,
350225097,2026-05-11T19:15:53+00:00,Unavailable,,
350225108,2026-05-11T19:15:53+00:00,Unavailable,,
350225119,2026-05-11T19:15:53+00:00,Unavailable,,
350225130,2026-05-11T19:15:53+00:00,Unavailable,,
350225141,2026-05-11T19:15:53+00:00,Unavailable,,
350225163,2026-05-11T19:15:53+00:00,Unavailable,,
350225174,2026-05-11T19:15:53+00:00,Unavailable,,
350225185,2026-05-11T19:15:53+00:00,Unavailable,,
350225196,2026-05-11T19:15:53+00:00,Unavailable,,
350225207,2026-05-11T19:15:53+00:00,Unavailable,,
350225218,2026-05-11T19:15:53+00:00,Unavailable,,
350225229,2026-05-11T19:15:53+00:00,Unavailable,,
350225240,2026-05-11T19:15:53+00:00,Unavailable,,
350225251,2026-05-11T19:15:53+00:00,Unavailable,,
350225262,2026-05-11T19:15:53+00:00,Unavailable,,
350225273,2026-05-11T19:15:53+00:00,Unavailable,,
350225285,2026-05-11T19:15:53+00:00,Unavailable,,
350225296,2026-05-11T19:15:53+00:00,Unavailable,,
350225307,2026-05-11T19:15:53+00:00,Unavailable,,
350225318,2026-05-11T19:15:53+00:00,Unavailable,,
350225329,2026-05-11T19:15:53+00:00,Unavailable,,
350225341,2026-05-11T19:15:53+00:00,Unavailable,,
350225352,2026-05-11T19:15:53+00:00,Unavailable,,
350225363,2026-05-11T19:15:53+00:00,Unavailable,,
350225375,2026-05-11T19:15:53+00:00,Unavailable,,
350225387,2026-05-11T19:15:53+00:00,Unavailable,,
350225401,2026-05-11T19:15:53+00:00,Unavailable,,
350225415,2026-05-11T19:15:53+00:00,Unavailable,,
350225429,2026-05-11T19:15:53+00:00,Unavailable,,
350225443,2026-05-11T19:15:53+00:00,Unavailable,,
350225457,2026-05-11T19:15:53+00:00,Unavailable,,
350225471,2026-05-11T19:15:53+00:00,Unavailable,,
350225485,2026-05-11T19:15:53+00:00,Unavailable,,
350225496,2026-05-11T19:15:53+00:00,Unavailable,,
350225507,2026-05-11T19:15:53+00:00,Unavailable,,
350225518,2026-05-11T19:15:53+00:00,Unavailable,,
350225529,2026-05-11T19:15:53+00:00,Unavailable,,
350225540,2026-05-11T19:15:53+00:00,Unavailable,,
350225551,2026-05-11T19:15:53+00:00,Unavailable,,
350225562,2026-05-11T19:15:53+00:00,Unavailable,,
350225573,2026-05-11T19:15:53+00:00,Unavailable,,
350225584,2026-05-11T19:15:53+00:00,Unavailable,,
350225596,2026-05-11T19:15:53+00:00,Unavailable,,
350225607,2026-05-11T19:15:53+00:00,Unavailable,,
350225618,2026-05-11T19:15:53+00:00,Unavailable,,
350225629,2026-05-11T19:15:53+00:00,Unavailable,,
350225640,2026-05-11T19:15:53+00:00,Unavailable,,
350225651,2026-05-11T19:15:53+00:00,Unavailable,,
350225663,2026-05-11T19:15:53+00:00,Unavailable,,
350225674,2026-05-11T19:15:53+00:00,Unavailable,,
350225688,2026-05-11T19:15:53+00:00,Unavailable,,
350225702,2026-05-11T19:15:53+00:00,Unavailable,,
350225716,2026-05-11T19:15:53+00:00,Unavailable,,
350225730,2026-05-11T19:15:53+00:00,Unavailable,,
350225744,2026-05-11T19:15:53+00:00,Unavailable,,
350225758,2026-05-11T19:15:53+00:00,Unavailable,,
350225786,2026-05-11T19:15:53+00:00,Unavailable,,
350225814,2026-05-11T19:15:53+00:00,Unavailable,,
350225825,2026-05-11T19:15:53+00:00,Unavailable,,
350225836,2026-05-11T19:15:53+00:00,Unavailable,,
350225847,2026-05-11T19:15:53+00:00,Unavailable,,
350225858,2026-05-11T19:15:53+00:00,Unavailable,,
350225869,2026-05-11T19:15:53+00:00,Unavailable,,
350225880,2026-05-11T19:15:53+00:00,Unavailable,,
350225891,2026-05-11T19:15:53+00:00,Unavailable,,
350225902,2026-05-11T19:15:53+00:00,Unavailable,,
350225913,2026-05-11T19:15:53+00:00,Unavailable,,
350225924,2026-05-11T19:15:53+00:00,Unavailable,,
350225935,2026-05-11T19:15:53+00:00,Unavailable,,
350225946,2026-05-11T19:15:53+00:00,Unavailable,,
350225957,2026-05-11T19:15:53+00:00,Unavailable,,
350225968,2026-05-11T19:15:53+00:00,Unavailable,,
350225981,2026-05-11T19:15:53+00:00,Unavailable,,
350225993,2026-05-11T19:15:53+00:00,Unavailable,,
350226004,2026-05-11T19:15:53+00:00,Unavailable,,
350226015,2026-05-11T19:15:53+00:00,Unavailable,,
350226026,2026-05-11T19:15:53+00:00,Unavailable,,
350226037,2026-05-11T19:15:53+00:00,Unavailable,,
350226048,2026-05-11T19:15:53+00:00,Unavailable,,
350226059,2026-05-11T19:15:53+00:00,Unavailable,,
350226070,2026-05-11T19:15:53+00:00,Unavailable,,
350280176,2026-05-11T19:15:53+00:00,Unavailable,,
350280422,2026-05-11T19:15:53+00:00,Unavailable,,
350280510,2026-05-11T19:15:53+00:00,Unavailable,,
350280525,2026-05-11T19:15:53+00:00,Unavailable,,
350280536,2026-05-11T19:15:53+00:00,Unavailable,,
350288650,2026-05-11T19:15:53+00:00,Unavailable,,
350288664,2026-05-11T19:15:53+00:00,Unavailable,,
350288680,2026-05-11T19:15:53+00:00,Unavailable,,
350288691,2026-05-11T19:15:53+00:00,Unavailable,,
350288702,2026-05-11T19:15:53+00:00,Unavailable,,
350288713,2026-05-11T19:15:53+00:00,Unavailable,,
350288724,2026-05-11T19:15:53+00:00,Unavailable,,
350288737,2026-05-11T19:15:53+00:00,Unavailable,,
350288748,2026-05-11T19:15:53+00:00,Unavailable,,
350288759,2026-05-11T19:15:53+00:00,Unavailable,,
350288770,2026-05-11T19:15:53+00:00,Unavailable,,
350288781,2026-05-11T19:15:53+00:00,Unavailable,,
350288792,2026-05-11T19:15:53+00:00,Unavailable,,
350288804,2026-05-11T19:15:53+00:00,Unavailable,,
350288815,2026-05-11T19:15:53+00:00,Unavailable,,
350288826,2026-05-11T19:15:53+00:00,Unavailable,,
350288837,2026-05-11T19:15:53+00:00,Unavailable,,
350288848,2026-05-11T19:15:53+00:00,Unavailable,,
350288859,2026-05-11T19:15:53+00:00,Unavailable,,
350288870,2026-05-11T19:15:53+00:00,Unavailable,,
350288881,2026-05-11T19:15:53+00:00,Unavailable,,
350288892,2026-05-11T19:15:53+00:00,Unavailable,,
350288903,2026-05-11T19:15:53+00:00,Unavailable,,
350288914,2026-05-11T19:15:53+00:00,Unavailable,,
350288925,2026-05-11T19:15:53+00:00,Unavailable,,
350288937,2026-05-11T19:15:53+00:00,Unavailable,,
350288948,2026-05-11T19:15:53+00:00,Unavailable,,
350288959,2026-05-11T19:15:53+00:00,Unavailable,,
350288970,2026-05-11T19:15:53+00:00,Unavailable,,
350288981,2026-05-11T19:15:53+00:00,Unavailable,,
350288992,2026-05-11T19:15:53+00:00,Unavailable,,
350289003,2026-05-11T19:15:53+00:00,Unavailable,,
350289014,2026-05-11T19:15:53+00:00,Unavailable,,
350289048,2026-05-11T19:15:53+00:00,Unavailable,,
350289060,2026-05-11T19:15:53+00:00,Unavailable,,
350289071,2026-05-11T19:15:53+00:00,Unavailable,,
350289082,2026-05-11T19:15:53+00:00,Unavailable,,
350289093,2026-05-11T19:15:53+00:00,Unavailable,,
350289104,2026-05-11T19:15:53+00:00,Unavailable,,
350289115,2026-05-11T19:15:53+00:00,Unavailable,,
350289126,2026-05-11T19:15:53+00:00,Unavailable,,
350289137,2026-05-11T19:15:53+00:00,Unavailable,,
350289148,2026-05-11T19:15:53+00:00,Unavailable,,
350289159,2026-05-11T19:15:53+00:00,Unavailable,,
350289170,2026-05-11T19:15:53+00:00,Unavailable,,
350289181,2026-05-11T19:15:53+00:00,Unavailable,,
350289192,2026-05-11T19:15:53+00:00,Unavailable,,
350289203,2026-05-11T19:15:53+00:00,Unavailable,,
350289214,2026-05-11T19:15:53+00:00,Unavailable,,
350289226,2026-05-11T19:15:53+00:00,Unavailable,,
350289237,2026-05-11T19:15:53+00:00,Unavailable,,
350289248,2026-05-11T19:15:53+00:00,Unavailable,,
350289260,2026-05-11T19:15:53+00:00,Unavailable,,
350289271,2026-05-11T19:15:53+00:00,Unavailable,,
350289282,2026-05-11T19:15:53+00:00,Unavailable,,
350289293,2026-05-11T19:15:53+00:00,Unavailable,,
350289304,2026-05-11T19:15:53+00:00,Unavailable,,
350289315,2026-05-11T19:15:53+00:00,Unavailable,,
350289326,2026-05-11T19:15:53+00:00,Unavailable,,
350289337,2026-05-11T19:15:53+00:00,Unavailable,,
350289348,2026-05-11T19:15:53+00:00,Unavailable,,
350289359,2026-05-11T19:15:53+00:00,Unavailable,,
350289370,2026-05-11T19:15:53+00:00,Unavailable,,
350289381,2026-05-11T19:15:53+00:00,Unavailable,,
350289392,2026-05-11T19:15:53+00:00,Unavailable,,
350289404,2026-05-11T19:15:53+00:00,Unavailable,,
351070164,2026-05-11T19:15:53+00:00,Unavailable,,
351073176,2026-05-11T19:15:53+00:00,Unavailable,,
353250216,2026-05-11T19:15:53+00:00,Unavailable,,
364658017,2026-05-11T19:15:53+00:00,Unavailable,,
350216376,2026-05-11T21:44:48+00:00,Unavailable,,
350216387,2026-05-11T21:44:48+00:00,Unavailable,,
350216398,2026-05-11T21:44:48+00:00,Unavailable,,
350216409,2026-05-11T21:44:48+00:00,Unavailable,,
350216431,2026-05-11T21:44:48+00:00,Unavailable,,
350216442,2026-05-11T21:44:48+00:00,Unavailable,,
350216453,2026-05-11T21:44:48+00:00,Unavailable,,
350216465,2026-05-11T21:44:48+00:00,Unavailable,,
350216476,2026-05-11T21:44:48+00:00,Unavailable,,
350216487,2026-05-11T21:44:48+00:00,Unavailable,,
350216498,2026-05-11T21:44:48+00:00,Unavailable,,
350216509,2026-05-11T21:44:48+00:00,Unavailable,,
350216520,2026-05-11T21:44:48+00:00,Unavailable,,
350216542,2026-05-11T21:44:48+00:00,Unavailable,,
350216553,2026-05-11T21:44:48+00:00,Unavailable,,
350216564,2026-05-11T21:44:48+00:00,Unavailable,,
350216575,2026-05-11T21:44:48+00:00,Unavailable,,
350216586,2026-05-11T21:44:48+00:00,Unavailable,,
350216597,2026-05-11T21:44:48+00:00,Unavailable,,
350216608,2026-05-11T21:44:48+00:00,Unavailable,,
350216619,2026-05-11T21:44:48+00:00,Unavailable,,
350216630,2026-05-11T21:44:48+00:00,Unavailable,,
350216652,2026-05-11T21:44:48+00:00,Unavailable,,
350216663,2026-05-11T21:44:48+00:00,Unavailable,,
350216674,2026-05-11T21:44:48+00:00,Unavailable,,
350216685,2026-05-11T21:44:48+00:00,Unavailable,,
350216696,2026-05-11T21:44:48+00:00,Unavailable,,
350216707,2026-05-11T21:44:48+00:00,Unavailable,,
350216718,2026-05-11T21:44:48+00:00,Unavailable,,
350216729,2026-05-11T21:44:48+00:00,Unavailable,,
350216740,2026-05-11T21:44:48+00:00,Unavailable,,
350216751,2026-05-11T21:44:48+00:00,Unavailable,,
350216762,2026-05-11T21:44:48+00:00,Unavailable,,
350216773,2026-05-11T21:44:48+00:00,Unavailable,,
350216784,2026-05-11T21:44:48+00:00,Unavailable,,
350216795,2026-05-11T21:44:48+00:00,Unavailable,,
350216806,2026-05-11T21:44:48+00:00,Unavailable,,
350216817,2026-05-11T21:44:48+00:00,Unavailable,,
350216828,2026-05-11T21:44:48+00:00,Unavailable,,
350216839,2026-05-11T21:44:48+00:00,Unavailable,,
350216850,2026-05-11T21:44:48+00:00,Unavailable,,
350216861,2026-05-11T21:44:48+00:00,Unavailable,,
350216872,2026-05-11T21:44:48+00:00,Unavailable,,
350216884,2026-05-11T21:44:48+00:00,Unavailable,,
350216895,2026-05-11T21:44:48+00:00,Unavailable,,
350216906,2026-05-11T21:44:48+00:00,Unavailable,,
350216917,2026-05-11T21:44:48+00:00,Unavailable,,
350216928,2026-05-11T21:44:48+00:00,Unavailable,,
350216939,2026-05-11T21:44:48+00:00,Unavailable,,
350216950,2026-05-11T21:44:48+00:00,Unavailable,,
350216961,2026-05-11T21:44:48+00:00,Unavailable,,
350216972,2026-05-11T21:44:48+00:00,Unavailable,,
350216994,2026-05-11T21:44:48+00:00,Unavailable,,
350217005,2026-05-11T21:44:48+00:00,Unavailable,,
350217016,2026-05-11T21:44:48+00:00,Unavailable,,
350217027,2026-05-11T21:44:48+00:00,Unavailable,,
350217049,2026-05-11T21:44:48+00:00,Unavailable,,
350217071,2026-05-11T21:44:48+00:00,Unavailable,,
350217083,2026-05-11T21:44:48+00:00,Unavailable,,
350217105,2026-05-11T21:44:48+00:00,Unavailable,,
350217117,2026-05-11T21:44:48+00:00,Unavailable,,
350217128,2026-05-11T21:44:48+00:00,Unavailable,,
350217150,2026-05-11T21:44:48+00:00,Unavailable,,
350217162,2026-05-11T21:44:48+00:00,Unavailable,,
350217174,2026-05-11T21:44:48+00:00,Unavailable,,
350217185,2026-05-11T21:44:48+00:00,Unavailable,,
350217207,2026-05-11T21:44:48+00:00,Unavailable,,
350217218,2026-05-11T21:44:48+00:00,Unavailable,,
350217240,2026-05-11T21:44:48+00:00,Unavailable,,
350217251,2026-05-11T21:44:48+00:00,Unavailable,,
350217262,2026-05-11T21:44:48+00:00,Unavailable,,
350217273,2026-05-11T21:44:48+00:00,Unavailable,,
350217284,2026-05-11T21:44:48+00:00,Unavailable,,
350217295,2026-05-11T21:44:48+00:00,Unavailable,,
350217306,2026-05-11T21:44:48+00:00,Unavailable,,
350217317,2026-05-11T21:44:48+00:00,Unavailable,,
350217339,2026-05-11T21:44:48+00:00,Unavailable,,
350217353,2026-05-11T21:44:48+00:00,Unavailable,,
350217366,2026-05-11T21:44:48+00:00,Unavailable,,
350217379,2026-05-11T21:44:48+00:00,Unavailable,,
350217393,2026-05-11T21:44:48+00:00,Unavailable,,
350217404,2026-05-11T21:44:48+00:00,Unavailable,,
350217415,2026-05-11T21:44:48+00:00,Unavailable,,
350217426,2026-05-11T21:44:48+00:00,Unavailable,,
350217437,2026-05-11T21:44:48+00:00,Unavailable,,
350217448,2026-05-11T21:44:48+00:00,Unavailable,,
350732033,2026-05-11T21:44:48+00:00,Unavailable,,
350739304,2026-05-11T21:44:48+00:00,Unavailable,,
350740400,2026-05-11T21:44:48+00:00,Unavailable,,
350740938,2026-05-11T21:44:48+00:00,Unavailable,,
350741533,2026-05-11T21:44:48+00:00,Unavailable,,
350741599,2026-05-11T21:44:48+00:00,Unavailable,,
364675943,2026-05-11T21:44:48+00:00,Unavailable,,
364677421,2026-05-11T21:44:48+00:00,Unavailable,,
364677693,2026-05-11T21:44:48+00:00,Unavailable,,
364678079,2026-05-11T21:44:48+00:00,Unavailable,,
350200801,2026-05-11T21:44:52+00:00,Unavailable,,
350200813,2026-05-11T21:44:52+00:00,Unavailable,,
350200824,2026-05-11T21:44:52+00:00,Unavailable,,
350200836,2026-05-11T21:44:52+00:00,Unavailable,,
350200847,2026-05-11T21:44:52+00:00,Unavailable,,
350200858,2026-05-11T21:44:52+00:00,Unavailable,,
350200869,2026-05-11T21:44:52+00:00,Unavailable,,
350200880,2026-05-11T21:44:52+00:00,Unavailable,,
350200891,2026-05-11T21:44:52+00:00,Unavailable,,
350200902,2026-05-11T21:44:52+00:00,Unavailable,,
350200913,2026-05-11T21:44:52+00:00,Unavailable,,
350200924,2026-05-11T21:44:52+00:00,Unavailable,,
350200935,2026-05-11T21:44:52+00:00,Unavailable,,
350200946,2026-05-11T21:44:52+00:00,Unavailable,,
350200957,2026-05-11T21:44:52+00:00,Unavailable,,
350200968,2026-05-11T21:44:52+00:00,Unavailable,,
350200979,2026-05-11T21:44:52+00:00,Unavailable,,
350200990,2026-05-11T21:44:52+00:00,Unavailable,,
350201001,2026-05-11T21:44:52+00:00,Unavailable,,
350201012,2026-05-11T21:44:52+00:00,Unavailable,,
350201023,2026-05-11T21:44:52+00:00,Unavailable,,
350201034,2026-05-11T21:44:52+00:00,Unavailable,,
350201045,2026-05-11T21:44:52+00:00,Unavailable,,
350201058,2026-05-11T21:44:52+00:00,Unavailable,,
350201069,2026-05-11T21:44:52+00:00,Unavailable,,
350201080,2026-05-11T21:44:52+00:00,Unavailable,,
350201091,2026-05-11T21:44:52+00:00,Unavailable,,
350201102,2026-05-11T21:44:52+00:00,Unavailable,,
350201113,2026-05-11T21:44:52+00:00,Unavailable,,
350201124,2026-05-11T21:44:52+00:00,Unavailable,,
350201135,2026-05-11T21:44:52+00:00,Unavailable,,
350201146,2026-05-11T21:44:52+00:00,Unavailable,,
350201157,2026-05-11T21:44:52+00:00,Unavailable,,
350201170,2026-05-11T21:44:52+00:00,Unavailable,,
350201182,2026-05-11T21:44:52+00:00,Unavailable,,
350201193,2026-05-11T21:44:52+00:00,Unavailable,,
350201205,2026-05-11T21:44:52+00:00,Unavailable,,
350201216,2026-05-11T21:44:52+00:00,Unavailable,,
350201227,2026-05-11T21:44:52+00:00,Unavailable,,
350201238,2026-05-11T21:44:52+00:00,Unavailable,,
350201249,2026-05-11T21:44:52+00:00,Unavailable,,
350201260,2026-05-11T21:44:52+00:00,Unavailable,,
350201271,2026-05-11T21:44:52+00:00,Unavailable,,
350201283,2026-05-11T21:44:52+00:00,Unavailable,,
350201294,2026-05-11T21:44:52+00:00,Unavailable,,
350201305,2026-05-11T21:44:52+00:00,Unavailable,,
350201316,2026-05-11T21:44:52+00:00,Unavailable,,
350201327,2026-05-11T21:44:52+00:00,Unavailable,,
350201338,2026-05-11T21:44:52+00:00,Unavailable,,
350201349,2026-05-11T21:44:52+00:00,Unavailable,,
350201360,2026-05-11T21:44:52+00:00,Unavailable,,
350201371,2026-05-11T21:44:52+00:00,Unavailable,,
350201382,2026-05-11T21:44:52+00:00,Unavailable,,
350201393,2026-05-11T21:44:52+00:00,Unavailable,,
350201404,2026-05-11T21:44:52+00:00,Unavailable,,
350201415,2026-05-11T21:44:52+00:00,Unavailable,,
350201426,2026-05-11T21:44:52+00:00,Unavailable,,
350201437,2026-05-11T21:44:52+00:00,Unavailable,,
350201448,2026-05-11T21:44:52+00:00,Unavailable,,
350201459,2026-05-11T21:44:52+00:00,Unavailable,,
350201470,2026-05-11T21:44:52+00:00,Unavailable,,
350201481,2026-05-11T21:44:52+00:00,Unavailable,,
350201492,2026-05-11T21:44:52+00:00,Unavailable,,
350201503,2026-05-11T21:44:52+00:00,Unavailable,,
350201514,2026-05-11T21:44:52+00:00,Unavailable,,
350201525,2026-05-11T21:44:52+00:00,Unavailable,,
350201536,2026-05-11T21:44:52+00:00,Unavailable,,
350201547,2026-05-11T21:44:52+00:00,Unavailable,,
350201558,2026-05-11T21:44:52+00:00,Unavailable,,
350201569,2026-05-11T21:44:52+00:00,Unavailable,,
350201580,2026-05-11T21:44:52+00:00,Unavailable,,
350201591,2026-05-11T21:44:52+00:00,Unavailable,,
350201602,2026-05-11T21:44:52+00:00,Unavailable,,
350201613,2026-05-11T21:44:52+00:00,Unavailable,,
350201624,2026-05-11T21:44:52+00:00,Unavailable,,
350201635,2026-05-11T21:44:52+00:00,Unavailable,,
350201646,2026-05-11T21:44:52+00:00,Unavailable,,
350201657,2026-05-11T21:44:52+00:00,Unavailable,,
350201668,2026-05-11T21:44:52+00:00,Unavailable,,
350201679,2026-05-11T21:44:52+00:00,Unavailable,,
350201690,2026-05-11T21:44:52+00:00,Unavailable,,
350201701,2026-05-11T21:44:52+00:00,Unavailable,,
350201712,2026-05-11T21:44:52+00:00,Unavailable,,
350201723,2026-05-11T21:44:52+00:00,Unavailable,,
350201735,2026-05-11T21:44:52+00:00,Unavailable,,
350201746,2026-05-11T21:44:52+00:00,Unavailable,,
350201757,2026-05-11T21:44:52+00:00,Unavailable,,
350201768,2026-05-11T21:44:52+00:00,Unavailable,,
350201779,2026-05-11T21:44:52+00:00,Unavailable,,
350201790,2026-05-11T21:44:52+00:00,Unavailable,,
350201801,2026-05-11T21:44:52+00:00,Unavailable,,
350201812,2026-05-11T21:44:52+00:00,Unavailable,,
350201823,2026-05-11T21:44:52+00:00,Unavailable,,
350201834,2026-05-11T21:44:52+00:00,Unavailable,,
350201845,2026-05-11T21:44:52+00:00,Unavailable,,
350201856,2026-05-11T21:44:52+00:00,Unavailable,,
350201867,2026-05-11T21:44:52+00:00,Unavailable,,
350201879,2026-05-11T21:44:52+00:00,Unavailable,,
350201890,2026-05-11T21:44:52+00:00,Unavailable,,
350201901,2026-05-11T21:44:52+00:00,Unavailable,,
350201912,2026-05-11T21:44:52+00:00,Unavailable,,
350201924,2026-05-11T21:44:52+00:00,Unavailable,,
350201935,2026-05-11T21:44:52+00:00,Unavailable,,
350201947,2026-05-11T21:44:52+00:00,Unavailable,,
350201958,2026-05-11T21:44:52+00:00,Unavailable,,
350201969,2026-05-11T21:44:52+00:00,Unavailable,,
350201980,2026-05-11T21:44:52+00:00,Unavailable,,
350201991,2026-05-11T21:44:52+00:00,Unavailable,,
350202003,2026-05-11T21:44:52+00:00,Unavailable,,
350202018,2026-05-11T21:44:52+00:00,Unavailable,,
350202032,2026-05-11T21:44:52+00:00,Unavailable,,
350202045,2026-05-11T21:44:52+00:00,Unavailable,,
350202056,2026-05-11T21:44:52+00:00,Unavailable,,
350202069,2026-05-11T21:44:52+00:00,Unavailable,,
350202080,2026-05-11T21:44:52+00:00,Unavailable,,
350202091,2026-05-11T21:44:52+00:00,Unavailable,,
350202102,2026-05-11T21:44:52+00:00,Unavailable,,
350202113,2026-05-11T21:44:52+00:00,Unavailable,,
350202124,2026-05-11T21:44:52+00:00,Unavailable,,
350202135,2026-05-11T21:44:52+00:00,Unavailable,,
350202146,2026-05-11T21:44:52+00:00,Unavailable,,
350202157,2026-05-11T21:44:52+00:00,Unavailable,,
350202168,2026-05-11T21:44:52+00:00,Unavailable,,
350202180,2026-05-11T21:44:52+00:00,Unavailable,,
350202191,2026-05-11T21:44:52+00:00,Unavailable,,
350202202,2026-05-11T21:44:52+00:00,Unavailable,,
350202213,2026-05-11T21:44:52+00:00,Unavailable,,
350202224,2026-05-11T21:44:52+00:00,Unavailable,,
350202235,2026-05-11T21:44:52+00:00,Unavailable,,
350202246,2026-05-11T21:44:52+00:00,Unavailable,,
350202257,2026-05-11T21:44:52+00:00,Unavailable,,
350202268,2026-05-11T21:44:52+00:00,Unavailable,,
350202279,2026-05-11T21:44:52+00:00,Unavailable,,
350202290,2026-05-11T21:44:52+00:00,Unavailable,,
350202301,2026-05-11T21:44:52+00:00,Unavailable,,
350202312,2026-05-11T21:44:52+00:00,Unavailable,,
350202323,2026-05-11T21:44:52+00:00,Unavailable,,
350202334,2026-05-11T21:44:52+00:00,Unavailable,,
350202347,2026-05-11T21:44:52+00:00,Unavailable,,
350202361,2026-05-11T21:44:52+00:00,Unavailable,,
350202372,2026-05-11T21:44:52+00:00,Unavailable,,
350202383,2026-05-11T21:44:52+00:00,Unavailable,,
350202394,2026-05-11T21:44:52+00:00,Unavailable,,
350202406,2026-05-11T21:44:52+00:00,Unavailable,,
350202417,2026-05-11T21:44:52+00:00,Unavailable,,
350202429,2026-05-11T21:44:52+00:00,Unavailable,,
350202440,2026-05-11T21:44:52+00:00,Unavailable,,
350202451,2026-05-11T21:44:52+00:00,Unavailable,,
350202462,2026-05-11T21:44:52+00:00,Unavailable,,
350202473,2026-05-11T21:44:52+00:00,Unavailable,,
350202484,2026-05-11T21:44:52+00:00,Unavailable,,
350202495,2026-05-11T21:44:52+00:00,Unavailable,,
350202506,2026-05-11T21:44:52+00:00,Unavailable,,
350202517,2026-05-11T21:44:52+00:00,Unavailable,,
350202528,2026-05-11T21:44:52+00:00,Unavailable,,
350202539,2026-05-11T21:44:52+00:00,Unavailable,,
350202551,2026-05-11T21:44:52+00:00,Unavailable,,
350202562,2026-05-11T21:44:52+00:00,Unavailable,,
350202573,2026-05-11T21:44:52+00:00,Unavailable,,
350202584,2026-05-11T21:44:52+00:00,Unavailable,,
350202595,2026-05-11T21:44:52+00:00,Unavailable,,
350202607,2026-05-11T21:44:52+00:00,Unavailable,,
350202618,2026-05-11T21:44:52+00:00,Unavailable,,
350202631,2026-05-11T21:44:52+00:00,Unavailable,,
350202642,2026-05-11T21:44:52+00:00,Unavailable,,
350202654,2026-05-11T21:44:52+00:00,Unavailable,,
350202665,2026-05-11T21:44:52+00:00,Unavailable,,
350202676,2026-05-11T21:44:52+00:00,Unavailable,,
350202687,2026-05-11T21:44:52+00:00,Unavailable,,
350202698,2026-05-11T21:44:52+00:00,Unavailable,,
350202709,2026-05-11T21:44:52+00:00,Unavailable,,
350202720,2026-05-11T21:44:52+00:00,Unavailable,,
350202731,2026-05-11T21:44:52+00:00,Unavailable,,
350202742,2026-05-11T21:44:52+00:00,Unavailable,,
350202753,2026-05-11T21:44:52+00:00,Unavailable,,
350202764,2026-05-11T21:44:52+00:00,Unavailable,,
350202775,2026-05-11T21:44:52+00:00,Unavailable,,
350202786,2026-05-11T21:44:52+00:00,Unavailable,,
350202797,2026-05-11T21:44:52+00:00,Unavailable,,
350202808,2026-05-11T21:44:52+00:00,Unavailable,,
350202819,2026-05-11T21:44:52+00:00,Unavailable,,
350202830,2026-05-11T21:44:52+00:00,Unavailable,,
350202841,2026-05-11T21:44:52+00:00,Unavailable,,
350202852,2026-05-11T21:44:52+00:00,Unavailable,,
350202863,2026-05-11T21:44:52+00:00,Unavailable,,
350202874,2026-05-11T21:44:52+00:00,Unavailable,,
350202885,2026-05-11T21:44:52+00:00,Unavailable,,
350202896,2026-05-11T21:44:52+00:00,Unavailable,,
350202908,2026-05-11T21:44:52+00:00,Unavailable,,
350202919,2026-05-11T21:44:52+00:00,Unavailable,,
350202930,2026-05-11T21:44:52+00:00,Unavailable,,
350202941,2026-05-11T21:44:52+00:00,Unavailable,,
350202952,2026-05-11T21:44:52+00:00,Unavailable,,
350202963,2026-05-11T21:44:52+00:00,Unavailable,,
350202974,2026-05-11T21:44:52+00:00,Unavailable,,
350202985,2026-05-11T21:44:52+00:00,Unavailable,,
350202996,2026-05-11T21:44:52+00:00,Unavailable,,
350203007,2026-05-11T21:44:52+00:00,Unavailable,,
350203018,2026-05-11T21:44:52+00:00,Unavailable,,
350203029,2026-05-11T21:44:52+00:00,Unavailable,,
350203040,2026-05-11T21:44:52+00:00,Unavailable,,
350203051,2026-05-11T21:44:52+00:00,Unavailable,,
350203062,2026-05-11T21:44:52+00:00,Unavailable,,
350203073,2026-05-11T21:44:52+00:00,Unavailable,,
350203084,2026-05-11T21:44:52+00:00,Unavailable,,
350203095,2026-05-11T21:44:52+00:00,Unavailable,,
350203106,2026-05-11T21:44:52+00:00,Unavailable,,
350203117,2026-05-11T21:44:52+00:00,Unavailable,,
350203128,2026-05-11T21:44:52+00:00,Unavailable,,
350203139,2026-05-11T21:44:52+00:00,Unavailable,,
350203150,2026-05-11T21:44:52+00:00,Unavailable,,
350203162,2026-05-11T21:44:52+00:00,Unavailable,,
350203173,2026-05-11T21:44:52+00:00,Unavailable,,
350203184,2026-05-11T21:44:52+00:00,Unavailable,,
350203195,2026-05-11T21:44:52+00:00,Unavailable,,
350203206,2026-05-11T21:44:52+00:00,Unavailable,,
350203217,2026-05-11T21:44:52+00:00,Unavailable,,
350203228,2026-05-11T21:44:52+00:00,Unavailable,,
350203239,2026-05-11T21:44:52+00:00,Unavailable,,
350203250,2026-05-11T21:44:52+00:00,Unavailable,,
350203261,2026-05-11T21:44:52+00:00,Unavailable,,
350203272,2026-05-11T21:44:52+00:00,Unavailable,,
350203283,2026-05-11T21:44:52+00:00,Unavailable,,
350203294,2026-05-11T21:44:52+00:00,Unavailable,,
350203305,2026-05-11T21:44:52+00:00,Unavailable,,
350203316,2026-05-11T21:44:52+00:00,Unavailable,,
350203327,2026-05-11T21:44:52+00:00,Unavailable,,
350203338,2026-05-11T21:44:52+00:00,Unavailable,,
350203349,2026-05-11T21:44:52+00:00,Unavailable,,
350203360,2026-05-11T21:44:52+00:00,Unavailable,,
350203371,2026-05-11T21:44:52+00:00,Unavailable,,
350203383,2026-05-11T21:44:52+00:00,Unavailable,,
350203394,2026-05-11T21:44:52+00:00,Unavailable,,
350203405,2026-05-11T21:44:52+00:00,Unavailable,,
350203416,2026-05-11T21:44:52+00:00,Unavailable,,
350203427,2026-05-11T21:44:52+00:00,Unavailable,,
350203438,2026-05-11T21:44:52+00:00,Unavailable,,
350203449,2026-05-11T21:44:52+00:00,Unavailable,,
350203460,2026-05-11T21:44:52+00:00,Unavailable,,
350203472,2026-05-11T21:44:52+00:00,Unavailable,,
350203483,2026-05-11T21:44:52+00:00,Unavailable,,
350203494,2026-05-11T21:44:52+00:00,Unavailable,,
350203505,2026-05-11T21:44:52+00:00,Unavailable,,
350203516,2026-05-11T21:44:52+00:00,Unavailable,,
350203527,2026-05-11T21:44:52+00:00,Unavailable,,
350203538,2026-05-11T21:44:52+00:00,Unavailable,,
350203549,2026-05-11T21:44:52+00:00,Unavailable,,
350203560,2026-05-11T21:44:52+00:00,Unavailable,,
350203571,2026-05-11T21:44:52+00:00,Unavailable,,
350203593,2026-05-11T21:44:52+00:00,Unavailable,,
355173402,2026-05-11T21:44:52+00:00,Unavailable,,
350223957,2026-05-11T21:45:01+00:00,Unavailable,,
350223971,2026-05-11T21:45:01+00:00,Unavailable,,
350223985,2026-05-11T21:45:01+00:00,Unavailable,,
350223999,2026-05-11T21:45:01+00:00,Unavailable,,
350224011,2026-05-11T21:45:01+00:00,Unavailable,,
350224022,2026-05-11T21:45:01+00:00,Unavailable,,
350224033,2026-05-11T21:45:01+00:00,Unavailable,,
350224044,2026-05-11T21:45:01+00:00,Unavailable,,
350224055,2026-05-11T21:45:01+00:00,Unavailable,,
350224066,2026-05-11T21:45:01+00:00,Unavailable,,
350224077,2026-05-11T21:45:01+00:00,Unavailable,,
350224088,2026-05-11T21:45:01+00:00,Unavailable,,
350224102,2026-05-11T21:45:01+00:00,Unavailable,,
350224116,2026-05-11T21:45:01+00:00,Unavailable,,
350224130,2026-05-11T21:45:01+00:00,Unavailable,,
350224144,2026-05-11T21:45:01+00:00,Unavailable,,
350224158,2026-05-11T21:45:01+00:00,Unavailable,,
350224172,2026-05-11T21:45:01+00:00,Unavailable,,
350224186,2026-05-11T21:45:01+00:00,Unavailable,,
350224200,2026-05-11T21:45:01+00:00,Unavailable,,
350224214,2026-05-11T21:45:01+00:00,Unavailable,,
350224228,2026-05-11T21:45:01+00:00,Unavailable,,
350224239,2026-05-11T21:45:01+00:00,Unavailable,,
350224250,2026-05-11T21:45:01+00:00,Unavailable,,
350224261,2026-05-11T21:45:01+00:00,Unavailable,,
350224272,2026-05-11T21:45:01+00:00,Unavailable,,
350224283,2026-05-11T21:45:01+00:00,Unavailable,,
350224294,2026-05-11T21:45:01+00:00,Unavailable,,
350224305,2026-05-11T21:45:01+00:00,Unavailable,,
350224317,2026-05-11T21:45:01+00:00,Unavailable,,
350224328,2026-05-11T21:45:01+00:00,Unavailable,,
350224339,2026-05-11T21:45:01+00:00,Unavailable,,
350224350,2026-05-11T21:45:01+00:00,Unavailable,,
350224361,2026-05-11T21:45:01+00:00,Unavailable,,
350224372,2026-05-11T21:45:01+00:00,Unavailable,,
350224386,2026-05-11T21:45:01+00:00,Unavailable,,
350224401,2026-05-11T21:45:01+00:00,Unavailable,,
350224416,2026-05-11T21:45:01+00:00,Unavailable,,
350224433,2026-05-11T21:45:01+00:00,Unavailable,,
350224444,2026-05-11T21:45:01+00:00,Unavailable,,
350224455,2026-05-11T21:45:01+00:00,Unavailable,,
350224466,2026-05-11T21:45:01+00:00,Unavailable,,
350224477,2026-05-11T21:45:01+00:00,Unavailable,,
350224489,2026-05-11T21:45:01+00:00,Unavailable,,
350224500,2026-05-11T21:45:01+00:00,Unavailable,,
350224511,2026-05-11T21:45:01+00:00,Unavailable,,
350224522,2026-05-11T21:45:01+00:00,Unavailable,,
350224533,2026-05-11T21:45:01+00:00,Unavailable,,
350224544,2026-05-11T21:45:01+00:00,Unavailable,,
350224555,2026-05-11T21:45:01+00:00,Unavailable,,
350224566,2026-05-11T21:45:01+00:00,Unavailable,,
350224577,2026-05-11T21:45:01+00:00,Unavailable,,
350224588,2026-05-11T21:45:01+00:00,Unavailable,,
350224599,2026-05-11T21:45:01+00:00,Unavailable,,
350224612,2026-05-11T21:45:01+00:00,Unavailable,,
350224623,2026-05-11T21:45:01+00:00,Unavailable,,
350224634,2026-05-11T21:45:01+00:00,Unavailable,,
350224645,2026-05-11T21:45:01+00:00,Unavailable,,
350224658,2026-05-11T21:45:01+00:00,Unavailable,,
350224669,2026-05-11T21:45:01+00:00,Unavailable,,
350224680,2026-05-11T21:45:01+00:00,Unavailable,,
350224692,2026-05-11T21:45:01+00:00,Unavailable,,
350224703,2026-05-11T21:45:01+00:00,Unavailable,,
350224714,2026-05-11T21:45:01+00:00,Unavailable,,
350224725,2026-05-11T21:45:01+00:00,Unavailable,,
350224738,2026-05-11T21:45:01+00:00,Unavailable,,
350224749,2026-05-11T21:45:01+00:00,Unavailable,,
350224760,2026-05-11T21:45:01+00:00,Unavailable,,
350224771,2026-05-11T21:45:01+00:00,Unavailable,,
350224782,2026-05-11T21:45:01+00:00,Unavailable,,
350224793,2026-05-11T21:45:01+00:00,Unavailable,,
350224804,2026-05-11T21:45:01+00:00,Unavailable,,
350224815,2026-05-11T21:45:01+00:00,Unavailable,,
350224826,2026-05-11T21:45:01+00:00,Unavailable,,
350224837,2026-05-11T21:45:01+00:00,Unavailable,,
350224848,2026-05-11T21:45:01+00:00,Unavailable,,
350224859,2026-05-11T21:45:01+00:00,Unavailable,,
350224873,2026-05-11T21:45:01+00:00,Unavailable,,
350224887,2026-05-11T21:45:01+00:00,Unavailable,,
350224901,2026-05-11T21:45:01+00:00,Unavailable,,
350224915,2026-05-11T21:45:01+00:00,Unavailable,,
350224929,2026-05-11T21:45:01+00:00,Unavailable,,
350224940,2026-05-11T21:45:01+00:00,Unavailable,,
350224951,2026-05-11T21:45:01+00:00,Unavailable,,
350224962,2026-05-11T21:45:01+00:00,Unavailable,,
350224973,2026-05-11T21:45:01+00:00,Unavailable,,
350224985,2026-05-11T21:45:01+00:00,Unavailable,,
350224996,2026-05-11T21:45:01+00:00,Unavailable,,
350225008,2026-05-11T21:45:01+00:00,Unavailable,,
350225019,2026-05-11T21:45:01+00:00,Unavailable,,
350225030,2026-05-11T21:45:01+00:00,Unavailable,,
350225041,2026-05-11T21:45:01+00:00,Unavailable,,
350225053,2026-05-11T21:45:01+00:00,Unavailable,,
350225064,2026-05-11T21:45:01+00:00,Unavailable,,
350225075,2026-05-11T21:45:01+00:00,Unavailable,,
350225086,2026-05-11T21:45:01+00:00,Unavailable,,
350225097,2026-05-11T21:45:01+00:00,Unavailable,,
350225108,2026-05-11T21:45:01+00:00,Unavailable,,
350225119,2026-05-11T21:45:01+00:00,Unavailable,,
350225130,2026-05-11T21:45:01+00:00,Unavailable,,
350225141,2026-05-11T21:45:01+00:00,Unavailable,,
350225163,2026-05-11T21:45:01+00:00,Unavailable,,
350225174,2026-05-11T21:45:01+00:00,Unavailable,,
350225185,2026-05-11T21:45:01+00:00,Unavailable,,
350225196,2026-05-11T21:45:01+00:00,Unavailable,,
350225207,2026-05-11T21:45:01+00:00,Unavailable,,
350225218,2026-05-11T21:45:01+00:00,Unavailable,,
350225229,2026-05-11T21:45:01+00:00,Unavailable,,
350225240,2026-05-11T21:45:01+00:00,Unavailable,,
350225251,2026-05-11T21:45:01+00:00,Unavailable,,
350225262,2026-05-11T21:45:01+00:00,Unavailable,,
350225273,2026-05-11T21:45:01+00:00,Unavailable,,
350225285,2026-05-11T21:45:01+00:00,Unavailable,,
350225296,2026-05-11T21:45:01+00:00,Unavailable,,
350225307,2026-05-11T21:45:01+00:00,Unavailable,,
350225318,2026-05-11T21:45:01+00:00,Unavailable,,
350225329,2026-05-11T21:45:01+00:00,Unavailable,,
350225341,2026-05-11T21:45:01+00:00,Unavailable,,
350225352,2026-05-11T21:45:01+00:00,Unavailable,,
350225363,2026-05-11T21:45:01+00:00,Unavailable,,
350225375,2026-05-11T21:45:01+00:00,Unavailable,,
350225387,2026-05-11T21:45:01+00:00,Unavailable,,
350225401,2026-05-11T21:45:01+00:00,Unavailable,,
350225415,2026-05-11T21:45:01+00:00,Unavailable,,
350225429,2026-05-11T21:45:01+00:00,Unavailable,,
350225443,2026-05-11T21:45:01+00:00,Unavailable,,
350225457,2026-05-11T21:45:01+00:00,Unavailable,,
350225471,2026-05-11T21:45:01+00:00,Unavailable,,
350225485,2026-05-11T21:45:01+00:00,Unavailable,,
350225496,2026-05-11T21:45:01+00:00,Unavailable,,
350225507,2026-05-11T21:45:01+00:00,Unavailable,,
350225518,2026-05-11T21:45:01+00:00,Unavailable,,
350225529,2026-05-11T21:45:01+00:00,Unavailable,,
350225540,2026-05-11T21:45:01+00:00,Unavailable,,
350225551,2026-05-11T21:45:01+00:00,Unavailable,,
350225562,2026-05-11T21:45:01+00:00,Unavailable,,
350225573,2026-05-11T21:45:01+00:00,Unavailable,,
350225584,2026-05-11T21:45:01+00:00,Unavailable,,
350225596,2026-05-11T21:45:01+00:00,Unavailable,,
350225607,2026-05-11T21:45:01+00:00,Unavailable,,
350225618,2026-05-11T21:45:01+00:00,Unavailable,,
350225629,2026-05-11T21:45:01+00:00,Unavailable,,
350225640,2026-05-11T21:45:01+00:00,Unavailable,,
350225651,2026-05-11T21:45:01+00:00,Unavailable,,
350225663,2026-05-11T21:45:01+00:00,Unavailable,,
350225674,2026-05-11T21:45:01+00:00,Unavailable,,
350225688,2026-05-11T21:45:01+00:00,Unavailable,,
350225702,2026-05-11T21:45:01+00:00,Unavailable,,
350225716,2026-05-11T21:45:01+00:00,Unavailable,,
350225730,2026-05-11T21:45:01+00:00,Unavailable,,
350225744,2026-05-11T21:45:01+00:00,Unavailable,,
350225758,2026-05-11T21:45:01+00:00,Unavailable,,
350225786,2026-05-11T21:45:01+00:00,Unavailable,,
350225814,2026-05-11T21:45:01+00:00,Unavailable,,
350225825,2026-05-11T21:45:01+00:00,Unavailable,,
350225836,2026-05-11T21:45:01+00:00,Unavailable,,
350225847,2026-05-11T21:45:01+00:00,Unavailable,,
350225858,2026-05-11T21:45:01+00:00,Unavailable,,
350225869,2026-05-11T21:45:01+00:00,Unavailable,,
350225880,2026-05-11T21:45:01+00:00,Unavailable,,
350225891,2026-05-11T21:45:01+00:00,Unavailable,,
350225902,2026-05-11T21:45:01+00:00,Unavailable,,
350225913,2026-05-11T21:45:01+00:00,Unavailable,,
350225924,2026-05-11T21:45:01+00:00,Unavailable,,
350225935,2026-05-11T21:45:01+00:00,Unavailable,,
350225946,2026-05-11T21:45:01+00:00,Unavailable,,
350225957,2026-05-11T21:45:01+00:00,Unavailable,,
350225968,2026-05-11T21:45:01+00:00,Unavailable,,
350225981,2026-05-11T21:45:01+00:00,Unavailable,,
350225993,2026-05-11T21:45:01+00:00,Unavailable,,
350226004,2026-05-11T21:45:01+00:00,Unavailable,,
350226015,2026-05-11T21:45:01+00:00,Unavailable,,
350226026,2026-05-11T21:45:01+00:00,Unavailable,,
350226037,2026-05-11T21:45:01+00:00,Unavailable,,
350226048,2026-05-11T21:45:01+00:00,Unavailable,,
350226059,2026-05-11T21:45:01+00:00,Unavailable,,
350226070,2026-05-11T21:45:01+00:00,Unavailable,,
350280176,2026-05-11T21:45:01+00:00,Unavailable,,
350280422,2026-05-11T21:45:01+00:00,Unavailable,,
350280510,2026-05-11T21:45:01+00:00,Unavailable,,
350280525,2026-05-11T21:45:01+00:00,Unavailable,,
350280536,2026-05-11T21:45:01+00:00,Unavailable,,
350288650,2026-05-11T21:45:01+00:00,Unavailable,,
350288664,2026-05-11T21:45:01+00:00,Unavailable,,
350288680,2026-05-11T21:45:01+00:00,Unavailable,,
350288691,2026-05-11T21:45:01+00:00,Unavailable,,
350288702,2026-05-11T21:45:01+00:00,Unavailable,,
350288713,2026-05-11T21:45:01+00:00,Unavailable,,
350288724,2026-05-11T21:45:01+00:00,Unavailable,,
350288737,2026-05-11T21:45:01+00:00,Unavailable,,
350288748,2026-05-11T21:45:01+00:00,Unavailable,,
350288759,2026-05-11T21:45:01+00:00,Unavailable,,
350288770,2026-05-11T21:45:01+00:00,Unavailable,,
350288781,2026-05-11T21:45:01+00:00,Unavailable,,
350288792,2026-05-11T21:45:01+00:00,Unavailable,,
350288804,2026-05-11T21:45:01+00:00,Unavailable,,
350288815,2026-05-11T21:45:01+00:00,Unavailable,,
350288826,2026-05-11T21:45:01+00:00,Unavailable,,
350288837,2026-05-11T21:45:01+00:00,Unavailable,,
350288848,2026-05-11T21:45:01+00:00,Unavailable,,
350288859,2026-05-11T21:45:01+00:00,Unavailable,,
350288870,2026-05-11T21:45:01+00:00,Unavailable,,
350288881,2026-05-11T21:45:01+00:00,Unavailable,,
350288892,2026-05-11T21:45:01+00:00,Unavailable,,
350288903,2026-05-11T21:45:01+00:00,Unavailable,,
350288914,2026-05-11T21:45:01+00:00,Unavailable,,
350288925,2026-05-11T21:45:01+00:00,Unavailable,,
350288937,2026-05-11T21:45:01+00:00,Unavailable,,
350288948,2026-05-11T21:45:01+00:00,Unavailable,,
350288959,2026-05-11T21:45:01+00:00,Unavailable,,
350288970,2026-05-11T21:45:01+00:00,Unavailable,,
350288981,2026-05-11T21:45:01+00:00,Unavailable,,
350288992,2026-05-11T21:45:01+00:00,Unavailable,,
350289003,2026-05-11T21:45:01+00:00,Unavailable,,
350289014,2026-05-11T21:45:01+00:00,Unavailable,,
350289048,2026-05-11T21:45:01+00:00,Unavailable,,
350289060,2026-05-11T21:45:01+00:00,Unavailable,,
350289071,2026-05-11T21:45:01+00:00,Unavailable,,
350289082,2026-05-11T21:45:01+00:00,Unavailable,,
350289093,2026-05-11T21:45:01+00:00,Unavailable,,
350289104,2026-05-11T21:45:01+00:00,Unavailable,,
350289115,2026-05-11T21:45:01+00:00,Unavailable,,
350289126,2026-05-11T21:45:01+00:00,Unavailable,,
350289137,2026-05-11T21:45:01+00:00,Unavailable,,
350289148,2026-05-11T21:45:01+00:00,Unavailable,,
350289159,2026-05-11T21:45:01+00:00,Unavailable,,
350289170,2026-05-11T21:45:01+00:00,Unavailable,,
350289181,2026-05-11T21:45:01+00:00,Unavailable,,
350289192,2026-05-11T21:45:01+00:00,Unavailable,,
350289203,2026-05-11T21:45:01+00:00,Unavailable,,
350289214,2026-05-11T21:45:01+00:00,Unavailable,,
350289226,2026-05-11T21:45:01+00:00,Unavailable,,
350289237,2026-05-11T21:45:01+00:00,Unavailable,,
350289248,2026-05-11T21:45:01+00:00,Unavailable,,
350289260,2026-05-11T21:45:01+00:00,Unavailable,,
350289271,2026-05-11T21:45:01+00:00,Unavailable,,
350289282,2026-05-11T21:45:01+00:00,Unavailable,,
350289293,2026-05-11T21:45:01+00:00,Unavailable,,
350289304,2026-05-11T21:45:01+00:00,Unavailable,,
350289315,2026-05-11T21:45:01+00:00,Unavailable,,
350289326,2026-05-11T21:45:01+00:00,Unavailable,,
350289337,2026-05-11T21:45:01+00:00,Unavailable,,
350289348,2026-05-11T21:45:01+00:00,Unavailable,,
350289359,2026-05-11T21:45:01+00:00,Unavailable,,
350289370,2026-05-11T21:45:01+00:00,Unavailable,,
350289381,2026-05-11T21:45:01+00:00,Unavailable,,
350289392,2026-05-11T21:45:01+00:00,Unavailable,,
350289404,2026-05-11T21:45:01+00:00,Unavailable,,
351070164,2026-05-11T21:45:01+00:00,Unavailable,,
351073176,2026-05-11T21:45:01+00:00,Unavailable,,
353250216,2026-05-11T21:45:01+00:00,Unavailable,,
364658017,2026-05-11T21:45:01+00:00,Unavailable,,
350216376,2026-05-11T22:05:39+00:00,Unavailable,,
350216387,2026-05-11T22:05:39+00:00,Unavailable,,
350216398,2026-05-11T22:05:39+00:00,Unavailable,,
350216409,2026-05-11T22:05:39+00:00,Unavailable,,
350216431,2026-05-11T22:05:39+00:00,Unavailable,,
350216442,2026-05-11T22:05:39+00:00,Unavailable,,
350216453,2026-05-11T22:05:39+00:00,Unavailable,,
350216465,2026-05-11T22:05:39+00:00,Unavailable,,
350216476,2026-05-11T22:05:39+00:00,Unavailable,,
350216487,2026-05-11T22:05:39+00:00,Unavailable,,
350216498,2026-05-11T22:05:39+00:00,Unavailable,,
350216509,2026-05-11T22:05:39+00:00,Unavailable,,
350216520,2026-05-11T22:05:39+00:00,Unavailable,,
350216542,2026-05-11T22:05:39+00:00,Unavailable,,
350216553,2026-05-11T22:05:39+00:00,Unavailable,,
350216564,2026-05-11T22:05:39+00:00,Unavailable,,
350216575,2026-05-11T22:05:39+00:00,Unavailable,,
350216586,2026-05-11T22:05:39+00:00,Unavailable,,
350216597,2026-05-11T22:05:39+00:00,Unavailable,,
350216608,2026-05-11T22:05:39+00:00,Unavailable,,
350216619,2026-05-11T22:05:39+00:00,Unavailable,,
350216630,2026-05-11T22:05:39+00:00,Unavailable,,
350216652,2026-05-11T22:05:39+00:00,Unavailable,,
350216663,2026-05-11T22:05:39+00:00,Unavailable,,
350216674,2026-05-11T22:05:39+00:00,Unavailable,,
350216685,2026-05-11T22:05:39+00:00,Unavailable,,
350216696,2026-05-11T22:05:39+00:00,Unavailable,,
350216707,2026-05-11T22:05:39+00:00,Unavailable,,
350216718,2026-05-11T22:05:39+00:00,Unavailable,,
350216729,2026-05-11T22:05:39+00:00,Unavailable,,
350216740,2026-05-11T22:05:39+00:00,Unavailable,,
350216751,2026-05-11T22:05:39+00:00,Unavailable,,
350216762,2026-05-11T22:05:39+00:00,Unavailable,,
350216773,2026-05-11T22:05:39+00:00,Unavailable,,
350216784,2026-05-11T22:05:39+00:00,Unavailable,,
350216795,2026-05-11T22:05:39+00:00,Unavailable,,
350216806,2026-05-11T22:05:39+00:00,Unavailable,,
350216817,2026-05-11T22:05:39+00:00,Unavailable,,
350216828,2026-05-11T22:05:39+00:00,Unavailable,,
350216839,2026-05-11T22:05:39+00:00,Unavailable,,
350216850,2026-05-11T22:05:39+00:00,Unavailable,,
350216861,2026-05-11T22:05:39+00:00,Unavailable,,
350216872,2026-05-11T22:05:39+00:00,Unavailable,,
350216884,2026-05-11T22:05:39+00:00,Unavailable,,
350216895,2026-05-11T22:05:39+00:00,Unavailable,,
350216906,2026-05-11T22:05:39+00:00,Unavailable,,
350216917,2026-05-11T22:05:39+00:00,Unavailable,,
350216928,2026-05-11T22:05:39+00:00,Unavailable,,
350216939,2026-05-11T22:05:39+00:00,Unavailable,,
350216950,2026-05-11T22:05:39+00:00,Unavailable,,
350216961,2026-05-11T22:05:39+00:00,Unavailable,,
350216972,2026-05-11T22:05:39+00:00,Unavailable,,
350216994,2026-05-11T22:05:39+00:00,Unavailable,,
350217005,2026-05-11T22:05:39+00:00,Unavailable,,
350217016,2026-05-11T22:05:39+00:00,Unavailable,,
350217027,2026-05-11T22:05:39+00:00,Unavailable,,
350217049,2026-05-11T22:05:39+00:00,Unavailable,,
350217071,2026-05-11T22:05:39+00:00,Unavailable,,
350217083,2026-05-11T22:05:39+00:00,Unavailable,,
350217105,2026-05-11T22:05:39+00:00,Unavailable,,
350217117,2026-05-11T22:05:39+00:00,Unavailable,,
350217128,2026-05-11T22:05:39+00:00,Unavailable,,
350217150,2026-05-11T22:05:39+00:00,Unavailable,,
350217162,2026-05-11T22:05:39+00:00,Unavailable,,
350217174,2026-05-11T22:05:39+00:00,Unavailable,,
350217185,2026-05-11T22:05:39+00:00,Unavailable,,
350217207,2026-05-11T22:05:39+00:00,Unavailable,,
350217218,2026-05-11T22:05:39+00:00,Unavailable,,
350217240,2026-05-11T22:05:39+00:00,Unavailable,,
350217251,2026-05-11T22:05:39+00:00,Unavailable,,
350217262,2026-05-11T22:05:39+00:00,Unavailable,,
350217273,2026-05-11T22:05:39+00:00,Unavailable,,
350217284,2026-05-11T22:05:39+00:00,Unavailable,,
350217295,2026-05-11T22:05:39+00:00,Unavailable,,
350217306,2026-05-11T22:05:39+00:00,Unavailable,,
350217317,2026-05-11T22:05:39+00:00,Unavailable,,
350217339,2026-05-11T22:05:39+00:00,Unavailable,,
350217353,2026-05-11T22:05:39+00:00,Unavailable,,
350217366,2026-05-11T22:05:39+00:00,Unavailable,,
350217379,2026-05-11T22:05:39+00:00,Unavailable,,
350217393,2026-05-11T22:05:39+00:00,Unavailable,,
350217404,2026-05-11T22:05:39+00:00,Unavailable,,
350217415,2026-05-11T22:05:39+00:00,Unavailable,,
350217426,2026-05-11T22:05:39+00:00,Unavailable,,
350217437,2026-05-11T22:05:39+00:00,Unavailable,,
350217448,2026-05-11T22:05:39+00:00,Unavailable,,
350732033,2026-05-11T22:05:39+00:00,Unavailable,,
350739304,2026-05-11T22:05:39+00:00,Unavailable,,
350740400,2026-05-11T22:05:39+00:00,Unavailable,,
350740938,2026-05-11T22:05:39+00:00,Unavailable,,
350741533,2026-05-11T22:05:39+00:00,Unavailable,,
350741599,2026-05-11T22:05:39+00:00,Unavailable,,
364675943,2026-05-11T22:05:39+00:00,Unavailable,,
364677421,2026-05-11T22:05:39+00:00,Unavailable,,
364677693,2026-05-11T22:05:39+00:00,Unavailable,,
364678079,2026-05-11T22:05:39+00:00,Unavailable,,
350200801,2026-05-11T22:05:43+00:00,Unavailable,,
350200813,2026-05-11T22:05:43+00:00,Unavailable,,
350200824,2026-05-11T22:05:43+00:00,Unavailable,,
350200836,2026-05-11T22:05:43+00:00,Unavailable,,
350200847,2026-05-11T22:05:43+00:00,Unavailable,,
350200858,2026-05-11T22:05:43+00:00,Unavailable,,
350200869,2026-05-11T22:05:43+00:00,Unavailable,,
350200880,2026-05-11T22:05:43+00:00,Unavailable,,
350200891,2026-05-11T22:05:43+00:00,Unavailable,,
350200902,2026-05-11T22:05:43+00:00,Unavailable,,
350200913,2026-05-11T22:05:43+00:00,Unavailable,,
350200924,2026-05-11T22:05:43+00:00,Unavailable,,
350200935,2026-05-11T22:05:43+00:00,Unavailable,,
350200946,2026-05-11T22:05:43+00:00,Unavailable,,
350200957,2026-05-11T22:05:43+00:00,Unavailable,,
350200968,2026-05-11T22:05:43+00:00,Unavailable,,
350200979,2026-05-11T22:05:43+00:00,Unavailable,,
350200990,2026-05-11T22:05:43+00:00,Unavailable,,
350201001,2026-05-11T22:05:43+00:00,Unavailable,,
350201012,2026-05-11T22:05:43+00:00,Unavailable,,
350201023,2026-05-11T22:05:43+00:00,Unavailable,,
350201034,2026-05-11T22:05:43+00:00,Unavailable,,
350201045,2026-05-11T22:05:43+00:00,Unavailable,,
350201058,2026-05-11T22:05:43+00:00,Unavailable,,
350201069,2026-05-11T22:05:43+00:00,Unavailable,,
350201080,2026-05-11T22:05:43+00:00,Unavailable,,
350201091,2026-05-11T22:05:43+00:00,Unavailable,,
350201102,2026-05-11T22:05:43+00:00,Unavailable,,
350201113,2026-05-11T22:05:43+00:00,Unavailable,,
350201124,2026-05-11T22:05:43+00:00,Unavailable,,
350201135,2026-05-11T22:05:43+00:00,Unavailable,,
350201146,2026-05-11T22:05:43+00:00,Unavailable,,
350201157,2026-05-11T22:05:43+00:00,Unavailable,,
350201170,2026-05-11T22:05:43+00:00,Unavailable,,
350201182,2026-05-11T22:05:43+00:00,Unavailable,,
350201193,2026-05-11T22:05:43+00:00,Unavailable,,
350201205,2026-05-11T22:05:43+00:00,Unavailable,,
350201216,2026-05-11T22:05:43+00:00,Unavailable,,
350201227,2026-05-11T22:05:43+00:00,Unavailable,,
350201238,2026-05-11T22:05:43+00:00,Unavailable,,
350201249,2026-05-11T22:05:43+00:00,Unavailable,,
350201260,2026-05-11T22:05:43+00:00,Unavailable,,
350201271,2026-05-11T22:05:43+00:00,Unavailable,,
350201283,2026-05-11T22:05:43+00:00,Unavailable,,
350201294,2026-05-11T22:05:43+00:00,Unavailable,,
350201305,2026-05-11T22:05:43+00:00,Unavailable,,
350201316,2026-05-11T22:05:43+00:00,Unavailable,,
350201327,2026-05-11T22:05:43+00:00,Unavailable,,
350201338,2026-05-11T22:05:43+00:00,Unavailable,,
350201349,2026-05-11T22:05:43+00:00,Unavailable,,
350201360,2026-05-11T22:05:43+00:00,Unavailable,,
350201371,2026-05-11T22:05:43+00:00,Unavailable,,
350201382,2026-05-11T22:05:43+00:00,Unavailable,,
350201393,2026-05-11T22:05:43+00:00,Unavailable,,
350201404,2026-05-11T22:05:43+00:00,Unavailable,,
350201415,2026-05-11T22:05:43+00:00,Unavailable,,
350201426,2026-05-11T22:05:43+00:00,Unavailable,,
350201437,2026-05-11T22:05:43+00:00,Unavailable,,
350201448,2026-05-11T22:05:43+00:00,Unavailable,,
350201459,2026-05-11T22:05:43+00:00,Unavailable,,
350201470,2026-05-11T22:05:43+00:00,Unavailable,,
350201481,2026-05-11T22:05:43+00:00,Unavailable,,
350201492,2026-05-11T22:05:43+00:00,Unavailable,,
350201503,2026-05-11T22:05:43+00:00,Unavailable,,
350201514,2026-05-11T22:05:43+00:00,Unavailable,,
350201525,2026-05-11T22:05:43+00:00,Unavailable,,
350201536,2026-05-11T22:05:43+00:00,Unavailable,,
350201547,2026-05-11T22:05:43+00:00,Unavailable,,
350201558,2026-05-11T22:05:43+00:00,Unavailable,,
350201569,2026-05-11T22:05:43+00:00,Unavailable,,
350201580,2026-05-11T22:05:43+00:00,Unavailable,,
350201591,2026-05-11T22:05:43+00:00,Unavailable,,
350201602,2026-05-11T22:05:43+00:00,Unavailable,,
350201613,2026-05-11T22:05:43+00:00,Unavailable,,
350201624,2026-05-11T22:05:43+00:00,Unavailable,,
350201635,2026-05-11T22:05:43+00:00,Unavailable,,
350201646,2026-05-11T22:05:43+00:00,Unavailable,,
350201657,2026-05-11T22:05:43+00:00,Unavailable,,
350201668,2026-05-11T22:05:43+00:00,Unavailable,,
350201679,2026-05-11T22:05:43+00:00,Unavailable,,
350201690,2026-05-11T22:05:43+00:00,Unavailable,,
350201701,2026-05-11T22:05:43+00:00,Unavailable,,
350201712,2026-05-11T22:05:43+00:00,Unavailable,,
350201723,2026-05-11T22:05:43+00:00,Unavailable,,
350201735,2026-05-11T22:05:43+00:00,Unavailable,,
350201746,2026-05-11T22:05:43+00:00,Unavailable,,
350201757,2026-05-11T22:05:43+00:00,Unavailable,,
350201768,2026-05-11T22:05:43+00:00,Unavailable,,
350201779,2026-05-11T22:05:43+00:00,Unavailable,,
350201790,2026-05-11T22:05:43+00:00,Unavailable,,
350201801,2026-05-11T22:05:43+00:00,Unavailable,,
350201812,2026-05-11T22:05:43+00:00,Unavailable,,
350201823,2026-05-11T22:05:43+00:00,Unavailable,,
350201834,2026-05-11T22:05:43+00:00,Unavailable,,
350201845,2026-05-11T22:05:43+00:00,Unavailable,,
350201856,2026-05-11T22:05:43+00:00,Unavailable,,
350201867,2026-05-11T22:05:43+00:00,Unavailable,,
350201879,2026-05-11T22:05:43+00:00,Unavailable,,
350201890,2026-05-11T22:05:43+00:00,Unavailable,,
350201901,2026-05-11T22:05:43+00:00,Unavailable,,
350201912,2026-05-11T22:05:43+00:00,Unavailable,,
350201924,2026-05-11T22:05:43+00:00,Unavailable,,
350201935,2026-05-11T22:05:43+00:00,Unavailable,,
350201947,2026-05-11T22:05:43+00:00,Unavailable,,
350201958,2026-05-11T22:05:43+00:00,Unavailable,,
350201969,2026-05-11T22:05:43+00:00,Unavailable,,
350201980,2026-05-11T22:05:43+00:00,Unavailable,,
350201991,2026-05-11T22:05:43+00:00,Unavailable,,
350202003,2026-05-11T22:05:43+00:00,Unavailable,,
350202018,2026-05-11T22:05:43+00:00,Unavailable,,
350202032,2026-05-11T22:05:43+00:00,Unavailable,,
350202045,2026-05-11T22:05:43+00:00,Unavailable,,
350202056,2026-05-11T22:05:43+00:00,Unavailable,,
350202069,2026-05-11T22:05:43+00:00,Unavailable,,
350202080,2026-05-11T22:05:43+00:00,Unavailable,,
350202091,2026-05-11T22:05:43+00:00,Unavailable,,
350202102,2026-05-11T22:05:43+00:00,Unavailable,,
350202113,2026-05-11T22:05:43+00:00,Unavailable,,
350202124,2026-05-11T22:05:43+00:00,Unavailable,,
350202135,2026-05-11T22:05:43+00:00,Unavailable,,
350202146,2026-05-11T22:05:43+00:00,Unavailable,,
350202157,2026-05-11T22:05:43+00:00,Unavailable,,
350202168,2026-05-11T22:05:43+00:00,Unavailable,,
350202180,2026-05-11T22:05:43+00:00,Unavailable,,
350202191,2026-05-11T22:05:43+00:00,Unavailable,,
350202202,2026-05-11T22:05:43+00:00,Unavailable,,
350202213,2026-05-11T22:05:43+00:00,Unavailable,,
350202224,2026-05-11T22:05:43+00:00,Unavailable,,
350202235,2026-05-11T22:05:43+00:00,Unavailable,,
350202246,2026-05-11T22:05:43+00:00,Unavailable,,
350202257,2026-05-11T22:05:43+00:00,Unavailable,,
350202268,2026-05-11T22:05:43+00:00,Unavailable,,
350202279,2026-05-11T22:05:43+00:00,Unavailable,,
350202290,2026-05-11T22:05:43+00:00,Unavailable,,
350202301,2026-05-11T22:05:43+00:00,Unavailable,,
350202312,2026-05-11T22:05:43+00:00,Unavailable,,
350202323,2026-05-11T22:05:43+00:00,Unavailable,,
350202334,2026-05-11T22:05:43+00:00,Unavailable,,
350202347,2026-05-11T22:05:43+00:00,Unavailable,,
350202361,2026-05-11T22:05:43+00:00,Unavailable,,
350202372,2026-05-11T22:05:43+00:00,Unavailable,,
350202383,2026-05-11T22:05:43+00:00,Unavailable,,
350202394,2026-05-11T22:05:43+00:00,Unavailable,,
350202406,2026-05-11T22:05:43+00:00,Unavailable,,
350202417,2026-05-11T22:05:43+00:00,Unavailable,,
350202429,2026-05-11T22:05:43+00:00,Unavailable,,
350202440,2026-05-11T22:05:43+00:00,Unavailable,,
350202451,2026-05-11T22:05:43+00:00,Unavailable,,
350202462,2026-05-11T22:05:43+00:00,Unavailable,,
350202473,2026-05-11T22:05:43+00:00,Unavailable,,
350202484,2026-05-11T22:05:43+00:00,Unavailable,,
350202495,2026-05-11T22:05:43+00:00,Unavailable,,
350202506,2026-05-11T22:05:43+00:00,Unavailable,,
350202517,2026-05-11T22:05:43+00:00,Unavailable,,
350202528,2026-05-11T22:05:43+00:00,Unavailable,,
350202539,2026-05-11T22:05:43+00:00,Unavailable,,
350202551,2026-05-11T22:05:43+00:00,Unavailable,,
350202562,2026-05-11T22:05:43+00:00,Unavailable,,
350202573,2026-05-11T22:05:43+00:00,Unavailable,,
350202584,2026-05-11T22:05:43+00:00,Unavailable,,
350202595,2026-05-11T22:05:43+00:00,Unavailable,,
350202607,2026-05-11T22:05:43+00:00,Unavailable,,
350202618,2026-05-11T22:05:43+00:00,Unavailable,,
350202631,2026-05-11T22:05:43+00:00,Unavailable,,
350202642,2026-05-11T22:05:43+00:00,Unavailable,,
350202654,2026-05-11T22:05:43+00:00,Unavailable,,
350202665,2026-05-11T22:05:43+00:00,Unavailable,,
350202676,2026-05-11T22:05:43+00:00,Unavailable,,
350202687,2026-05-11T22:05:43+00:00,Unavailable,,
350202698,2026-05-11T22:05:43+00:00,Unavailable,,
350202709,2026-05-11T22:05:43+00:00,Unavailable,,
350202720,2026-05-11T22:05:43+00:00,Unavailable,,
350202731,2026-05-11T22:05:43+00:00,Unavailable,,
350202742,2026-05-11T22:05:43+00:00,Unavailable,,
350202753,2026-05-11T22:05:43+00:00,Unavailable,,
350202764,2026-05-11T22:05:43+00:00,Unavailable,,
350202775,2026-05-11T22:05:43+00:00,Unavailable,,
350202786,2026-05-11T22:05:43+00:00,Unavailable,,
350202797,2026-05-11T22:05:43+00:00,Unavailable,,
350202808,2026-05-11T22:05:43+00:00,Unavailable,,
350202819,2026-05-11T22:05:43+00:00,Unavailable,,
350202830,2026-05-11T22:05:43+00:00,Unavailable,,
350202841,2026-05-11T22:05:43+00:00,Unavailable,,
350202852,2026-05-11T22:05:43+00:00,Unavailable,,
350202863,2026-05-11T22:05:43+00:00,Unavailable,,
350202874,2026-05-11T22:05:43+00:00,Unavailable,,
350202885,2026-05-11T22:05:43+00:00,Unavailable,,
350202896,2026-05-11T22:05:43+00:00,Unavailable,,
350202908,2026-05-11T22:05:43+00:00,Unavailable,,
350202919,2026-05-11T22:05:43+00:00,Unavailable,,
350202930,2026-05-11T22:05:43+00:00,Unavailable,,
350202941,2026-05-11T22:05:43+00:00,Unavailable,,
350202952,2026-05-11T22:05:43+00:00,Unavailable,,
350202963,2026-05-11T22:05:43+00:00,Unavailable,,
350202974,2026-05-11T22:05:43+00:00,Unavailable,,
350202985,2026-05-11T22:05:43+00:00,Unavailable,,
350202996,2026-05-11T22:05:43+00:00,Unavailable,,
350203007,2026-05-11T22:05:43+00:00,Unavailable,,
350203018,2026-05-11T22:05:43+00:00,Unavailable,,
350203029,2026-05-11T22:05:43+00:00,Unavailable,,
350203040,2026-05-11T22:05:43+00:00,Unavailable,,
350203051,2026-05-11T22:05:43+00:00,Unavailable,,
350203062,2026-05-11T22:05:43+00:00,Unavailable,,
350203073,2026-05-11T22:05:43+00:00,Unavailable,,
350203084,2026-05-11T22:05:43+00:00,Unavailable,,
350203095,2026-05-11T22:05:43+00:00,Unavailable,,
350203106,2026-05-11T22:05:43+00:00,Unavailable,,
350203117,2026-05-11T22:05:43+00:00,Unavailable,,
350203128,2026-05-11T22:05:43+00:00,Unavailable,,
350203139,2026-05-11T22:05:43+00:00,Unavailable,,
350203150,2026-05-11T22:05:43+00:00,Unavailable,,
350203162,2026-05-11T22:05:43+00:00,Unavailable,,
350203173,2026-05-11T22:05:43+00:00,Unavailable,,
350203184,2026-05-11T22:05:43+00:00,Unavailable,,
350203195,2026-05-11T22:05:43+00:00,Unavailable,,
350203206,2026-05-11T22:05:43+00:00,Unavailable,,
350203217,2026-05-11T22:05:43+00:00,Unavailable,,
350203228,2026-05-11T22:05:43+00:00,Unavailable,,
350203239,2026-05-11T22:05:43+00:00,Unavailable,,
350203250,2026-05-11T22:05:43+00:00,Unavailable,,
350203261,2026-05-11T22:05:43+00:00,Unavailable,,
350203272,2026-05-11T22:05:43+00:00,Unavailable,,
350203283,2026-05-11T22:05:43+00:00,Unavailable,,
350203294,2026-05-11T22:05:43+00:00,Unavailable,,
350203305,2026-05-11T22:05:43+00:00,Unavailable,,
350203316,2026-05-11T22:05:43+00:00,Unavailable,,
350203327,2026-05-11T22:05:43+00:00,Unavailable,,
350203338,2026-05-11T22:05:43+00:00,Unavailable,,
350203349,2026-05-11T22:05:43+00:00,Unavailable,,
350203360,2026-05-11T22:05:43+00:00,Unavailable,,
350203371,2026-05-11T22:05:43+00:00,Unavailable,,
350203383,2026-05-11T22:05:43+00:00,Unavailable,,
350203394,2026-05-11T22:05:43+00:00,Unavailable,,
350203405,2026-05-11T22:05:43+00:00,Unavailable,,
350203416,2026-05-11T22:05:43+00:00,Unavailable,,
350203427,2026-05-11T22:05:43+00:00,Unavailable,,
350203438,2026-05-11T22:05:43+00:00,Unavailable,,
350203449,2026-05-11T22:05:43+00:00,Unavailable,,
350203460,2026-05-11T22:05:43+00:00,Unavailable,,
350203472,2026-05-11T22:05:43+00:00,Unavailable,,
350203483,2026-05-11T22:05:43+00:00,Unavailable,,
350203494,2026-05-11T22:05:43+00:00,Unavailable,,
350203505,2026-05-11T22:05:43+00:00,Unavailable,,
350203516,2026-05-11T22:05:43+00:00,Unavailable,,
350203527,2026-05-11T22:05:43+00:00,Unavailable,,
350203538,2026-05-11T22:05:43+00:00,Unavailable,,
350203549,2026-05-11T22:05:43+00:00,Unavailable,,
350203560,2026-05-11T22:05:43+00:00,Unavailable,,
350203571,2026-05-11T22:05:43+00:00,Unavailable,,
350203593,2026-05-11T22:05:43+00:00,Unavailable,,
355173402,2026-05-11T22:05:43+00:00,Unavailable,,
350223957,2026-05-11T22:05:52+00:00,Unavailable,,
350223971,2026-05-11T22:05:52+00:00,Unavailable,,
350223985,2026-05-11T22:05:52+00:00,Unavailable,,
350223999,2026-05-11T22:05:52+00:00,Unavailable,,
350224011,2026-05-11T22:05:52+00:00,Unavailable,,
350224022,2026-05-11T22:05:52+00:00,Unavailable,,
350224033,2026-05-11T22:05:52+00:00,Unavailable,,
350224044,2026-05-11T22:05:52+00:00,Unavailable,,
350224055,2026-05-11T22:05:52+00:00,Unavailable,,
350224066,2026-05-11T22:05:52+00:00,Unavailable,,
350224077,2026-05-11T22:05:52+00:00,Unavailable,,
350224088,2026-05-11T22:05:52+00:00,Unavailable,,
350224102,2026-05-11T22:05:52+00:00,Unavailable,,
350224116,2026-05-11T22:05:52+00:00,Unavailable,,
350224130,2026-05-11T22:05:52+00:00,Unavailable,,
350224144,2026-05-11T22:05:52+00:00,Unavailable,,
350224158,2026-05-11T22:05:52+00:00,Unavailable,,
350224172,2026-05-11T22:05:52+00:00,Unavailable,,
350224186,2026-05-11T22:05:52+00:00,Unavailable,,
350224200,2026-05-11T22:05:52+00:00,Unavailable,,
350224214,2026-05-11T22:05:52+00:00,Unavailable,,
350224228,2026-05-11T22:05:52+00:00,Unavailable,,
350224239,2026-05-11T22:05:52+00:00,Unavailable,,
350224250,2026-05-11T22:05:52+00:00,Unavailable,,
350224261,2026-05-11T22:05:52+00:00,Unavailable,,
350224272,2026-05-11T22:05:52+00:00,Unavailable,,
350224283,2026-05-11T22:05:52+00:00,Unavailable,,
350224294,2026-05-11T22:05:52+00:00,Unavailable,,
350224305,2026-05-11T22:05:52+00:00,Unavailable,,
350224317,2026-05-11T22:05:52+00:00,Unavailable,,
350224328,2026-05-11T22:05:52+00:00,Unavailable,,
350224339,2026-05-11T22:05:52+00:00,Unavailable,,
350224350,2026-05-11T22:05:52+00:00,Unavailable,,
350224361,2026-05-11T22:05:52+00:00,Unavailable,,
350224372,2026-05-11T22:05:52+00:00,Unavailable,,
350224386,2026-05-11T22:05:52+00:00,Unavailable,,
350224401,2026-05-11T22:05:52+00:00,Unavailable,,
350224416,2026-05-11T22:05:52+00:00,Unavailable,,
350224433,2026-05-11T22:05:52+00:00,Unavailable,,
350224444,2026-05-11T22:05:52+00:00,Unavailable,,
350224455,2026-05-11T22:05:52+00:00,Unavailable,,
350224466,2026-05-11T22:05:52+00:00,Unavailable,,
350224477,2026-05-11T22:05:52+00:00,Unavailable,,
350224489,2026-05-11T22:05:52+00:00,Unavailable,,
350224500,2026-05-11T22:05:52+00:00,Unavailable,,
350224511,2026-05-11T22:05:52+00:00,Unavailable,,
350224522,2026-05-11T22:05:52+00:00,Unavailable,,
350224533,2026-05-11T22:05:52+00:00,Unavailable,,
350224544,2026-05-11T22:05:52+00:00,Unavailable,,
350224555,2026-05-11T22:05:52+00:00,Unavailable,,
350224566,2026-05-11T22:05:52+00:00,Unavailable,,
350224577,2026-05-11T22:05:52+00:00,Unavailable,,
350224588,2026-05-11T22:05:52+00:00,Unavailable,,
350224599,2026-05-11T22:05:52+00:00,Unavailable,,
350224612,2026-05-11T22:05:52+00:00,Unavailable,,
350224623,2026-05-11T22:05:52+00:00,Unavailable,,
350224634,2026-05-11T22:05:52+00:00,Unavailable,,
350224645,2026-05-11T22:05:52+00:00,Unavailable,,
350224658,2026-05-11T22:05:52+00:00,Unavailable,,
350224669,2026-05-11T22:05:52+00:00,Unavailable,,
350224680,2026-05-11T22:05:52+00:00,Unavailable,,
350224692,2026-05-11T22:05:52+00:00,Unavailable,,
350224703,2026-05-11T22:05:52+00:00,Unavailable,,
350224714,2026-05-11T22:05:52+00:00,Unavailable,,
350224725,2026-05-11T22:05:52+00:00,Unavailable,,
350224738,2026-05-11T22:05:52+00:00,Unavailable,,
350224749,2026-05-11T22:05:52+00:00,Unavailable,,
350224760,2026-05-11T22:05:52+00:00,Unavailable,,
350224771,2026-05-11T22:05:52+00:00,Unavailable,,
350224782,2026-05-11T22:05:52+00:00,Unavailable,,
350224793,2026-05-11T22:05:52+00:00,Unavailable,,
350224804,2026-05-11T22:05:52+00:00,Unavailable,,
350224815,2026-05-11T22:05:52+00:00,Unavailable,,
350224826,2026-05-11T22:05:52+00:00,Unavailable,,
350224837,2026-05-11T22:05:52+00:00,Unavailable,,
350224848,2026-05-11T22:05:52+00:00,Unavailable,,
350224859,2026-05-11T22:05:52+00:00,Unavailable,,
350224873,2026-05-11T22:05:52+00:00,Unavailable,,
350224887,2026-05-11T22:05:52+00:00,Unavailable,,
350224901,2026-05-11T22:05:52+00:00,Unavailable,,
350224915,2026-05-11T22:05:52+00:00,Unavailable,,
350224929,2026-05-11T22:05:52+00:00,Unavailable,,
350224940,2026-05-11T22:05:52+00:00,Unavailable,,
350224951,2026-05-11T22:05:52+00:00,Unavailable,,
350224962,2026-05-11T22:05:52+00:00,Unavailable,,
350224973,2026-05-11T22:05:52+00:00,Unavailable,,
350224985,2026-05-11T22:05:52+00:00,Unavailable,,
350224996,2026-05-11T22:05:52+00:00,Unavailable,,
350225008,2026-05-11T22:05:52+00:00,Unavailable,,
350225019,2026-05-11T22:05:52+00:00,Unavailable,,
350225030,2026-05-11T22:05:52+00:00,Unavailable,,
350225041,2026-05-11T22:05:52+00:00,Unavailable,,
350225053,2026-05-11T22:05:52+00:00,Unavailable,,
350225064,2026-05-11T22:05:52+00:00,Unavailable,,
350225075,2026-05-11T22:05:52+00:00,Unavailable,,
350225086,2026-05-11T22:05:52+00:00,Unavailable,,
350225097,2026-05-11T22:05:52+00:00,Unavailable,,
350225108,2026-05-11T22:05:52+00:00,Unavailable,,
350225119,2026-05-11T22:05:52+00:00,Unavailable,,
350225130,2026-05-11T22:05:52+00:00,Unavailable,,
350225141,2026-05-11T22:05:52+00:00,Unavailable,,
350225163,2026-05-11T22:05:52+00:00,Unavailable,,
350225174,2026-05-11T22:05:52+00:00,Unavailable,,
350225185,2026-05-11T22:05:52+00:00,Unavailable,,
350225196,2026-05-11T22:05:52+00:00,Unavailable,,
350225207,2026-05-11T22:05:52+00:00,Unavailable,,
350225218,2026-05-11T22:05:52+00:00,Unavailable,,
350225229,2026-05-11T22:05:52+00:00,Unavailable,,
350225240,2026-05-11T22:05:52+00:00,Unavailable,,
350225251,2026-05-11T22:05:52+00:00,Unavailable,,
350225262,2026-05-11T22:05:52+00:00,Unavailable,,
350225273,2026-05-11T22:05:52+00:00,Unavailable,,
350225285,2026-05-11T22:05:52+00:00,Unavailable,,
350225296,2026-05-11T22:05:52+00:00,Unavailable,,
350225307,2026-05-11T22:05:52+00:00,Unavailable,,
350225318,2026-05-11T22:05:52+00:00,Unavailable,,
350225329,2026-05-11T22:05:52+00:00,Unavailable,,
350225341,2026-05-11T22:05:52+00:00,Unavailable,,
350225352,2026-05-11T22:05:52+00:00,Unavailable,,
350225363,2026-05-11T22:05:52+00:00,Unavailable,,
350225375,2026-05-11T22:05:52+00:00,Unavailable,,
350225387,2026-05-11T22:05:52+00:00,Unavailable,,
350225401,2026-05-11T22:05:52+00:00,Unavailable,,
350225415,2026-05-11T22:05:52+00:00,Unavailable,,
350225429,2026-05-11T22:05:52+00:00,Unavailable,,
350225443,2026-05-11T22:05:52+00:00,Unavailable,,
350225457,2026-05-11T22:05:52+00:00,Unavailable,,
350225471,2026-05-11T22:05:52+00:00,Unavailable,,
350225485,2026-05-11T22:05:52+00:00,Unavailable,,
350225496,2026-05-11T22:05:52+00:00,Unavailable,,
350225507,2026-05-11T22:05:52+00:00,Unavailable,,
350225518,2026-05-11T22:05:52+00:00,Unavailable,,
350225529,2026-05-11T22:05:52+00:00,Unavailable,,
350225540,2026-05-11T22:05:52+00:00,Unavailable,,
350225551,2026-05-11T22:05:52+00:00,Unavailable,,
350225562,2026-05-11T22:05:52+00:00,Unavailable,,
350225573,2026-05-11T22:05:52+00:00,Unavailable,,
350225584,2026-05-11T22:05:52+00:00,Unavailable,,
350225596,2026-05-11T22:05:52+00:00,Unavailable,,
350225607,2026-05-11T22:05:52+00:00,Unavailable,,
350225618,2026-05-11T22:05:52+00:00,Unavailable,,
350225629,2026-05-11T22:05:52+00:00,Unavailable,,
350225640,2026-05-11T22:05:52+00:00,Unavailable,,
350225651,2026-05-11T22:05:52+00:00,Unavailable,,
350225663,2026-05-11T22:05:52+00:00,Unavailable,,
350225674,2026-05-11T22:05:52+00:00,Unavailable,,
350225688,2026-05-11T22:05:52+00:00,Unavailable,,
350225702,2026-05-11T22:05:52+00:00,Unavailable,,
350225716,2026-05-11T22:05:52+00:00,Unavailable,,
350225730,2026-05-11T22:05:52+00:00,Unavailable,,
350225744,2026-05-11T22:05:52+00:00,Unavailable,,
350225758,2026-05-11T22:05:52+00:00,Unavailable,,
350225786,2026-05-11T22:05:52+00:00,Unavailable,,
350225814,2026-05-11T22:05:52+00:00,Unavailable,,
350225825,2026-05-11T22:05:52+00:00,Unavailable,,
350225836,2026-05-11T22:05:52+00:00,Unavailable,,
350225847,2026-05-11T22:05:52+00:00,Unavailable,,
350225858,2026-05-11T22:05:52+00:00,Unavailable,,
350225869,2026-05-11T22:05:52+00:00,Unavailable,,
350225880,2026-05-11T22:05:52+00:00,Unavailable,,
350225891,2026-05-11T22:05:52+00:00,Unavailable,,
350225902,2026-05-11T22:05:52+00:00,Unavailable,,
350225913,2026-05-11T22:05:52+00:00,Unavailable,,
350225924,2026-05-11T22:05:52+00:00,Unavailable,,
350225935,2026-05-11T22:05:52+00:00,Unavailable,,
350225946,2026-05-11T22:05:52+00:00,Unavailable,,
350225957,2026-05-11T22:05:52+00:00,Unavailable,,
350225968,2026-05-11T22:05:52+00:00,Unavailable,,
350225981,2026-05-11T22:05:52+00:00,Unavailable,,
350225993,2026-05-11T22:05:52+00:00,Unavailable,,
350226004,2026-05-11T22:05:52+00:00,Unavailable,,
350226015,2026-05-11T22:05:52+00:00,Unavailable,,
350226026,2026-05-11T22:05:52+00:00,Unavailable,,
350226037,2026-05-11T22:05:52+00:00,Unavailable,,
350226048,2026-05-11T22:05:52+00:00,Unavailable,,
350226059,2026-05-11T22:05:52+00:00,Unavailable,,
350226070,2026-05-11T22:05:52+00:00,Unavailable,,
350280176,2026-05-11T22:05:52+00:00,Unavailable,,
350280422,2026-05-11T22:05:52+00:00,Unavailable,,
350280510,2026-05-11T22:05:52+00:00,Unavailable,,
350280525,2026-05-11T22:05:52+00:00,Unavailable,,
350280536,2026-05-11T22:05:52+00:00,Unavailable,,
350288650,2026-05-11T22:05:52+00:00,Unavailable,,
350288664,2026-05-11T22:05:52+00:00,Unavailable,,
350288680,2026-05-11T22:05:52+00:00,Unavailable,,
350288691,2026-05-11T22:05:52+00:00,Unavailable,,
350288702,2026-05-11T22:05:52+00:00,Unavailable,,
350288713,2026-05-11T22:05:52+00:00,Unavailable,,
350288724,2026-05-11T22:05:52+00:00,Unavailable,,
350288737,2026-05-11T22:05:52+00:00,Unavailable,,
350288748,2026-05-11T22:05:52+00:00,Unavailable,,
350288759,2026-05-11T22:05:52+00:00,Unavailable,,
350288770,2026-05-11T22:05:52+00:00,Unavailable,,
350288781,2026-05-11T22:05:52+00:00,Unavailable,,
350288792,2026-05-11T22:05:52+00:00,Unavailable,,
350288804,2026-05-11T22:05:52+00:00,Unavailable,,
350288815,2026-05-11T22:05:52+00:00,Unavailable,,
350288826,2026-05-11T22:05:52+00:00,Unavailable,,
350288837,2026-05-11T22:05:52+00:00,Unavailable,,
350288848,2026-05-11T22:05:52+00:00,Unavailable,,
350288859,2026-05-11T22:05:52+00:00,Unavailable,,
350288870,2026-05-11T22:05:52+00:00,Unavailable,,
350288881,2026-05-11T22:05:52+00:00,Unavailable,,
350288892,2026-05-11T22:05:52+00:00,Unavailable,,
350288903,2026-05-11T22:05:52+00:00,Unavailable,,
350288914,2026-05-11T22:05:52+00:00,Unavailable,,
350288925,2026-05-11T22:05:52+00:00,Unavailable,,
350288937,2026-05-11T22:05:52+00:00,Unavailable,,
350288948,2026-05-11T22:05:52+00:00,Unavailable,,
350288959,2026-05-11T22:05:52+00:00,Unavailable,,
350288970,2026-05-11T22:05:52+00:00,Unavailable,,
350288981,2026-05-11T22:05:52+00:00,Unavailable,,
350288992,2026-05-11T22:05:52+00:00,Unavailable,,
350289003,2026-05-11T22:05:52+00:00,Unavailable,,
350289014,2026-05-11T22:05:52+00:00,Unavailable,,
350289048,2026-05-11T22:05:52+00:00,Unavailable,,
350289060,2026-05-11T22:05:52+00:00,Unavailable,,
350289071,2026-05-11T22:05:52+00:00,Unavailable,,
350289082,2026-05-11T22:05:52+00:00,Unavailable,,
350289093,2026-05-11T22:05:52+00:00,Unavailable,,
350289104,2026-05-11T22:05:52+00:00,Unavailable,,
350289115,2026-05-11T22:05:52+00:00,Unavailable,,
350289126,2026-05-11T22:05:52+00:00,Unavailable,,
350289137,2026-05-11T22:05:52+00:00,Unavailable,,
350289148,2026-05-11T22:05:52+00:00,Unavailable,,
350289159,2026-05-11T22:05:52+00:00,Unavailable,,
350289170,2026-05-11T22:05:52+00:00,Unavailable,,
350289181,2026-05-11T22:05:52+00:00,Unavailable,,
350289192,2026-05-11T22:05:52+00:00,Unavailable,,
350289203,2026-05-11T22:05:52+00:00,Unavailable,,
350289214,2026-05-11T22:05:52+00:00,Unavailable,,
350289226,2026-05-11T22:05:52+00:00,Unavailable,,
350289237,2026-05-11T22:05:52+00:00,Unavailable,,
350289248,2026-05-11T22:05:52+00:00,Unavailable,,
350289260,2026-05-11T22:05:52+00:00,Unavailable,,
350289271,2026-05-11T22:05:52+00:00,Unavailable,,
350289282,2026-05-11T22:05:52+00:00,Unavailable,,
350289293,2026-05-11T22:05:52+00:00,Unavailable,,
350289304,2026-05-11T22:05:52+00:00,Unavailable,,
350289315,2026-05-11T22:05:52+00:00,Unavailable,,
350289326,2026-05-11T22:05:52+00:00,Unavailable,,
350289337,2026-05-11T22:05:52+00:00,Unavailable,,
350289348,2026-05-11T22:05:52+00:00,Unavailable,,
350289359,2026-05-11T22:05:52+00:00,Unavailable,,
350289370,2026-05-11T22:05:52+00:00,Unavailable,,
350289381,2026-05-11T22:05:52+00:00,Unavailable,,
350289392,2026-05-11T22:05:52+00:00,Unavailable,,
350289404,2026-05-11T22:05:52+00:00,Unavailable,,
351070164,2026-05-11T22:05:52+00:00,Unavailable,,
351073176,2026-05-11T22:05:52+00:00,Unavailable,,
353250216,2026-05-11T22:05:52+00:00,Unavailable,,
364658017,2026-05-11T22:05:52+00:00,Unavailable,,
350216376,2026-05-11T22:42:01+00:00,Unavailable,,
350216387,2026-05-11T22:42:01+00:00,Unavailable,,
350216398,2026-05-11T22:42:01+00:00,Unavailable,,
350216409,2026-05-11T22:42:01+00:00,Unavailable,,
350216431,2026-05-11T22:42:01+00:00,Unavailable,,
350216442,2026-05-11T22:42:01+00:00,Unavailable,,
350216453,2026-05-11T22:42:01+00:00,Unavailable,,
350216465,2026-05-11T22:42:01+00:00,Unavailable,,
350216476,2026-05-11T22:42:01+00:00,Unavailable,,
350216487,2026-05-11T22:42:01+00:00,Unavailable,,
350216498,2026-05-11T22:42:01+00:00,Unavailable,,
350216509,2026-05-11T22:42:01+00:00,Unavailable,,
350216520,2026-05-11T22:42:01+00:00,Unavailable,,
350216542,2026-05-11T22:42:01+00:00,Unavailable,,
350216553,2026-05-11T22:42:01+00:00,Unavailable,,
350216564,2026-05-11T22:42:01+00:00,Unavailable,,
350216575,2026-05-11T22:42:01+00:00,Unavailable,,
350216586,2026-05-11T22:42:01+00:00,Unavailable,,
350216597,2026-05-11T22:42:01+00:00,Unavailable,,
350216608,2026-05-11T22:42:01+00:00,Unavailable,,
350216619,2026-05-11T22:42:01+00:00,Unavailable,,
350216630,2026-05-11T22:42:01+00:00,Unavailable,,
350216652,2026-05-11T22:42:01+00:00,Unavailable,,
350216663,2026-05-11T22:42:01+00:00,Unavailable,,
350216674,2026-05-11T22:42:01+00:00,Unavailable,,
350216685,2026-05-11T22:42:01+00:00,Unavailable,,
350216696,2026-05-11T22:42:01+00:00,Unavailable,,
350216707,2026-05-11T22:42:01+00:00,Unavailable,,
350216718,2026-05-11T22:42:01+00:00,Unavailable,,
350216729,2026-05-11T22:42:01+00:00,Unavailable,,
350216740,2026-05-11T22:42:01+00:00,Unavailable,,
350216751,2026-05-11T22:42:01+00:00,Unavailable,,
350216762,2026-05-11T22:42:01+00:00,Unavailable,,
350216773,2026-05-11T22:42:01+00:00,Unavailable,,
350216784,2026-05-11T22:42:01+00:00,Unavailable,,
350216795,2026-05-11T22:42:01+00:00,Unavailable,,
350216806,2026-05-11T22:42:01+00:00,Unavailable,,
350216817,2026-05-11T22:42:01+00:00,Unavailable,,
350216828,2026-05-11T22:42:01+00:00,Unavailable,,
350216839,2026-05-11T22:42:01+00:00,Unavailable,,
350216850,2026-05-11T22:42:01+00:00,Unavailable,,
350216861,2026-05-11T22:42:01+00:00,Unavailable,,
350216872,2026-05-11T22:42:01+00:00,Unavailable,,
350216884,2026-05-11T22:42:01+00:00,Unavailable,,
350216895,2026-05-11T22:42:01+00:00,Unavailable,,
350216906,2026-05-11T22:42:01+00:00,Unavailable,,
350216917,2026-05-11T22:42:01+00:00,Unavailable,,
350216928,2026-05-11T22:42:01+00:00,Unavailable,,
350216939,2026-05-11T22:42:01+00:00,Unavailable,,
350216950,2026-05-11T22:42:01+00:00,Unavailable,,
350216961,2026-05-11T22:42:01+00:00,Unavailable,,
350216972,2026-05-11T22:42:01+00:00,Unavailable,,
350216994,2026-05-11T22:42:01+00:00,Unavailable,,
350217005,2026-05-11T22:42:01+00:00,Unavailable,,
350217016,2026-05-11T22:42:01+00:00,Unavailable,,
350217027,2026-05-11T22:42:01+00:00,Unavailable,,
350217049,2026-05-11T22:42:01+00:00,Unavailable,,
350217071,2026-05-11T22:42:01+00:00,Unavailable,,
350217083,2026-05-11T22:42:01+00:00,Unavailable,,
350217105,2026-05-11T22:42:01+00:00,Unavailable,,
350217117,2026-05-11T22:42:01+00:00,Unavailable,,
350217128,2026-05-11T22:42:01+00:00,Unavailable,,
350217150,2026-05-11T22:42:01+00:00,Unavailable,,
350217162,2026-05-11T22:42:01+00:00,Unavailable,,
350217174,2026-05-11T22:42:01+00:00,Unavailable,,
350217185,2026-05-11T22:42:01+00:00,Unavailable,,
350217207,2026-05-11T22:42:01+00:00,Unavailable,,
350217218,2026-05-11T22:42:01+00:00,Unavailable,,
350217240,2026-05-11T22:42:01+00:00,Unavailable,,
350217251,2026-05-11T22:42:01+00:00,Unavailable,,
350217262,2026-05-11T22:42:01+00:00,Unavailable,,
350217273,2026-05-11T22:42:01+00:00,Unavailable,,
350217284,2026-05-11T22:42:01+00:00,Unavailable,,
350217295,2026-05-11T22:42:01+00:00,Unavailable,,
350217306,2026-05-11T22:42:01+00:00,Unavailable,,
350217317,2026-05-11T22:42:01+00:00,Unavailable,,
350217339,2026-05-11T22:42:01+00:00,Unavailable,,
350217353,2026-05-11T22:42:01+00:00,Unavailable,,
350217366,2026-05-11T22:42:01+00:00,Unavailable,,
350217379,2026-05-11T22:42:01+00:00,Unavailable,,
350217393,2026-05-11T22:42:01+00:00,Unavailable,,
350217404,2026-05-11T22:42:01+00:00,Unavailable,,
350217415,2026-05-11T22:42:01+00:00,Unavailable,,
350217426,2026-05-11T22:42:01+00:00,Unavailable,,
350217437,2026-05-11T22:42:01+00:00,Unavailable,,
350217448,2026-05-11T22:42:01+00:00,Unavailable,,
350732033,2026-05-11T22:42:01+00:00,Unavailable,,
350739304,2026-05-11T22:42:01+00:00,Unavailable,,
350740400,2026-05-11T22:42:01+00:00,Unavailable,,
350740938,2026-05-11T22:42:01+00:00,Unavailable,,
350741533,2026-05-11T22:42:01+00:00,Unavailable,,
350741599,2026-05-11T22:42:01+00:00,Unavailable,,
364675943,2026-05-11T22:42:01+00:00,Unavailable,,
364677421,2026-05-11T22:42:01+00:00,Unavailable,,
364677693,2026-05-11T22:42:01+00:00,Unavailable,,
364678079,2026-05-11T22:42:01+00:00,Unavailable,,
350200801,2026-05-11T22:42:05+00:00,Unavailable,,
350200813,2026-05-11T22:42:05+00:00,Unavailable,,
350200824,2026-05-11T22:42:05+00:00,Unavailable,,
350200836,2026-05-11T22:42:05+00:00,Unavailable,,
350200847,2026-05-11T22:42:05+00:00,Unavailable,,
350200858,2026-05-11T22:42:05+00:00,Unavailable,,
350200869,2026-05-11T22:42:05+00:00,Unavailable,,
350200880,2026-05-11T22:42:05+00:00,Unavailable,,
350200891,2026-05-11T22:42:05+00:00,Unavailable,,
350200902,2026-05-11T22:42:05+00:00,Unavailable,,
350200913,2026-05-11T22:42:05+00:00,Unavailable,,
350200924,2026-05-11T22:42:05+00:00,Unavailable,,
350200935,2026-05-11T22:42:05+00:00,Unavailable,,
350200946,2026-05-11T22:42:05+00:00,Unavailable,,
350200957,2026-05-11T22:42:05+00:00,Unavailable,,
350200968,2026-05-11T22:42:05+00:00,Unavailable,,
350200979,2026-05-11T22:42:05+00:00,Unavailable,,
350200990,2026-05-11T22:42:05+00:00,Unavailable,,
350201001,2026-05-11T22:42:05+00:00,Unavailable,,
350201012,2026-05-11T22:42:05+00:00,Unavailable,,
350201023,2026-05-11T22:42:05+00:00,Unavailable,,
350201034,2026-05-11T22:42:05+00:00,Unavailable,,
350201045,2026-05-11T22:42:05+00:00,Unavailable,,
350201058,2026-05-11T22:42:05+00:00,Unavailable,,
350201069,2026-05-11T22:42:05+00:00,Unavailable,,
350201080,2026-05-11T22:42:05+00:00,Unavailable,,
350201091,2026-05-11T22:42:05+00:00,Unavailable,,
350201102,2026-05-11T22:42:05+00:00,Unavailable,,
350201113,2026-05-11T22:42:05+00:00,Unavailable,,
350201124,2026-05-11T22:42:05+00:00,Unavailable,,
350201135,2026-05-11T22:42:05+00:00,Unavailable,,
350201146,2026-05-11T22:42:05+00:00,Unavailable,,
350201157,2026-05-11T22:42:05+00:00,Unavailable,,
350201170,2026-05-11T22:42:05+00:00,Unavailable,,
350201182,2026-05-11T22:42:05+00:00,Unavailable,,
350201193,2026-05-11T22:42:05+00:00,Unavailable,,
350201205,2026-05-11T22:42:05+00:00,Unavailable,,
350201216,2026-05-11T22:42:05+00:00,Unavailable,,
350201227,2026-05-11T22:42:05+00:00,Unavailable,,
350201238,2026-05-11T22:42:05+00:00,Unavailable,,
350201249,2026-05-11T22:42:05+00:00,Unavailable,,
350201260,2026-05-11T22:42:05+00:00,Unavailable,,
350201271,2026-05-11T22:42:05+00:00,Unavailable,,
350201283,2026-05-11T22:42:05+00:00,Unavailable,,
350201294,2026-05-11T22:42:05+00:00,Unavailable,,
350201305,2026-05-11T22:42:05+00:00,Unavailable,,
350201316,2026-05-11T22:42:05+00:00,Unavailable,,
350201327,2026-05-11T22:42:05+00:00,Unavailable,,
350201338,2026-05-11T22:42:05+00:00,Unavailable,,
350201349,2026-05-11T22:42:05+00:00,Unavailable,,
350201360,2026-05-11T22:42:05+00:00,Unavailable,,
350201371,2026-05-11T22:42:05+00:00,Unavailable,,
350201382,2026-05-11T22:42:05+00:00,Unavailable,,
350201393,2026-05-11T22:42:05+00:00,Unavailable,,
350201404,2026-05-11T22:42:05+00:00,Unavailable,,
350201415,2026-05-11T22:42:05+00:00,Unavailable,,
350201426,2026-05-11T22:42:05+00:00,Unavailable,,
350201437,2026-05-11T22:42:05+00:00,Unavailable,,
350201448,2026-05-11T22:42:05+00:00,Unavailable,,
350201459,2026-05-11T22:42:05+00:00,Unavailable,,
350201470,2026-05-11T22:42:05+00:00,Unavailable,,
350201481,2026-05-11T22:42:05+00:00,Unavailable,,
350201492,2026-05-11T22:42:05+00:00,Unavailable,,
350201503,2026-05-11T22:42:05+00:00,Unavailable,,
350201514,2026-05-11T22:42:05+00:00,Unavailable,,
350201525,2026-05-11T22:42:05+00:00,Unavailable,,
350201536,2026-05-11T22:42:05+00:00,Unavailable,,
350201547,2026-05-11T22:42:05+00:00,Unavailable,,
350201558,2026-05-11T22:42:05+00:00,Unavailable,,
350201569,2026-05-11T22:42:05+00:00,Unavailable,,
350201580,2026-05-11T22:42:05+00:00,Unavailable,,
350201591,2026-05-11T22:42:05+00:00,Unavailable,,
350201602,2026-05-11T22:42:05+00:00,Unavailable,,
350201613,2026-05-11T22:42:05+00:00,Unavailable,,
350201624,2026-05-11T22:42:05+00:00,Unavailable,,
350201635,2026-05-11T22:42:05+00:00,Unavailable,,
350201646,2026-05-11T22:42:05+00:00,Unavailable,,
350201657,2026-05-11T22:42:05+00:00,Unavailable,,
350201668,2026-05-11T22:42:05+00:00,Unavailable,,
350201679,2026-05-11T22:42:05+00:00,Unavailable,,
350201690,2026-05-11T22:42:05+00:00,Unavailable,,
350201701,2026-05-11T22:42:05+00:00,Unavailable,,
350201712,2026-05-11T22:42:05+00:00,Unavailable,,
350201723,2026-05-11T22:42:05+00:00,Unavailable,,
350201735,2026-05-11T22:42:05+00:00,Unavailable,,
350201746,2026-05-11T22:42:05+00:00,Unavailable,,
350201757,2026-05-11T22:42:05+00:00,Unavailable,,
350201768,2026-05-11T22:42:05+00:00,Unavailable,,
350201779,2026-05-11T22:42:05+00:00,Unavailable,,
350201790,2026-05-11T22:42:05+00:00,Unavailable,,
350201801,2026-05-11T22:42:05+00:00,Unavailable,,
350201812,2026-05-11T22:42:05+00:00,Unavailable,,
350201823,2026-05-11T22:42:05+00:00,Unavailable,,
350201834,2026-05-11T22:42:05+00:00,Unavailable,,
350201845,2026-05-11T22:42:05+00:00,Unavailable,,
350201856,2026-05-11T22:42:05+00:00,Unavailable,,
350201867,2026-05-11T22:42:05+00:00,Unavailable,,
350201879,2026-05-11T22:42:05+00:00,Unavailable,,
350201890,2026-05-11T22:42:05+00:00,Unavailable,,
350201901,2026-05-11T22:42:05+00:00,Unavailable,,
350201912,2026-05-11T22:42:05+00:00,Unavailable,,
350201924,2026-05-11T22:42:05+00:00,Unavailable,,
350201935,2026-05-11T22:42:05+00:00,Unavailable,,
350201947,2026-05-11T22:42:05+00:00,Unavailable,,
350201958,2026-05-11T22:42:05+00:00,Unavailable,,
350201969,2026-05-11T22:42:05+00:00,Unavailable,,
350201980,2026-05-11T22:42:05+00:00,Unavailable,,
350201991,2026-05-11T22:42:05+00:00,Unavailable,,
350202003,2026-05-11T22:42:05+00:00,Unavailable,,
350202018,2026-05-11T22:42:05+00:00,Unavailable,,
350202032,2026-05-11T22:42:05+00:00,Unavailable,,
350202045,2026-05-11T22:42:05+00:00,Unavailable,,
350202056,2026-05-11T22:42:05+00:00,Unavailable,,
350202069,2026-05-11T22:42:05+00:00,Unavailable,,
350202080,2026-05-11T22:42:05+00:00,Unavailable,,
350202091,2026-05-11T22:42:05+00:00,Unavailable,,
350202102,2026-05-11T22:42:05+00:00,Unavailable,,
350202113,2026-05-11T22:42:05+00:00,Unavailable,,
350202124,2026-05-11T22:42:05+00:00,Unavailable,,
350202135,2026-05-11T22:42:05+00:00,Unavailable,,
350202146,2026-05-11T22:42:05+00:00,Unavailable,,
350202157,2026-05-11T22:42:05+00:00,Unavailable,,
350202168,2026-05-11T22:42:05+00:00,Unavailable,,
350202180,2026-05-11T22:42:05+00:00,Unavailable,,
350202191,2026-05-11T22:42:05+00:00,Unavailable,,
350202202,2026-05-11T22:42:05+00:00,Unavailable,,
350202213,2026-05-11T22:42:05+00:00,Unavailable,,
350202224,2026-05-11T22:42:05+00:00,Unavailable,,
350202235,2026-05-11T22:42:05+00:00,Unavailable,,
350202246,2026-05-11T22:42:05+00:00,Unavailable,,
350202257,2026-05-11T22:42:05+00:00,Unavailable,,
350202268,2026-05-11T22:42:05+00:00,Unavailable,,
350202279,2026-05-11T22:42:05+00:00,Unavailable,,
350202290,2026-05-11T22:42:05+00:00,Unavailable,,
350202301,2026-05-11T22:42:05+00:00,Unavailable,,
350202312,2026-05-11T22:42:05+00:00,Unavailable,,
350202323,2026-05-11T22:42:05+00:00,Unavailable,,
350202334,2026-05-11T22:42:05+00:00,Unavailable,,
350202347,2026-05-11T22:42:05+00:00,Unavailable,,
350202361,2026-05-11T22:42:05+00:00,Unavailable,,
350202372,2026-05-11T22:42:05+00:00,Unavailable,,
350202383,2026-05-11T22:42:05+00:00,Unavailable,,
350202394,2026-05-11T22:42:05+00:00,Unavailable,,
350202406,2026-05-11T22:42:05+00:00,Unavailable,,
350202417,2026-05-11T22:42:05+00:00,Unavailable,,
350202429,2026-05-11T22:42:05+00:00,Unavailable,,
350202440,2026-05-11T22:42:05+00:00,Unavailable,,
350202451,2026-05-11T22:42:05+00:00,Unavailable,,
350202462,2026-05-11T22:42:05+00:00,Unavailable,,
350202473,2026-05-11T22:42:05+00:00,Unavailable,,
350202484,2026-05-11T22:42:05+00:00,Unavailable,,
350202495,2026-05-11T22:42:05+00:00,Unavailable,,
350202506,2026-05-11T22:42:05+00:00,Unavailable,,
350202517,2026-05-11T22:42:05+00:00,Unavailable,,
350202528,2026-05-11T22:42:05+00:00,Unavailable,,
350202539,2026-05-11T22:42:05+00:00,Unavailable,,
350202551,2026-05-11T22:42:05+00:00,Unavailable,,
350202562,2026-05-11T22:42:05+00:00,Unavailable,,
350202573,2026-05-11T22:42:05+00:00,Unavailable,,
350202584,2026-05-11T22:42:05+00:00,Unavailable,,
350202595,2026-05-11T22:42:05+00:00,Unavailable,,
350202607,2026-05-11T22:42:05+00:00,Unavailable,,
350202618,2026-05-11T22:42:05+00:00,Unavailable,,
350202631,2026-05-11T22:42:05+00:00,Unavailable,,
350202642,2026-05-11T22:42:05+00:00,Unavailable,,
350202654,2026-05-11T22:42:05+00:00,Unavailable,,
350202665,2026-05-11T22:42:05+00:00,Unavailable,,
350202676,2026-05-11T22:42:05+00:00,Unavailable,,
350202687,2026-05-11T22:42:05+00:00,Unavailable,,
350202698,2026-05-11T22:42:05+00:00,Unavailable,,
350202709,2026-05-11T22:42:05+00:00,Unavailable,,
350202720,2026-05-11T22:42:05+00:00,Unavailable,,
350202731,2026-05-11T22:42:05+00:00,Unavailable,,
350202742,2026-05-11T22:42:05+00:00,Unavailable,,
350202753,2026-05-11T22:42:05+00:00,Unavailable,,
350202764,2026-05-11T22:42:05+00:00,Unavailable,,
350202775,2026-05-11T22:42:05+00:00,Unavailable,,
350202786,2026-05-11T22:42:05+00:00,Unavailable,,
350202797,2026-05-11T22:42:05+00:00,Unavailable,,
350202808,2026-05-11T22:42:05+00:00,Unavailable,,
350202819,2026-05-11T22:42:05+00:00,Unavailable,,
350202830,2026-05-11T22:42:05+00:00,Unavailable,,
350202841,2026-05-11T22:42:05+00:00,Unavailable,,
350202852,2026-05-11T22:42:05+00:00,Unavailable,,
350202863,2026-05-11T22:42:05+00:00,Unavailable,,
350202874,2026-05-11T22:42:05+00:00,Unavailable,,
350202885,2026-05-11T22:42:05+00:00,Unavailable,,
350202896,2026-05-11T22:42:05+00:00,Unavailable,,
350202908,2026-05-11T22:42:05+00:00,Unavailable,,
350202919,2026-05-11T22:42:05+00:00,Unavailable,,
350202930,2026-05-11T22:42:05+00:00,Unavailable,,
350202941,2026-05-11T22:42:05+00:00,Unavailable,,
350202952,2026-05-11T22:42:05+00:00,Unavailable,,
350202963,2026-05-11T22:42:05+00:00,Unavailable,,
350202974,2026-05-11T22:42:05+00:00,Unavailable,,
350202985,2026-05-11T22:42:05+00:00,Unavailable,,
350202996,2026-05-11T22:42:05+00:00,Unavailable,,
350203007,2026-05-11T22:42:05+00:00,Unavailable,,
350203018,2026-05-11T22:42:05+00:00,Unavailable,,
350203029,2026-05-11T22:42:05+00:00,Unavailable,,
350203040,2026-05-11T22:42:05+00:00,Unavailable,,
350203051,2026-05-11T22:42:05+00:00,Unavailable,,
350203062,2026-05-11T22:42:05+00:00,Unavailable,,
350203073,2026-05-11T22:42:05+00:00,Unavailable,,
350203084,2026-05-11T22:42:05+00:00,Unavailable,,
350203095,2026-05-11T22:42:05+00:00,Unavailable,,
350203106,2026-05-11T22:42:05+00:00,Unavailable,,
350203117,2026-05-11T22:42:05+00:00,Unavailable,,
350203128,2026-05-11T22:42:05+00:00,Unavailable,,
350203139,2026-05-11T22:42:05+00:00,Unavailable,,
350203150,2026-05-11T22:42:05+00:00,Unavailable,,
350203162,2026-05-11T22:42:05+00:00,Unavailable,,
350203173,2026-05-11T22:42:05+00:00,Unavailable,,
350203184,2026-05-11T22:42:05+00:00,Unavailable,,
350203195,2026-05-11T22:42:05+00:00,Unavailable,,
350203206,2026-05-11T22:42:05+00:00,Unavailable,,
350203217,2026-05-11T22:42:05+00:00,Unavailable,,
350203228,2026-05-11T22:42:05+00:00,Unavailable,,
350203239,2026-05-11T22:42:05+00:00,Unavailable,,
350203250,2026-05-11T22:42:05+00:00,Unavailable,,
350203261,2026-05-11T22:42:05+00:00,Unavailable,,
350203272,2026-05-11T22:42:05+00:00,Unavailable,,
350203283,2026-05-11T22:42:05+00:00,Unavailable,,
350203294,2026-05-11T22:42:05+00:00,Unavailable,,
350203305,2026-05-11T22:42:05+00:00,Unavailable,,
350203316,2026-05-11T22:42:05+00:00,Unavailable,,
350203327,2026-05-11T22:42:05+00:00,Unavailable,,
350203338,2026-05-11T22:42:05+00:00,Unavailable,,
350203349,2026-05-11T22:42:05+00:00,Unavailable,,
350203360,2026-05-11T22:42:05+00:00,Unavailable,,
350203371,2026-05-11T22:42:05+00:00,Unavailable,,
350203383,2026-05-11T22:42:05+00:00,Unavailable,,
350203394,2026-05-11T22:42:05+00:00,Unavailable,,
350203405,2026-05-11T22:42:05+00:00,Unavailable,,
350203416,2026-05-11T22:42:05+00:00,Unavailable,,
350203427,2026-05-11T22:42:05+00:00,Unavailable,,
350203438,2026-05-11T22:42:05+00:00,Unavailable,,
350203449,2026-05-11T22:42:05+00:00,Unavailable,,
350203460,2026-05-11T22:42:05+00:00,Unavailable,,
350203472,2026-05-11T22:42:05+00:00,Unavailable,,
350203483,2026-05-11T22:42:05+00:00,Unavailable,,
350203494,2026-05-11T22:42:05+00:00,Unavailable,,
350203505,2026-05-11T22:42:05+00:00,Unavailable,,
350203516,2026-05-11T22:42:05+00:00,Unavailable,,
350203527,2026-05-11T22:42:05+00:00,Unavailable,,
350203538,2026-05-11T22:42:05+00:00,Unavailable,,
350203549,2026-05-11T22:42:05+00:00,Unavailable,,
350203560,2026-05-11T22:42:05+00:00,Unavailable,,
350203571,2026-05-11T22:42:05+00:00,Unavailable,,
350203593,2026-05-11T22:42:05+00:00,Unavailable,,
355173402,2026-05-11T22:42:05+00:00,Unavailable,,
350223957,2026-05-11T22:42:14+00:00,Unavailable,,
350223971,2026-05-11T22:42:14+00:00,Unavailable,,
350223985,2026-05-11T22:42:14+00:00,Unavailable,,
350223999,2026-05-11T22:42:14+00:00,Unavailable,,
350224011,2026-05-11T22:42:14+00:00,Unavailable,,
350224022,2026-05-11T22:42:14+00:00,Unavailable,,
350224033,2026-05-11T22:42:14+00:00,Unavailable,,
350224044,2026-05-11T22:42:14+00:00,Unavailable,,
350224055,2026-05-11T22:42:14+00:00,Unavailable,,
350224066,2026-05-11T22:42:14+00:00,Unavailable,,
350224077,2026-05-11T22:42:14+00:00,Unavailable,,
350224088,2026-05-11T22:42:14+00:00,Unavailable,,
350224102,2026-05-11T22:42:14+00:00,Unavailable,,
350224116,2026-05-11T22:42:14+00:00,Unavailable,,
350224130,2026-05-11T22:42:14+00:00,Unavailable,,
350224144,2026-05-11T22:42:14+00:00,Unavailable,,
350224158,2026-05-11T22:42:14+00:00,Unavailable,,
350224172,2026-05-11T22:42:14+00:00,Unavailable,,
350224186,2026-05-11T22:42:14+00:00,Unavailable,,
350224200,2026-05-11T22:42:14+00:00,Unavailable,,
350224214,2026-05-11T22:42:14+00:00,Unavailable,,
350224228,2026-05-11T22:42:14+00:00,Unavailable,,
350224239,2026-05-11T22:42:14+00:00,Unavailable,,
350224250,2026-05-11T22:42:14+00:00,Unavailable,,
350224261,2026-05-11T22:42:14+00:00,Unavailable,,
350224272,2026-05-11T22:42:14+00:00,Unavailable,,
350224283,2026-05-11T22:42:14+00:00,Unavailable,,
350224294,2026-05-11T22:42:14+00:00,Unavailable,,
350224305,2026-05-11T22:42:14+00:00,Unavailable,,
350224317,2026-05-11T22:42:14+00:00,Unavailable,,
350224328,2026-05-11T22:42:14+00:00,Unavailable,,
350224339,2026-05-11T22:42:14+00:00,Unavailable,,
350224350,2026-05-11T22:42:14+00:00,Unavailable,,
350224361,2026-05-11T22:42:14+00:00,Unavailable,,
350224372,2026-05-11T22:42:14+00:00,Unavailable,,
350224386,2026-05-11T22:42:14+00:00,Unavailable,,
350224401,2026-05-11T22:42:14+00:00,Unavailable,,
350224416,2026-05-11T22:42:14+00:00,Unavailable,,
350224433,2026-05-11T22:42:14+00:00,Unavailable,,
350224444,2026-05-11T22:42:14+00:00,Unavailable,,
350224455,2026-05-11T22:42:14+00:00,Unavailable,,
350224466,2026-05-11T22:42:14+00:00,Unavailable,,
350224477,2026-05-11T22:42:14+00:00,Unavailable,,
350224489,2026-05-11T22:42:14+00:00,Unavailable,,
350224500,2026-05-11T22:42:14+00:00,Unavailable,,
350224511,2026-05-11T22:42:14+00:00,Unavailable,,
350224522,2026-05-11T22:42:14+00:00,Unavailable,,
350224533,2026-05-11T22:42:14+00:00,Unavailable,,
350224544,2026-05-11T22:42:14+00:00,Unavailable,,
350224555,2026-05-11T22:42:14+00:00,Unavailable,,
350224566,2026-05-11T22:42:14+00:00,Unavailable,,
350224577,2026-05-11T22:42:14+00:00,Unavailable,,
350224588,2026-05-11T22:42:14+00:00,Unavailable,,
350224599,2026-05-11T22:42:14+00:00,Unavailable,,
350224612,2026-05-11T22:42:14+00:00,Unavailable,,
350224623,2026-05-11T22:42:14+00:00,Unavailable,,
350224634,2026-05-11T22:42:14+00:00,Unavailable,,
350224645,2026-05-11T22:42:14+00:00,Unavailable,,
350224658,2026-05-11T22:42:14+00:00,Unavailable,,
350224669,2026-05-11T22:42:14+00:00,Unavailable,,
350224680,2026-05-11T22:42:14+00:00,Unavailable,,
350224692,2026-05-11T22:42:14+00:00,Unavailable,,
350224703,2026-05-11T22:42:14+00:00,Unavailable,,
350224714,2026-05-11T22:42:14+00:00,Unavailable,,
350224725,2026-05-11T22:42:14+00:00,Unavailable,,
350224738,2026-05-11T22:42:14+00:00,Unavailable,,
350224749,2026-05-11T22:42:14+00:00,Unavailable,,
350224760,2026-05-11T22:42:14+00:00,Unavailable,,
350224771,2026-05-11T22:42:14+00:00,Unavailable,,
350224782,2026-05-11T22:42:14+00:00,Unavailable,,
350224793,2026-05-11T22:42:14+00:00,Unavailable,,
350224804,2026-05-11T22:42:14+00:00,Unavailable,,
350224815,2026-05-11T22:42:14+00:00,Unavailable,,
350224826,2026-05-11T22:42:14+00:00,Unavailable,,
350224837,2026-05-11T22:42:14+00:00,Unavailable,,
350224848,2026-05-11T22:42:14+00:00,Unavailable,,
350224859,2026-05-11T22:42:14+00:00,Unavailable,,
350224873,2026-05-11T22:42:14+00:00,Unavailable,,
350224887,2026-05-11T22:42:14+00:00,Unavailable,,
350224901,2026-05-11T22:42:14+00:00,Unavailable,,
350224915,2026-05-11T22:42:14+00:00,Unavailable,,
350224929,2026-05-11T22:42:14+00:00,Unavailable,,
350224940,2026-05-11T22:42:14+00:00,Unavailable,,
350224951,2026-05-11T22:42:14+00:00,Unavailable,,
350224962,2026-05-11T22:42:14+00:00,Unavailable,,
350224973,2026-05-11T22:42:14+00:00,Unavailable,,
350224985,2026-05-11T22:42:14+00:00,Unavailable,,
350224996,2026-05-11T22:42:14+00:00,Unavailable,,
350225008,2026-05-11T22:42:14+00:00,Unavailable,,
350225019,2026-05-11T22:42:14+00:00,Unavailable,,
350225030,2026-05-11T22:42:14+00:00,Unavailable,,
350225041,2026-05-11T22:42:14+00:00,Unavailable,,
350225053,2026-05-11T22:42:14+00:00,Unavailable,,
350225064,2026-05-11T22:42:14+00:00,Unavailable,,
350225075,2026-05-11T22:42:14+00:00,Unavailable,,
350225086,2026-05-11T22:42:14+00:00,Unavailable,,
350225097,2026-05-11T22:42:14+00:00,Unavailable,,
350225108,2026-05-11T22:42:14+00:00,Unavailable,,
350225119,2026-05-11T22:42:14+00:00,Unavailable,,
350225130,2026-05-11T22:42:14+00:00,Unavailable,,
350225141,2026-05-11T22:42:14+00:00,Unavailable,,
350225163,2026-05-11T22:42:14+00:00,Unavailable,,
350225174,2026-05-11T22:42:14+00:00,Unavailable,,
350225185,2026-05-11T22:42:14+00:00,Unavailable,,
350225196,2026-05-11T22:42:14+00:00,Unavailable,,
350225207,2026-05-11T22:42:14+00:00,Unavailable,,
350225218,2026-05-11T22:42:14+00:00,Unavailable,,
350225229,2026-05-11T22:42:14+00:00,Unavailable,,
350225240,2026-05-11T22:42:14+00:00,Unavailable,,
350225251,2026-05-11T22:42:14+00:00,Unavailable,,
350225262,2026-05-11T22:42:14+00:00,Unavailable,,
350225273,2026-05-11T22:42:14+00:00,Unavailable,,
350225285,2026-05-11T22:42:14+00:00,Unavailable,,
350225296,2026-05-11T22:42:14+00:00,Unavailable,,
350225307,2026-05-11T22:42:14+00:00,Unavailable,,
350225318,2026-05-11T22:42:14+00:00,Unavailable,,
350225329,2026-05-11T22:42:14+00:00,Unavailable,,
350225341,2026-05-11T22:42:14+00:00,Unavailable,,
350225352,2026-05-11T22:42:14+00:00,Unavailable,,
350225363,2026-05-11T22:42:14+00:00,Unavailable,,
350225375,2026-05-11T22:42:14+00:00,Unavailable,,
350225387,2026-05-11T22:42:14+00:00,Unavailable,,
350225401,2026-05-11T22:42:14+00:00,Unavailable,,
350225415,2026-05-11T22:42:14+00:00,Unavailable,,
350225429,2026-05-11T22:42:14+00:00,Unavailable,,
350225443,2026-05-11T22:42:14+00:00,Unavailable,,
350225457,2026-05-11T22:42:14+00:00,Unavailable,,
350225471,2026-05-11T22:42:14+00:00,Unavailable,,
350225485,2026-05-11T22:42:14+00:00,Unavailable,,
350225496,2026-05-11T22:42:14+00:00,Unavailable,,
350225507,2026-05-11T22:42:14+00:00,Unavailable,,
350225518,2026-05-11T22:42:14+00:00,Unavailable,,
350225529,2026-05-11T22:42:14+00:00,Unavailable,,
350225540,2026-05-11T22:42:14+00:00,Unavailable,,
350225551,2026-05-11T22:42:14+00:00,Unavailable,,
350225562,2026-05-11T22:42:14+00:00,Unavailable,,
350225573,2026-05-11T22:42:14+00:00,Unavailable,,
350225584,2026-05-11T22:42:14+00:00,Unavailable,,
350225596,2026-05-11T22:42:14+00:00,Unavailable,,
350225607,2026-05-11T22:42:14+00:00,Unavailable,,
350225618,2026-05-11T22:42:14+00:00,Unavailable,,
350225629,2026-05-11T22:42:14+00:00,Unavailable,,
350225640,2026-05-11T22:42:14+00:00,Unavailable,,
350225651,2026-05-11T22:42:14+00:00,Unavailable,,
350225663,2026-05-11T22:42:14+00:00,Unavailable,,
350225674,2026-05-11T22:42:14+00:00,Unavailable,,
350225688,2026-05-11T22:42:14+00:00,Unavailable,,
350225702,2026-05-11T22:42:14+00:00,Unavailable,,
350225716,2026-05-11T22:42:14+00:00,Unavailable,,
350225730,2026-05-11T22:42:14+00:00,Unavailable,,
350225744,2026-05-11T22:42:14+00:00,Unavailable,,
350225758,2026-05-11T22:42:14+00:00,Unavailable,,
350225786,2026-05-11T22:42:14+00:00,Unavailable,,
350225814,2026-05-11T22:42:14+00:00,Unavailable,,
350225825,2026-05-11T22:42:14+00:00,Unavailable,,
350225836,2026-05-11T22:42:14+00:00,Unavailable,,
350225847,2026-05-11T22:42:14+00:00,Unavailable,,
350225858,2026-05-11T22:42:14+00:00,Unavailable,,
350225869,2026-05-11T22:42:14+00:00,Unavailable,,
350225880,2026-05-11T22:42:14+00:00,Unavailable,,
350225891,2026-05-11T22:42:14+00:00,Unavailable,,
350225902,2026-05-11T22:42:14+00:00,Unavailable,,
350225913,2026-05-11T22:42:14+00:00,Unavailable,,
350225924,2026-05-11T22:42:14+00:00,Unavailable,,
350225935,2026-05-11T22:42:14+00:00,Unavailable,,
350225946,2026-05-11T22:42:14+00:00,Unavailable,,
350225957,2026-05-11T22:42:14+00:00,Unavailable,,
350225968,2026-05-11T22:42:14+00:00,Unavailable,,
350225981,2026-05-11T22:42:14+00:00,Unavailable,,
350225993,2026-05-11T22:42:14+00:00,Unavailable,,
350226004,2026-05-11T22:42:14+00:00,Unavailable,,
350226015,2026-05-11T22:42:14+00:00,Unavailable,,
350226026,2026-05-11T22:42:14+00:00,Unavailable,,
350226037,2026-05-11T22:42:14+00:00,Unavailable,,
350226048,2026-05-11T22:42:14+00:00,Unavailable,,
350226059,2026-05-11T22:42:14+00:00,Unavailable,,
350226070,2026-05-11T22:42:14+00:00,Unavailable,,
350280176,2026-05-11T22:42:14+00:00,Unavailable,,
350280422,2026-05-11T22:42:14+00:00,Unavailable,,
350280510,2026-05-11T22:42:14+00:00,Unavailable,,
350280525,2026-05-11T22:42:14+00:00,Unavailable,,
350280536,2026-05-11T22:42:14+00:00,Unavailable,,
350288650,2026-05-11T22:42:14+00:00,Unavailable,,
350288664,2026-05-11T22:42:14+00:00,Unavailable,,
350288680,2026-05-11T22:42:14+00:00,Unavailable,,
350288691,2026-05-11T22:42:14+00:00,Unavailable,,
350288702,2026-05-11T22:42:14+00:00,Unavailable,,
350288713,2026-05-11T22:42:14+00:00,Unavailable,,
350288724,2026-05-11T22:42:14+00:00,Unavailable,,
350288737,2026-05-11T22:42:14+00:00,Unavailable,,
350288748,2026-05-11T22:42:14+00:00,Unavailable,,
350288759,2026-05-11T22:42:14+00:00,Unavailable,,
350288770,2026-05-11T22:42:14+00:00,Unavailable,,
350288781,2026-05-11T22:42:14+00:00,Unavailable,,
350288792,2026-05-11T22:42:14+00:00,Unavailable,,
350288804,2026-05-11T22:42:14+00:00,Unavailable,,
350288815,2026-05-11T22:42:14+00:00,Unavailable,,
350288826,2026-05-11T22:42:14+00:00,Unavailable,,
350288837,2026-05-11T22:42:14+00:00,Unavailable,,
350288848,2026-05-11T22:42:14+00:00,Unavailable,,
350288859,2026-05-11T22:42:14+00:00,Unavailable,,
350288870,2026-05-11T22:42:14+00:00,Unavailable,,
350288881,2026-05-11T22:42:14+00:00,Unavailable,,
350288892,2026-05-11T22:42:14+00:00,Unavailable,,
350288903,2026-05-11T22:42:14+00:00,Unavailable,,
350288914,2026-05-11T22:42:14+00:00,Unavailable,,
350288925,2026-05-11T22:42:14+00:00,Unavailable,,
350288937,2026-05-11T22:42:14+00:00,Unavailable,,
350288948,2026-05-11T22:42:14+00:00,Unavailable,,
350288959,2026-05-11T22:42:14+00:00,Unavailable,,
350288970,2026-05-11T22:42:14+00:00,Unavailable,,
350288981,2026-05-11T22:42:14+00:00,Unavailable,,
350288992,2026-05-11T22:42:14+00:00,Unavailable,,
350289003,2026-05-11T22:42:14+00:00,Unavailable,,
350289014,2026-05-11T22:42:14+00:00,Unavailable,,
350289048,2026-05-11T22:42:14+00:00,Unavailable,,
350289060,2026-05-11T22:42:14+00:00,Unavailable,,
350289071,2026-05-11T22:42:14+00:00,Unavailable,,
350289082,2026-05-11T22:42:14+00:00,Unavailable,,
350289093,2026-05-11T22:42:14+00:00,Unavailable,,
350289104,2026-05-11T22:42:14+00:00,Unavailable,,
350289115,2026-05-11T22:42:14+00:00,Unavailable,,
350289126,2026-05-11T22:42:14+00:00,Unavailable,,
350289137,2026-05-11T22:42:14+00:00,Unavailable,,
350289148,2026-05-11T22:42:14+00:00,Unavailable,,
350289159,2026-05-11T22:42:14+00:00,Unavailable,,
350289170,2026-05-11T22:42:14+00:00,Unavailable,,
350289181,2026-05-11T22:42:14+00:00,Unavailable,,
350289192,2026-05-11T22:42:14+00:00,Unavailable,,
350289203,2026-05-11T22:42:14+00:00,Unavailable,,
350289214,2026-05-11T22:42:14+00:00,Unavailable,,
350289226,2026-05-11T22:42:14+00:00,Unavailable,,
350289237,2026-05-11T22:42:14+00:00,Unavailable,,
350289248,2026-05-11T22:42:14+00:00,Unavailable,,
350289260,2026-05-11T22:42:14+00:00,Unavailable,,
350289271,2026-05-11T22:42:14+00:00,Unavailable,,
350289282,2026-05-11T22:42:14+00:00,Unavailable,,
350289293,2026-05-11T22:42:14+00:00,Unavailable,,
350289304,2026-05-11T22:42:14+00:00,Unavailable,,
350289315,2026-05-11T22:42:14+00:00,Unavailable,,
350289326,2026-05-11T22:42:14+00:00,Unavailable,,
350289337,2026-05-11T22:42:14+00:00,Unavailable,,
350289348,2026-05-11T22:42:14+00:00,Unavailable,,
350289359,2026-05-11T22:42:14+00:00,Unavailable,,
350289370,2026-05-11T22:42:14+00:00,Unavailable,,
350289381,2026-05-11T22:42:14+00:00,Unavailable,,
350289392,2026-05-11T22:42:14+00:00,Unavailable,,
350289404,2026-05-11T22:42:14+00:00,Unavailable,,
351070164,2026-05-11T22:42:14+00:00,Unavailable,,
351073176,2026-05-11T22:42:14+00:00,Unavailable,,
353250216,2026-05-11T22:42:14+00:00,Unavailable,,
364658017,2026-05-11T22:42:14+00:00,Unavailable,,
350216376,2026-05-11T23:42:56+00:00,Unavailable,,
350216387,2026-05-11T23:42:56+00:00,Unavailable,,
350216398,2026-05-11T23:42:56+00:00,Unavailable,,
350216409,2026-05-11T23:42:56+00:00,Unavailable,,
350216431,2026-05-11T23:42:56+00:00,Unavailable,,
350216442,2026-05-11T23:42:56+00:00,Unavailable,,
350216453,2026-05-11T23:42:56+00:00,Unavailable,,
350216465,2026-05-11T23:42:56+00:00,Unavailable,,
350216476,2026-05-11T23:42:56+00:00,Unavailable,,
350216487,2026-05-11T23:42:56+00:00,Unavailable,,
350216498,2026-05-11T23:42:56+00:00,Unavailable,,
350216509,2026-05-11T23:42:56+00:00,Unavailable,,
350216520,2026-05-11T23:42:56+00:00,Unavailable,,
350216542,2026-05-11T23:42:56+00:00,Unavailable,,
350216553,2026-05-11T23:42:56+00:00,Unavailable,,
350216564,2026-05-11T23:42:56+00:00,Unavailable,,
350216575,2026-05-11T23:42:56+00:00,Unavailable,,
350216586,2026-05-11T23:42:56+00:00,Unavailable,,
350216597,2026-05-11T23:42:56+00:00,Unavailable,,
350216608,2026-05-11T23:42:56+00:00,Unavailable,,
350216619,2026-05-11T23:42:56+00:00,Unavailable,,
350216630,2026-05-11T23:42:56+00:00,Unavailable,,
350216652,2026-05-11T23:42:56+00:00,Unavailable,,
350216663,2026-05-11T23:42:56+00:00,Unavailable,,
350216674,2026-05-11T23:42:56+00:00,Unavailable,,
350216685,2026-05-11T23:42:56+00:00,Unavailable,,
350216696,2026-05-11T23:42:56+00:00,Unavailable,,
350216707,2026-05-11T23:42:56+00:00,Unavailable,,
350216718,2026-05-11T23:42:56+00:00,Unavailable,,
350216729,2026-05-11T23:42:56+00:00,Unavailable,,
350216740,2026-05-11T23:42:56+00:00,Unavailable,,
350216751,2026-05-11T23:42:56+00:00,Unavailable,,
350216762,2026-05-11T23:42:56+00:00,Unavailable,,
350216773,2026-05-11T23:42:56+00:00,Unavailable,,
350216784,2026-05-11T23:42:56+00:00,Unavailable,,
350216795,2026-05-11T23:42:56+00:00,Unavailable,,
350216806,2026-05-11T23:42:56+00:00,Unavailable,,
350216817,2026-05-11T23:42:56+00:00,Unavailable,,
350216828,2026-05-11T23:42:56+00:00,Unavailable,,
350216839,2026-05-11T23:42:56+00:00,Unavailable,,
350216850,2026-05-11T23:42:56+00:00,Unavailable,,
350216861,2026-05-11T23:42:56+00:00,Unavailable,,
350216872,2026-05-11T23:42:56+00:00,Unavailable,,
350216884,2026-05-11T23:42:56+00:00,Unavailable,,
350216895,2026-05-11T23:42:56+00:00,Unavailable,,
350216906,2026-05-11T23:42:56+00:00,Unavailable,,
350216917,2026-05-11T23:42:56+00:00,Unavailable,,
350216928,2026-05-11T23:42:56+00:00,Unavailable,,
350216939,2026-05-11T23:42:56+00:00,Unavailable,,
350216950,2026-05-11T23:42:56+00:00,Unavailable,,
350216961,2026-05-11T23:42:56+00:00,Unavailable,,
350216972,2026-05-11T23:42:56+00:00,Unavailable,,
350216994,2026-05-11T23:42:56+00:00,Unavailable,,
350217005,2026-05-11T23:42:56+00:00,Unavailable,,
350217016,2026-05-11T23:42:56+00:00,Unavailable,,
350217027,2026-05-11T23:42:56+00:00,Unavailable,,
350217049,2026-05-11T23:42:56+00:00,Unavailable,,
350217071,2026-05-11T23:42:56+00:00,Unavailable,,
350217083,2026-05-11T23:42:56+00:00,Unavailable,,
350217105,2026-05-11T23:42:56+00:00,Unavailable,,
350217117,2026-05-11T23:42:56+00:00,Unavailable,,
350217128,2026-05-11T23:42:56+00:00,Unavailable,,
350217150,2026-05-11T23:42:56+00:00,Unavailable,,
350217162,2026-05-11T23:42:56+00:00,Unavailable,,
350217174,2026-05-11T23:42:56+00:00,Unavailable,,
350217185,2026-05-11T23:42:56+00:00,Unavailable,,
350217207,2026-05-11T23:42:56+00:00,Unavailable,,
350217218,2026-05-11T23:42:56+00:00,Unavailable,,
350217240,2026-05-11T23:42:56+00:00,Unavailable,,
350217251,2026-05-11T23:42:56+00:00,Unavailable,,
350217262,2026-05-11T23:42:56+00:00,Unavailable,,
350217273,2026-05-11T23:42:56+00:00,Unavailable,,
350217284,2026-05-11T23:42:56+00:00,Unavailable,,
350217295,2026-05-11T23:42:56+00:00,Unavailable,,
350217306,2026-05-11T23:42:56+00:00,Unavailable,,
350217317,2026-05-11T23:42:56+00:00,Unavailable,,
350217339,2026-05-11T23:42:56+00:00,Unavailable,,
350217353,2026-05-11T23:42:56+00:00,Unavailable,,
350217366,2026-05-11T23:42:56+00:00,Unavailable,,
350217379,2026-05-11T23:42:56+00:00,Unavailable,,
350217393,2026-05-11T23:42:56+00:00,Unavailable,,
350217404,2026-05-11T23:42:56+00:00,Unavailable,,
350217415,2026-05-11T23:42:56+00:00,Unavailable,,
350217426,2026-05-11T23:42:56+00:00,Unavailable,,
350217437,2026-05-11T23:42:56+00:00,Unavailable,,
350217448,2026-05-11T23:42:56+00:00,Unavailable,,
350732033,2026-05-11T23:42:56+00:00,Unavailable,,
350739304,2026-05-11T23:42:56+00:00,Unavailable,,
350740400,2026-05-11T23:42:56+00:00,Unavailable,,
350740938,2026-05-11T23:42:56+00:00,Unavailable,,
350741533,2026-05-11T23:42:56+00:00,Unavailable,,
350741599,2026-05-11T23:42:56+00:00,Unavailable,,
364675943,2026-05-11T23:42:56+00:00,Unavailable,,
364677421,2026-05-11T23:42:56+00:00,Unavailable,,
364677693,2026-05-11T23:42:56+00:00,Unavailable,,
364678079,2026-05-11T23:42:56+00:00,Unavailable,,
350200801,2026-05-11T23:43:00+00:00,Unavailable,,
350200813,2026-05-11T23:43:00+00:00,Unavailable,,
350200824,2026-05-11T23:43:00+00:00,Unavailable,,
350200836,2026-05-11T23:43:00+00:00,Unavailable,,
350200847,2026-05-11T23:43:00+00:00,Unavailable,,
350200858,2026-05-11T23:43:00+00:00,Unavailable,,
350200869,2026-05-11T23:43:00+00:00,Unavailable,,
350200880,2026-05-11T23:43:00+00:00,Unavailable,,
350200891,2026-05-11T23:43:00+00:00,Unavailable,,
350200902,2026-05-11T23:43:00+00:00,Unavailable,,
350200913,2026-05-11T23:43:00+00:00,Unavailable,,
350200924,2026-05-11T23:43:00+00:00,Unavailable,,
350200935,2026-05-11T23:43:00+00:00,Unavailable,,
350200946,2026-05-11T23:43:00+00:00,Unavailable,,
350200957,2026-05-11T23:43:00+00:00,Unavailable,,
350200968,2026-05-11T23:43:00+00:00,Unavailable,,
350200979,2026-05-11T23:43:00+00:00,Unavailable,,
350200990,2026-05-11T23:43:00+00:00,Unavailable,,
350201001,2026-05-11T23:43:00+00:00,Unavailable,,
350201012,2026-05-11T23:43:00+00:00,Unavailable,,
350201023,2026-05-11T23:43:00+00:00,Unavailable,,
350201034,2026-05-11T23:43:00+00:00,Unavailable,,
350201045,2026-05-11T23:43:00+00:00,Unavailable,,
350201058,2026-05-11T23:43:00+00:00,Unavailable,,
350201069,2026-05-11T23:43:00+00:00,Unavailable,,
350201080,2026-05-11T23:43:00+00:00,Unavailable,,
350201091,2026-05-11T23:43:00+00:00,Unavailable,,
350201102,2026-05-11T23:43:00+00:00,Unavailable,,
350201113,2026-05-11T23:43:00+00:00,Unavailable,,
350201124,2026-05-11T23:43:00+00:00,Unavailable,,
350201135,2026-05-11T23:43:00+00:00,Unavailable,,
350201146,2026-05-11T23:43:00+00:00,Unavailable,,
350201157,2026-05-11T23:43:00+00:00,Unavailable,,
350201170,2026-05-11T23:43:00+00:00,Unavailable,,
350201182,2026-05-11T23:43:00+00:00,Unavailable,,
350201193,2026-05-11T23:43:00+00:00,Unavailable,,
350201205,2026-05-11T23:43:00+00:00,Unavailable,,
350201216,2026-05-11T23:43:00+00:00,Unavailable,,
350201227,2026-05-11T23:43:00+00:00,Unavailable,,
350201238,2026-05-11T23:43:00+00:00,Unavailable,,
350201249,2026-05-11T23:43:00+00:00,Unavailable,,
350201260,2026-05-11T23:43:00+00:00,Unavailable,,
350201271,2026-05-11T23:43:00+00:00,Unavailable,,
350201283,2026-05-11T23:43:00+00:00,Unavailable,,
350201294,2026-05-11T23:43:00+00:00,Unavailable,,
350201305,2026-05-11T23:43:00+00:00,Unavailable,,
350201316,2026-05-11T23:43:00+00:00,Unavailable,,
350201327,2026-05-11T23:43:00+00:00,Unavailable,,
350201338,2026-05-11T23:43:00+00:00,Unavailable,,
350201349,2026-05-11T23:43:00+00:00,Unavailable,,
350201360,2026-05-11T23:43:00+00:00,Unavailable,,
350201371,2026-05-11T23:43:00+00:00,Unavailable,,
350201382,2026-05-11T23:43:00+00:00,Unavailable,,
350201393,2026-05-11T23:43:00+00:00,Unavailable,,
350201404,2026-05-11T23:43:00+00:00,Unavailable,,
350201415,2026-05-11T23:43:00+00:00,Unavailable,,
350201426,2026-05-11T23:43:00+00:00,Unavailable,,
350201437,2026-05-11T23:43:00+00:00,Unavailable,,
350201448,2026-05-11T23:43:00+00:00,Unavailable,,
350201459,2026-05-11T23:43:00+00:00,Unavailable,,
350201470,2026-05-11T23:43:00+00:00,Unavailable,,
350201481,2026-05-11T23:43:00+00:00,Unavailable,,
350201492,2026-05-11T23:43:00+00:00,Unavailable,,
350201503,2026-05-11T23:43:00+00:00,Unavailable,,
350201514,2026-05-11T23:43:00+00:00,Unavailable,,
350201525,2026-05-11T23:43:00+00:00,Unavailable,,
350201536,2026-05-11T23:43:00+00:00,Unavailable,,
350201547,2026-05-11T23:43:00+00:00,Unavailable,,
350201558,2026-05-11T23:43:00+00:00,Unavailable,,
350201569,2026-05-11T23:43:00+00:00,Unavailable,,
350201580,2026-05-11T23:43:00+00:00,Unavailable,,
350201591,2026-05-11T23:43:00+00:00,Unavailable,,
350201602,2026-05-11T23:43:00+00:00,Unavailable,,
350201613,2026-05-11T23:43:00+00:00,Unavailable,,
350201624,2026-05-11T23:43:00+00:00,Unavailable,,
350201635,2026-05-11T23:43:00+00:00,Unavailable,,
350201646,2026-05-11T23:43:00+00:00,Unavailable,,
350201657,2026-05-11T23:43:00+00:00,Unavailable,,
350201668,2026-05-11T23:43:00+00:00,Unavailable,,
350201679,2026-05-11T23:43:00+00:00,Unavailable,,
350201690,2026-05-11T23:43:00+00:00,Unavailable,,
350201701,2026-05-11T23:43:00+00:00,Unavailable,,
350201712,2026-05-11T23:43:00+00:00,Unavailable,,
350201723,2026-05-11T23:43:00+00:00,Unavailable,,
350201735,2026-05-11T23:43:00+00:00,Unavailable,,
350201746,2026-05-11T23:43:00+00:00,Unavailable,,
350201757,2026-05-11T23:43:00+00:00,Unavailable,,
350201768,2026-05-11T23:43:00+00:00,Unavailable,,
350201779,2026-05-11T23:43:00+00:00,Unavailable,,
350201790,2026-05-11T23:43:00+00:00,Unavailable,,
350201801,2026-05-11T23:43:00+00:00,Unavailable,,
350201812,2026-05-11T23:43:00+00:00,Unavailable,,
350201823,2026-05-11T23:43:00+00:00,Unavailable,,
350201834,2026-05-11T23:43:00+00:00,Unavailable,,
350201845,2026-05-11T23:43:00+00:00,Unavailable,,
350201856,2026-05-11T23:43:00+00:00,Unavailable,,
350201867,2026-05-11T23:43:00+00:00,Unavailable,,
350201879,2026-05-11T23:43:00+00:00,Unavailable,,
350201890,2026-05-11T23:43:00+00:00,Unavailable,,
350201901,2026-05-11T23:43:00+00:00,Unavailable,,
350201912,2026-05-11T23:43:00+00:00,Unavailable,,
350201924,2026-05-11T23:43:00+00:00,Unavailable,,
350201935,2026-05-11T23:43:00+00:00,Unavailable,,
350201947,2026-05-11T23:43:00+00:00,Unavailable,,
350201958,2026-05-11T23:43:00+00:00,Unavailable,,
350201969,2026-05-11T23:43:00+00:00,Unavailable,,
350201980,2026-05-11T23:43:00+00:00,Unavailable,,
350201991,2026-05-11T23:43:00+00:00,Unavailable,,
350202003,2026-05-11T23:43:00+00:00,Unavailable,,
350202018,2026-05-11T23:43:00+00:00,Unavailable,,
350202032,2026-05-11T23:43:00+00:00,Unavailable,,
350202045,2026-05-11T23:43:00+00:00,Unavailable,,
350202056,2026-05-11T23:43:00+00:00,Unavailable,,
350202069,2026-05-11T23:43:00+00:00,Unavailable,,
350202080,2026-05-11T23:43:00+00:00,Unavailable,,
350202091,2026-05-11T23:43:00+00:00,Unavailable,,
350202102,2026-05-11T23:43:00+00:00,Unavailable,,
350202113,2026-05-11T23:43:00+00:00,Unavailable,,
350202124,2026-05-11T23:43:00+00:00,Unavailable,,
350202135,2026-05-11T23:43:00+00:00,Unavailable,,
350202146,2026-05-11T23:43:00+00:00,Unavailable,,
350202157,2026-05-11T23:43:00+00:00,Unavailable,,
350202168,2026-05-11T23:43:00+00:00,Unavailable,,
350202180,2026-05-11T23:43:00+00:00,Unavailable,,
350202191,2026-05-11T23:43:00+00:00,Unavailable,,
350202202,2026-05-11T23:43:00+00:00,Unavailable,,
350202213,2026-05-11T23:43:00+00:00,Unavailable,,
350202224,2026-05-11T23:43:00+00:00,Unavailable,,
350202235,2026-05-11T23:43:00+00:00,Unavailable,,
350202246,2026-05-11T23:43:00+00:00,Unavailable,,
350202257,2026-05-11T23:43:00+00:00,Unavailable,,
350202268,2026-05-11T23:43:00+00:00,Unavailable,,
350202279,2026-05-11T23:43:00+00:00,Unavailable,,
350202290,2026-05-11T23:43:00+00:00,Unavailable,,
350202301,2026-05-11T23:43:00+00:00,Unavailable,,
350202312,2026-05-11T23:43:00+00:00,Unavailable,,
350202323,2026-05-11T23:43:00+00:00,Unavailable,,
350202334,2026-05-11T23:43:00+00:00,Unavailable,,
350202347,2026-05-11T23:43:00+00:00,Unavailable,,
350202361,2026-05-11T23:43:00+00:00,Unavailable,,
350202372,2026-05-11T23:43:00+00:00,Unavailable,,
350202383,2026-05-11T23:43:00+00:00,Unavailable,,
350202394,2026-05-11T23:43:00+00:00,Unavailable,,
350202406,2026-05-11T23:43:00+00:00,Unavailable,,
350202417,2026-05-11T23:43:00+00:00,Unavailable,,
350202429,2026-05-11T23:43:00+00:00,Unavailable,,
350202440,2026-05-11T23:43:00+00:00,Unavailable,,
350202451,2026-05-11T23:43:00+00:00,Unavailable,,
350202462,2026-05-11T23:43:00+00:00,Unavailable,,
350202473,2026-05-11T23:43:00+00:00,Unavailable,,
350202484,2026-05-11T23:43:00+00:00,Unavailable,,
350202495,2026-05-11T23:43:00+00:00,Unavailable,,
350202506,2026-05-11T23:43:00+00:00,Unavailable,,
350202517,2026-05-11T23:43:00+00:00,Unavailable,,
350202528,2026-05-11T23:43:00+00:00,Unavailable,,
350202539,2026-05-11T23:43:00+00:00,Unavailable,,
350202551,2026-05-11T23:43:00+00:00,Unavailable,,
350202562,2026-05-11T23:43:00+00:00,Unavailable,,
350202573,2026-05-11T23:43:00+00:00,Unavailable,,
350202584,2026-05-11T23:43:00+00:00,Unavailable,,
350202595,2026-05-11T23:43:00+00:00,Unavailable,,
350202607,2026-05-11T23:43:00+00:00,Unavailable,,
350202618,2026-05-11T23:43:00+00:00,Unavailable,,
350202631,2026-05-11T23:43:00+00:00,Unavailable,,
350202642,2026-05-11T23:43:00+00:00,Unavailable,,
350202654,2026-05-11T23:43:00+00:00,Unavailable,,
350202665,2026-05-11T23:43:00+00:00,Unavailable,,
350202676,2026-05-11T23:43:00+00:00,Unavailable,,
350202687,2026-05-11T23:43:00+00:00,Unavailable,,
350202698,2026-05-11T23:43:00+00:00,Unavailable,,
350202709,2026-05-11T23:43:00+00:00,Unavailable,,
350202720,2026-05-11T23:43:00+00:00,Unavailable,,
350202731,2026-05-11T23:43:00+00:00,Unavailable,,
350202742,2026-05-11T23:43:00+00:00,Unavailable,,
350202753,2026-05-11T23:43:00+00:00,Unavailable,,
350202764,2026-05-11T23:43:00+00:00,Unavailable,,
350202775,2026-05-11T23:43:00+00:00,Unavailable,,
350202786,2026-05-11T23:43:00+00:00,Unavailable,,
350202797,2026-05-11T23:43:00+00:00,Unavailable,,
350202808,2026-05-11T23:43:00+00:00,Unavailable,,
350202819,2026-05-11T23:43:00+00:00,Unavailable,,
350202830,2026-05-11T23:43:00+00:00,Unavailable,,
350202841,2026-05-11T23:43:00+00:00,Unavailable,,
350202852,2026-05-11T23:43:00+00:00,Unavailable,,
350202863,2026-05-11T23:43:00+00:00,Unavailable,,
350202874,2026-05-11T23:43:00+00:00,Unavailable,,
350202885,2026-05-11T23:43:00+00:00,Unavailable,,
350202896,2026-05-11T23:43:00+00:00,Unavailable,,
350202908,2026-05-11T23:43:00+00:00,Unavailable,,
350202919,2026-05-11T23:43:00+00:00,Unavailable,,
350202930,2026-05-11T23:43:00+00:00,Unavailable,,
350202941,2026-05-11T23:43:00+00:00,Unavailable,,
350202952,2026-05-11T23:43:00+00:00,Unavailable,,
350202963,2026-05-11T23:43:00+00:00,Unavailable,,
350202974,2026-05-11T23:43:00+00:00,Unavailable,,
350202985,2026-05-11T23:43:00+00:00,Unavailable,,
350202996,2026-05-11T23:43:00+00:00,Unavailable,,
350203007,2026-05-11T23:43:00+00:00,Unavailable,,
350203018,2026-05-11T23:43:00+00:00,Unavailable,,
350203029,2026-05-11T23:43:00+00:00,Unavailable,,
350203040,2026-05-11T23:43:00+00:00,Unavailable,,
350203051,2026-05-11T23:43:00+00:00,Unavailable,,
350203062,2026-05-11T23:43:00+00:00,Unavailable,,
350203073,2026-05-11T23:43:00+00:00,Unavailable,,
350203084,2026-05-11T23:43:00+00:00,Unavailable,,
350203095,2026-05-11T23:43:00+00:00,Unavailable,,
350203106,2026-05-11T23:43:00+00:00,Unavailable,,
350203117,2026-05-11T23:43:00+00:00,Unavailable,,
350203128,2026-05-11T23:43:00+00:00,Unavailable,,
350203139,2026-05-11T23:43:00+00:00,Unavailable,,
350203150,2026-05-11T23:43:00+00:00,Unavailable,,
350203162,2026-05-11T23:43:00+00:00,Unavailable,,
350203173,2026-05-11T23:43:00+00:00,Unavailable,,
350203184,2026-05-11T23:43:00+00:00,Unavailable,,
350203195,2026-05-11T23:43:00+00:00,Unavailable,,
350203206,2026-05-11T23:43:00+00:00,Unavailable,,
350203217,2026-05-11T23:43:00+00:00,Unavailable,,
350203228,2026-05-11T23:43:00+00:00,Unavailable,,
350203239,2026-05-11T23:43:00+00:00,Unavailable,,
350203250,2026-05-11T23:43:00+00:00,Unavailable,,
350203261,2026-05-11T23:43:00+00:00,Unavailable,,
350203272,2026-05-11T23:43:00+00:00,Unavailable,,
350203283,2026-05-11T23:43:00+00:00,Unavailable,,
350203294,2026-05-11T23:43:00+00:00,Unavailable,,
350203305,2026-05-11T23:43:00+00:00,Unavailable,,
350203316,2026-05-11T23:43:00+00:00,Unavailable,,
350203327,2026-05-11T23:43:00+00:00,Unavailable,,
350203338,2026-05-11T23:43:00+00:00,Unavailable,,
350203349,2026-05-11T23:43:00+00:00,Unavailable,,
350203360,2026-05-11T23:43:00+00:00,Unavailable,,
350203371,2026-05-11T23:43:00+00:00,Unavailable,,
350203383,2026-05-11T23:43:00+00:00,Unavailable,,
350203394,2026-05-11T23:43:00+00:00,Unavailable,,
350203405,2026-05-11T23:43:00+00:00,Unavailable,,
350203416,2026-05-11T23:43:00+00:00,Unavailable,,
350203427,2026-05-11T23:43:00+00:00,Unavailable,,
350203438,2026-05-11T23:43:00+00:00,Unavailable,,
350203449,2026-05-11T23:43:00+00:00,Unavailable,,
350203460,2026-05-11T23:43:00+00:00,Unavailable,,
350203472,2026-05-11T23:43:00+00:00,Unavailable,,
350203483,2026-05-11T23:43:00+00:00,Unavailable,,
350203494,2026-05-11T23:43:00+00:00,Unavailable,,
350203505,2026-05-11T23:43:00+00:00,Unavailable,,
350203516,2026-05-11T23:43:00+00:00,Unavailable,,
350203527,2026-05-11T23:43:00+00:00,Unavailable,,
350203538,2026-05-11T23:43:00+00:00,Unavailable,,
350203549,2026-05-11T23:43:00+00:00,Unavailable,,
350203560,2026-05-11T23:43:00+00:00,Unavailable,,
350203571,2026-05-11T23:43:00+00:00,Unavailable,,
350203593,2026-05-11T23:43:00+00:00,Unavailable,,
355173402,2026-05-11T23:43:00+00:00,Unavailable,,
350223957,2026-05-11T23:43:09+00:00,Unavailable,,
350223971,2026-05-11T23:43:09+00:00,Unavailable,,
350223985,2026-05-11T23:43:09+00:00,Unavailable,,
350223999,2026-05-11T23:43:09+00:00,Unavailable,,
350224011,2026-05-11T23:43:09+00:00,Unavailable,,
350224022,2026-05-11T23:43:09+00:00,Unavailable,,
350224033,2026-05-11T23:43:09+00:00,Unavailable,,
350224044,2026-05-11T23:43:09+00:00,Unavailable,,
350224055,2026-05-11T23:43:09+00:00,Unavailable,,
350224066,2026-05-11T23:43:09+00:00,Unavailable,,
350224077,2026-05-11T23:43:09+00:00,Unavailable,,
350224088,2026-05-11T23:43:09+00:00,Unavailable,,
350224102,2026-05-11T23:43:09+00:00,Unavailable,,
350224116,2026-05-11T23:43:09+00:00,Unavailable,,
350224130,2026-05-11T23:43:09+00:00,Unavailable,,
350224144,2026-05-11T23:43:09+00:00,Unavailable,,
350224158,2026-05-11T23:43:09+00:00,Unavailable,,
350224172,2026-05-11T23:43:09+00:00,Unavailable,,
350224186,2026-05-11T23:43:09+00:00,Unavailable,,
350224200,2026-05-11T23:43:09+00:00,Unavailable,,
350224214,2026-05-11T23:43:09+00:00,Unavailable,,
350224228,2026-05-11T23:43:09+00:00,Unavailable,,
350224239,2026-05-11T23:43:09+00:00,Unavailable,,
350224250,2026-05-11T23:43:09+00:00,Unavailable,,
350224261,2026-05-11T23:43:09+00:00,Unavailable,,
350224272,2026-05-11T23:43:09+00:00,Unavailable,,
350224283,2026-05-11T23:43:09+00:00,Unavailable,,
350224294,2026-05-11T23:43:09+00:00,Unavailable,,
350224305,2026-05-11T23:43:09+00:00,Unavailable,,
350224317,2026-05-11T23:43:09+00:00,Unavailable,,
350224328,2026-05-11T23:43:09+00:00,Unavailable,,
350224339,2026-05-11T23:43:09+00:00,Unavailable,,
350224350,2026-05-11T23:43:09+00:00,Unavailable,,
350224361,2026-05-11T23:43:09+00:00,Unavailable,,
350224372,2026-05-11T23:43:09+00:00,Unavailable,,
350224386,2026-05-11T23:43:09+00:00,Unavailable,,
350224401,2026-05-11T23:43:09+00:00,Unavailable,,
350224416,2026-05-11T23:43:09+00:00,Unavailable,,
350224433,2026-05-11T23:43:09+00:00,Unavailable,,
350224444,2026-05-11T23:43:09+00:00,Unavailable,,
350224455,2026-05-11T23:43:09+00:00,Unavailable,,
350224466,2026-05-11T23:43:09+00:00,Unavailable,,
350224477,2026-05-11T23:43:09+00:00,Unavailable,,
350224489,2026-05-11T23:43:09+00:00,Unavailable,,
350224500,2026-05-11T23:43:09+00:00,Unavailable,,
350224511,2026-05-11T23:43:09+00:00,Unavailable,,
350224522,2026-05-11T23:43:09+00:00,Unavailable,,
350224533,2026-05-11T23:43:09+00:00,Unavailable,,
350224544,2026-05-11T23:43:09+00:00,Unavailable,,
350224555,2026-05-11T23:43:09+00:00,Unavailable,,
350224566,2026-05-11T23:43:09+00:00,Unavailable,,
350224577,2026-05-11T23:43:09+00:00,Unavailable,,
350224588,2026-05-11T23:43:09+00:00,Unavailable,,
350224599,2026-05-11T23:43:09+00:00,Unavailable,,
350224612,2026-05-11T23:43:09+00:00,Unavailable,,
350224623,2026-05-11T23:43:09+00:00,Unavailable,,
350224634,2026-05-11T23:43:09+00:00,Unavailable,,
350224645,2026-05-11T23:43:09+00:00,Unavailable,,
350224658,2026-05-11T23:43:09+00:00,Unavailable,,
350224669,2026-05-11T23:43:09+00:00,Unavailable,,
350224680,2026-05-11T23:43:09+00:00,Unavailable,,
350224692,2026-05-11T23:43:09+00:00,Unavailable,,
350224703,2026-05-11T23:43:09+00:00,Unavailable,,
350224714,2026-05-11T23:43:09+00:00,Unavailable,,
350224725,2026-05-11T23:43:09+00:00,Unavailable,,
350224738,2026-05-11T23:43:09+00:00,Unavailable,,
350224749,2026-05-11T23:43:09+00:00,Unavailable,,
350224760,2026-05-11T23:43:09+00:00,Unavailable,,
350224771,2026-05-11T23:43:09+00:00,Unavailable,,
350224782,2026-05-11T23:43:09+00:00,Unavailable,,
350224793,2026-05-11T23:43:09+00:00,Unavailable,,
350224804,2026-05-11T23:43:09+00:00,Unavailable,,
350224815,2026-05-11T23:43:09+00:00,Unavailable,,
350224826,2026-05-11T23:43:09+00:00,Unavailable,,
350224837,2026-05-11T23:43:09+00:00,Unavailable,,
350224848,2026-05-11T23:43:09+00:00,Unavailable,,
350224859,2026-05-11T23:43:09+00:00,Unavailable,,
350224873,2026-05-11T23:43:09+00:00,Unavailable,,
350224887,2026-05-11T23:43:09+00:00,Unavailable,,
350224901,2026-05-11T23:43:09+00:00,Unavailable,,
350224915,2026-05-11T23:43:09+00:00,Unavailable,,
350224929,2026-05-11T23:43:09+00:00,Unavailable,,
350224940,2026-05-11T23:43:09+00:00,Unavailable,,
350224951,2026-05-11T23:43:09+00:00,Unavailable,,
350224962,2026-05-11T23:43:09+00:00,Unavailable,,
350224973,2026-05-11T23:43:09+00:00,Unavailable,,
350224985,2026-05-11T23:43:09+00:00,Unavailable,,
350224996,2026-05-11T23:43:09+00:00,Unavailable,,
350225008,2026-05-11T23:43:09+00:00,Unavailable,,
350225019,2026-05-11T23:43:09+00:00,Unavailable,,
350225030,2026-05-11T23:43:09+00:00,Unavailable,,
350225041,2026-05-11T23:43:09+00:00,Unavailable,,
350225053,2026-05-11T23:43:09+00:00,Unavailable,,
350225064,2026-05-11T23:43:09+00:00,Unavailable,,
350225075,2026-05-11T23:43:09+00:00,Unavailable,,
350225086,2026-05-11T23:43:09+00:00,Unavailable,,
350225097,2026-05-11T23:43:09+00:00,Unavailable,,
350225108,2026-05-11T23:43:09+00:00,Unavailable,,
350225119,2026-05-11T23:43:09+00:00,Unavailable,,
350225130,2026-05-11T23:43:09+00:00,Unavailable,,
350225141,2026-05-11T23:43:09+00:00,Unavailable,,
350225163,2026-05-11T23:43:09+00:00,Unavailable,,
350225174,2026-05-11T23:43:09+00:00,Unavailable,,
350225185,2026-05-11T23:43:09+00:00,Unavailable,,
350225196,2026-05-11T23:43:09+00:00,Unavailable,,
350225207,2026-05-11T23:43:09+00:00,Unavailable,,
350225218,2026-05-11T23:43:09+00:00,Unavailable,,
350225229,2026-05-11T23:43:09+00:00,Unavailable,,
350225240,2026-05-11T23:43:09+00:00,Unavailable,,
350225251,2026-05-11T23:43:09+00:00,Unavailable,,
350225262,2026-05-11T23:43:09+00:00,Unavailable,,
350225273,2026-05-11T23:43:09+00:00,Unavailable,,
350225285,2026-05-11T23:43:09+00:00,Unavailable,,
350225296,2026-05-11T23:43:09+00:00,Unavailable,,
350225307,2026-05-11T23:43:09+00:00,Unavailable,,
350225318,2026-05-11T23:43:09+00:00,Unavailable,,
350225329,2026-05-11T23:43:09+00:00,Unavailable,,
350225341,2026-05-11T23:43:09+00:00,Unavailable,,
350225352,2026-05-11T23:43:09+00:00,Unavailable,,
350225363,2026-05-11T23:43:09+00:00,Unavailable,,
350225375,2026-05-11T23:43:09+00:00,Unavailable,,
350225387,2026-05-11T23:43:09+00:00,Unavailable,,
350225401,2026-05-11T23:43:09+00:00,Unavailable,,
350225415,2026-05-11T23:43:09+00:00,Unavailable,,
350225429,2026-05-11T23:43:09+00:00,Unavailable,,
350225443,2026-05-11T23:43:09+00:00,Unavailable,,
350225457,2026-05-11T23:43:09+00:00,Unavailable,,
350225471,2026-05-11T23:43:09+00:00,Unavailable,,
350225485,2026-05-11T23:43:09+00:00,Unavailable,,
350225496,2026-05-11T23:43:09+00:00,Unavailable,,
350225507,2026-05-11T23:43:09+00:00,Unavailable,,
350225518,2026-05-11T23:43:09+00:00,Unavailable,,
350225529,2026-05-11T23:43:09+00:00,Unavailable,,
350225540,2026-05-11T23:43:09+00:00,Unavailable,,
350225551,2026-05-11T23:43:09+00:00,Unavailable,,
350225562,2026-05-11T23:43:09+00:00,Unavailable,,
350225573,2026-05-11T23:43:09+00:00,Unavailable,,
350225584,2026-05-11T23:43:09+00:00,Unavailable,,
350225596,2026-05-11T23:43:09+00:00,Unavailable,,
350225607,2026-05-11T23:43:09+00:00,Unavailable,,
350225618,2026-05-11T23:43:09+00:00,Unavailable,,
350225629,2026-05-11T23:43:09+00:00,Unavailable,,
350225640,2026-05-11T23:43:09+00:00,Unavailable,,
350225651,2026-05-11T23:43:09+00:00,Unavailable,,
350225663,2026-05-11T23:43:09+00:00,Unavailable,,
350225674,2026-05-11T23:43:09+00:00,Unavailable,,
350225688,2026-05-11T23:43:09+00:00,Unavailable,,
350225702,2026-05-11T23:43:09+00:00,Unavailable,,
350225716,2026-05-11T23:43:09+00:00,Unavailable,,
350225730,2026-05-11T23:43:09+00:00,Unavailable,,
350225744,2026-05-11T23:43:09+00:00,Unavailable,,
350225758,2026-05-11T23:43:09+00:00,Unavailable,,
350225786,2026-05-11T23:43:09+00:00,Unavailable,,
350225814,2026-05-11T23:43:09+00:00,Unavailable,,
350225825,2026-05-11T23:43:09+00:00,Unavailable,,
350225836,2026-05-11T23:43:09+00:00,Unavailable,,
350225847,2026-05-11T23:43:09+00:00,Unavailable,,
350225858,2026-05-11T23:43:09+00:00,Unavailable,,
350225869,2026-05-11T23:43:09+00:00,Unavailable,,
350225880,2026-05-11T23:43:09+00:00,Unavailable,,
350225891,2026-05-11T23:43:09+00:00,Unavailable,,
350225902,2026-05-11T23:43:09+00:00,Unavailable,,
350225913,2026-05-11T23:43:09+00:00,Unavailable,,
350225924,2026-05-11T23:43:09+00:00,Unavailable,,
350225935,2026-05-11T23:43:09+00:00,Unavailable,,
350225946,2026-05-11T23:43:09+00:00,Unavailable,,
350225957,2026-05-11T23:43:09+00:00,Unavailable,,
350225968,2026-05-11T23:43:09+00:00,Unavailable,,
350225981,2026-05-11T23:43:09+00:00,Unavailable,,
350225993,2026-05-11T23:43:09+00:00,Unavailable,,
350226004,2026-05-11T23:43:09+00:00,Unavailable,,
350226015,2026-05-11T23:43:09+00:00,Unavailable,,
350226026,2026-05-11T23:43:09+00:00,Unavailable,,
350226037,2026-05-11T23:43:09+00:00,Unavailable,,
350226048,2026-05-11T23:43:09+00:00,Unavailable,,
350226059,2026-05-11T23:43:09+00:00,Unavailable,,
350226070,2026-05-11T23:43:09+00:00,Unavailable,,
350280176,2026-05-11T23:43:09+00:00,Unavailable,,
350280422,2026-05-11T23:43:09+00:00,Unavailable,,
350280510,2026-05-11T23:43:09+00:00,Unavailable,,
350280525,2026-05-11T23:43:09+00:00,Unavailable,,
350280536,2026-05-11T23:43:09+00:00,Unavailable,,
350288650,2026-05-11T23:43:09+00:00,Unavailable,,
350288664,2026-05-11T23:43:09+00:00,Unavailable,,
350288680,2026-05-11T23:43:09+00:00,Unavailable,,
350288691,2026-05-11T23:43:09+00:00,Unavailable,,
350288702,2026-05-11T23:43:09+00:00,Unavailable,,
350288713,2026-05-11T23:43:09+00:00,Unavailable,,
350288724,2026-05-11T23:43:09+00:00,Unavailable,,
350288737,2026-05-11T23:43:09+00:00,Unavailable,,
350288748,2026-05-11T23:43:09+00:00,Unavailable,,
350288759,2026-05-11T23:43:09+00:00,Unavailable,,
350288770,2026-05-11T23:43:09+00:00,Unavailable,,
350288781,2026-05-11T23:43:09+00:00,Unavailable,,
350288792,2026-05-11T23:43:09+00:00,Unavailable,,
350288804,2026-05-11T23:43:09+00:00,Unavailable,,
350288815,2026-05-11T23:43:09+00:00,Unavailable,,
350288826,2026-05-11T23:43:09+00:00,Unavailable,,
350288837,2026-05-11T23:43:09+00:00,Unavailable,,
350288848,2026-05-11T23:43:09+00:00,Unavailable,,
350288859,2026-05-11T23:43:09+00:00,Unavailable,,
350288870,2026-05-11T23:43:09+00:00,Unavailable,,
350288881,2026-05-11T23:43:09+00:00,Unavailable,,
350288892,2026-05-11T23:43:09+00:00,Unavailable,,
350288903,2026-05-11T23:43:09+00:00,Unavailable,,
350288914,2026-05-11T23:43:09+00:00,Unavailable,,
350288925,2026-05-11T23:43:09+00:00,Unavailable,,
350288937,2026-05-11T23:43:09+00:00,Unavailable,,
350288948,2026-05-11T23:43:09+00:00,Unavailable,,
350288959,2026-05-11T23:43:09+00:00,Unavailable,,
350288970,2026-05-11T23:43:09+00:00,Unavailable,,
350288981,2026-05-11T23:43:09+00:00,Unavailable,,
350288992,2026-05-11T23:43:09+00:00,Unavailable,,
350289003,2026-05-11T23:43:09+00:00,Unavailable,,
350289014,2026-05-11T23:43:09+00:00,Unavailable,,
350289048,2026-05-11T23:43:09+00:00,Unavailable,,
350289060,2026-05-11T23:43:09+00:00,Unavailable,,
350289071,2026-05-11T23:43:09+00:00,Unavailable,,
350289082,2026-05-11T23:43:09+00:00,Unavailable,,
350289093,2026-05-11T23:43:09+00:00,Unavailable,,
350289104,2026-05-11T23:43:09+00:00,Unavailable,,
350289115,2026-05-11T23:43:09+00:00,Unavailable,,
350289126,2026-05-11T23:43:09+00:00,Unavailable,,
350289137,2026-05-11T23:43:09+00:00,Unavailable,,
350289148,2026-05-11T23:43:09+00:00,Unavailable,,
350289159,2026-05-11T23:43:09+00:00,Unavailable,,
350289170,2026-05-11T23:43:09+00:00,Unavailable,,
350289181,2026-05-11T23:43:09+00:00,Unavailable,,
350289192,2026-05-11T23:43:09+00:00,Unavailable,,
350289203,2026-05-11T23:43:09+00:00,Unavailable,,
350289214,2026-05-11T23:43:09+00:00,Unavailable,,
350289226,2026-05-11T23:43:09+00:00,Unavailable,,
350289237,2026-05-11T23:43:09+00:00,Unavailable,,
350289248,2026-05-11T23:43:09+00:00,Unavailable,,
350289260,2026-05-11T23:43:09+00:00,Unavailable,,
350289271,2026-05-11T23:43:09+00:00,Unavailable,,
350289282,2026-05-11T23:43:09+00:00,Unavailable,,
350289293,2026-05-11T23:43:09+00:00,Unavailable,,
350289304,2026-05-11T23:43:09+00:00,Unavailable,,
350289315,2026-05-11T23:43:09+00:00,Unavailable,,
350289326,2026-05-11T23:43:09+00:00,Unavailable,,
350289337,2026-05-11T23:43:09+00:00,Unavailable,,
350289348,2026-05-11T23:43:09+00:00,Unavailable,,
350289359,2026-05-11T23:43:09+00:00,Unavailable,,
350289370,2026-05-11T23:43:09+00:00,Unavailable,,
350289381,2026-05-11T23:43:09+00:00,Unavailable,,
350289392,2026-05-11T23:43:09+00:00,Unavailable,,
350289404,2026-05-11T23:43:09+00:00,Unavailable,,
351070164,2026-05-11T23:43:09+00:00,Unavailable,,
351073176,2026-05-11T23:43:09+00:00,Unavailable,,
353250216,2026-05-11T23:43:09+00:00,Unavailable,,
364658017,2026-05-11T23:43:09+00:00,Unavailable,,
350216376,2026-05-11T23:56:53+00:00,Unavailable,,
350216387,2026-05-11T23:56:53+00:00,Unavailable,,
350216398,2026-05-11T23:56:53+00:00,Unavailable,,
350216409,2026-05-11T23:56:53+00:00,Unavailable,,
350216431,2026-05-11T23:56:53+00:00,Unavailable,,
350216442,2026-05-11T23:56:53+00:00,Unavailable,,
350216453,2026-05-11T23:56:53+00:00,Unavailable,,
350216465,2026-05-11T23:56:53+00:00,Unavailable,,
350216476,2026-05-11T23:56:53+00:00,Unavailable,,
350216487,2026-05-11T23:56:53+00:00,Unavailable,,
350216498,2026-05-11T23:56:53+00:00,Unavailable,,
350216509,2026-05-11T23:56:53+00:00,Unavailable,,
350216520,2026-05-11T23:56:53+00:00,Unavailable,,
350216542,2026-05-11T23:56:53+00:00,Unavailable,,
350216553,2026-05-11T23:56:53+00:00,Unavailable,,
350216564,2026-05-11T23:56:53+00:00,Unavailable,,
350216575,2026-05-11T23:56:53+00:00,Unavailable,,
350216586,2026-05-11T23:56:53+00:00,Unavailable,,
350216597,2026-05-11T23:56:53+00:00,Unavailable,,
350216608,2026-05-11T23:56:53+00:00,Unavailable,,
350216619,2026-05-11T23:56:53+00:00,Unavailable,,
350216630,2026-05-11T23:56:53+00:00,Unavailable,,
350216652,2026-05-11T23:56:53+00:00,Unavailable,,
350216663,2026-05-11T23:56:53+00:00,Unavailable,,
350216674,2026-05-11T23:56:53+00:00,Unavailable,,
350216685,2026-05-11T23:56:53+00:00,Unavailable,,
350216696,2026-05-11T23:56:53+00:00,Unavailable,,
350216707,2026-05-11T23:56:53+00:00,Unavailable,,
350216718,2026-05-11T23:56:53+00:00,Unavailable,,
350216729,2026-05-11T23:56:53+00:00,Unavailable,,
350216740,2026-05-11T23:56:53+00:00,Unavailable,,
350216751,2026-05-11T23:56:53+00:00,Unavailable,,
350216762,2026-05-11T23:56:53+00:00,Unavailable,,
350216773,2026-05-11T23:56:53+00:00,Unavailable,,
350216784,2026-05-11T23:56:53+00:00,Unavailable,,
350216795,2026-05-11T23:56:53+00:00,Unavailable,,
350216806,2026-05-11T23:56:53+00:00,Unavailable,,
350216817,2026-05-11T23:56:53+00:00,Unavailable,,
350216828,2026-05-11T23:56:53+00:00,Unavailable,,
350216839,2026-05-11T23:56:53+00:00,Unavailable,,
350216850,2026-05-11T23:56:53+00:00,Unavailable,,
350216861,2026-05-11T23:56:53+00:00,Unavailable,,
350216872,2026-05-11T23:56:53+00:00,Unavailable,,
350216884,2026-05-11T23:56:53+00:00,Unavailable,,
350216895,2026-05-11T23:56:53+00:00,Unavailable,,
350216906,2026-05-11T23:56:53+00:00,Unavailable,,
350216917,2026-05-11T23:56:53+00:00,Unavailable,,
350216928,2026-05-11T23:56:53+00:00,Unavailable,,
350216939,2026-05-11T23:56:53+00:00,Unavailable,,
350216950,2026-05-11T23:56:53+00:00,Unavailable,,
350216961,2026-05-11T23:56:53+00:00,Unavailable,,
350216972,2026-05-11T23:56:53+00:00,Unavailable,,
350216994,2026-05-11T23:56:53+00:00,Unavailable,,
350217005,2026-05-11T23:56:53+00:00,Unavailable,,
350217016,2026-05-11T23:56:53+00:00,Unavailable,,
350217027,2026-05-11T23:56:53+00:00,Unavailable,,
350217049,2026-05-11T23:56:53+00:00,Unavailable,,
350217071,2026-05-11T23:56:53+00:00,Unavailable,,
350217083,2026-05-11T23:56:53+00:00,Unavailable,,
350217105,2026-05-11T23:56:53+00:00,Unavailable,,
350217117,2026-05-11T23:56:53+00:00,Unavailable,,
350217128,2026-05-11T23:56:53+00:00,Unavailable,,
350217150,2026-05-11T23:56:53+00:00,Unavailable,,
350217162,2026-05-11T23:56:53+00:00,Unavailable,,
350217174,2026-05-11T23:56:53+00:00,Unavailable,,
350217185,2026-05-11T23:56:53+00:00,Unavailable,,
350217207,2026-05-11T23:56:53+00:00,Unavailable,,
350217218,2026-05-11T23:56:53+00:00,Unavailable,,
350217240,2026-05-11T23:56:53+00:00,Unavailable,,
350217251,2026-05-11T23:56:53+00:00,Unavailable,,
350217262,2026-05-11T23:56:53+00:00,Unavailable,,
350217273,2026-05-11T23:56:53+00:00,Unavailable,,
350217284,2026-05-11T23:56:53+00:00,Unavailable,,
350217295,2026-05-11T23:56:53+00:00,Unavailable,,
350217306,2026-05-11T23:56:53+00:00,Unavailable,,
350217317,2026-05-11T23:56:53+00:00,Unavailable,,
350217339,2026-05-11T23:56:53+00:00,Unavailable,,
350217353,2026-05-11T23:56:53+00:00,Unavailable,,
350217366,2026-05-11T23:56:53+00:00,Unavailable,,
350217379,2026-05-11T23:56:53+00:00,Unavailable,,
350217393,2026-05-11T23:56:53+00:00,Unavailable,,
350217404,2026-05-11T23:56:53+00:00,Unavailable,,
350217415,2026-05-11T23:56:53+00:00,Unavailable,,
350217426,2026-05-11T23:56:53+00:00,Unavailable,,
350217437,2026-05-11T23:56:53+00:00,Unavailable,,
350217448,2026-05-11T23:56:53+00:00,Unavailable,,
350732033,2026-05-11T23:56:53+00:00,Unavailable,,
350739304,2026-05-11T23:56:53+00:00,Unavailable,,
350740400,2026-05-11T23:56:53+00:00,Unavailable,,
350740938,2026-05-11T23:56:53+00:00,Unavailable,,
350741533,2026-05-11T23:56:53+00:00,Unavailable,,
350741599,2026-05-11T23:56:53+00:00,Unavailable,,
364675943,2026-05-11T23:56:53+00:00,Unavailable,,
364677421,2026-05-11T23:56:53+00:00,Unavailable,,
364677693,2026-05-11T23:56:53+00:00,Unavailable,,
364678079,2026-05-11T23:56:53+00:00,Unavailable,,
350200801,2026-05-11T23:56:57+00:00,Unavailable,,
350200813,2026-05-11T23:56:57+00:00,Unavailable,,
350200824,2026-05-11T23:56:57+00:00,Unavailable,,
350200836,2026-05-11T23:56:57+00:00,Unavailable,,
350200847,2026-05-11T23:56:57+00:00,Unavailable,,
350200858,2026-05-11T23:56:57+00:00,Unavailable,,
350200869,2026-05-11T23:56:57+00:00,Unavailable,,
350200880,2026-05-11T23:56:57+00:00,Unavailable,,
350200891,2026-05-11T23:56:57+00:00,Unavailable,,
350200902,2026-05-11T23:56:57+00:00,Unavailable,,
350200913,2026-05-11T23:56:57+00:00,Unavailable,,
350200924,2026-05-11T23:56:57+00:00,Unavailable,,
350200935,2026-05-11T23:56:57+00:00,Unavailable,,
350200946,2026-05-11T23:56:57+00:00,Unavailable,,
350200957,2026-05-11T23:56:57+00:00,Unavailable,,
350200968,2026-05-11T23:56:57+00:00,Unavailable,,
350200979,2026-05-11T23:56:57+00:00,Unavailable,,
350200990,2026-05-11T23:56:57+00:00,Unavailable,,
350201001,2026-05-11T23:56:57+00:00,Unavailable,,
350201012,2026-05-11T23:56:57+00:00,Unavailable,,
350201023,2026-05-11T23:56:57+00:00,Unavailable,,
350201034,2026-05-11T23:56:57+00:00,Unavailable,,
350201045,2026-05-11T23:56:57+00:00,Unavailable,,
350201058,2026-05-11T23:56:57+00:00,Unavailable,,
350201069,2026-05-11T23:56:57+00:00,Unavailable,,
350201080,2026-05-11T23:56:57+00:00,Unavailable,,
350201091,2026-05-11T23:56:57+00:00,Unavailable,,
350201102,2026-05-11T23:56:57+00:00,Unavailable,,
350201113,2026-05-11T23:56:57+00:00,Unavailable,,
350201124,2026-05-11T23:56:57+00:00,Unavailable,,
350201135,2026-05-11T23:56:57+00:00,Unavailable,,
350201146,2026-05-11T23:56:57+00:00,Unavailable,,
350201157,2026-05-11T23:56:57+00:00,Unavailable,,
350201170,2026-05-11T23:56:57+00:00,Unavailable,,
350201182,2026-05-11T23:56:57+00:00,Unavailable,,
350201193,2026-05-11T23:56:57+00:00,Unavailable,,
350201205,2026-05-11T23:56:57+00:00,Unavailable,,
350201216,2026-05-11T23:56:57+00:00,Unavailable,,
350201227,2026-05-11T23:56:57+00:00,Unavailable,,
350201238,2026-05-11T23:56:57+00:00,Unavailable,,
350201249,2026-05-11T23:56:57+00:00,Unavailable,,
350201260,2026-05-11T23:56:57+00:00,Unavailable,,
350201271,2026-05-11T23:56:57+00:00,Unavailable,,
350201283,2026-05-11T23:56:57+00:00,Unavailable,,
350201294,2026-05-11T23:56:57+00:00,Unavailable,,
350201305,2026-05-11T23:56:57+00:00,Unavailable,,
350201316,2026-05-11T23:56:57+00:00,Unavailable,,
350201327,2026-05-11T23:56:57+00:00,Unavailable,,
350201338,2026-05-11T23:56:57+00:00,Unavailable,,
350201349,2026-05-11T23:56:57+00:00,Unavailable,,
350201360,2026-05-11T23:56:57+00:00,Unavailable,,
350201371,2026-05-11T23:56:57+00:00,Unavailable,,
350201382,2026-05-11T23:56:57+00:00,Unavailable,,
350201393,2026-05-11T23:56:57+00:00,Unavailable,,
350201404,2026-05-11T23:56:57+00:00,Unavailable,,
350201415,2026-05-11T23:56:57+00:00,Unavailable,,
350201426,2026-05-11T23:56:57+00:00,Unavailable,,
350201437,2026-05-11T23:56:57+00:00,Unavailable,,
350201448,2026-05-11T23:56:57+00:00,Unavailable,,
350201459,2026-05-11T23:56:57+00:00,Unavailable,,
350201470,2026-05-11T23:56:57+00:00,Unavailable,,
350201481,2026-05-11T23:56:57+00:00,Unavailable,,
350201492,2026-05-11T23:56:57+00:00,Unavailable,,
350201503,2026-05-11T23:56:57+00:00,Unavailable,,
350201514,2026-05-11T23:56:57+00:00,Unavailable,,
350201525,2026-05-11T23:56:57+00:00,Unavailable,,
350201536,2026-05-11T23:56:57+00:00,Unavailable,,
350201547,2026-05-11T23:56:57+00:00,Unavailable,,
350201558,2026-05-11T23:56:57+00:00,Unavailable,,
350201569,2026-05-11T23:56:57+00:00,Unavailable,,
350201580,2026-05-11T23:56:57+00:00,Unavailable,,
350201591,2026-05-11T23:56:57+00:00,Unavailable,,
350201602,2026-05-11T23:56:57+00:00,Unavailable,,
350201613,2026-05-11T23:56:57+00:00,Unavailable,,
350201624,2026-05-11T23:56:57+00:00,Unavailable,,
350201635,2026-05-11T23:56:57+00:00,Unavailable,,
350201646,2026-05-11T23:56:57+00:00,Unavailable,,
350201657,2026-05-11T23:56:57+00:00,Unavailable,,
350201668,2026-05-11T23:56:57+00:00,Unavailable,,
350201679,2026-05-11T23:56:57+00:00,Unavailable,,
350201690,2026-05-11T23:56:57+00:00,Unavailable,,
350201701,2026-05-11T23:56:57+00:00,Unavailable,,
350201712,2026-05-11T23:56:57+00:00,Unavailable,,
350201723,2026-05-11T23:56:57+00:00,Unavailable,,
350201735,2026-05-11T23:56:57+00:00,Unavailable,,
350201746,2026-05-11T23:56:57+00:00,Unavailable,,
350201757,2026-05-11T23:56:57+00:00,Unavailable,,
350201768,2026-05-11T23:56:57+00:00,Unavailable,,
350201779,2026-05-11T23:56:57+00:00,Unavailable,,
350201790,2026-05-11T23:56:57+00:00,Unavailable,,
350201801,2026-05-11T23:56:57+00:00,Unavailable,,
350201812,2026-05-11T23:56:57+00:00,Unavailable,,
350201823,2026-05-11T23:56:57+00:00,Unavailable,,
350201834,2026-05-11T23:56:57+00:00,Unavailable,,
350201845,2026-05-11T23:56:57+00:00,Unavailable,,
350201856,2026-05-11T23:56:57+00:00,Unavailable,,
350201867,2026-05-11T23:56:57+00:00,Unavailable,,
350201879,2026-05-11T23:56:57+00:00,Unavailable,,
350201890,2026-05-11T23:56:57+00:00,Unavailable,,
350201901,2026-05-11T23:56:57+00:00,Unavailable,,
350201912,2026-05-11T23:56:57+00:00,Unavailable,,
350201924,2026-05-11T23:56:57+00:00,Unavailable,,
350201935,2026-05-11T23:56:57+00:00,Unavailable,,
350201947,2026-05-11T23:56:57+00:00,Unavailable,,
350201958,2026-05-11T23:56:57+00:00,Unavailable,,
350201969,2026-05-11T23:56:57+00:00,Unavailable,,
350201980,2026-05-11T23:56:57+00:00,Unavailable,,
350201991,2026-05-11T23:56:57+00:00,Unavailable,,
350202003,2026-05-11T23:56:57+00:00,Unavailable,,
350202018,2026-05-11T23:56:57+00:00,Unavailable,,
350202032,2026-05-11T23:56:57+00:00,Unavailable,,
350202045,2026-05-11T23:56:57+00:00,Unavailable,,
350202056,2026-05-11T23:56:57+00:00,Unavailable,,
350202069,2026-05-11T23:56:57+00:00,Unavailable,,
350202080,2026-05-11T23:56:57+00:00,Unavailable,,
350202091,2026-05-11T23:56:57+00:00,Unavailable,,
350202102,2026-05-11T23:56:57+00:00,Unavailable,,
350202113,2026-05-11T23:56:57+00:00,Unavailable,,
350202124,2026-05-11T23:56:57+00:00,Unavailable,,
350202135,2026-05-11T23:56:57+00:00,Unavailable,,
350202146,2026-05-11T23:56:57+00:00,Unavailable,,
350202157,2026-05-11T23:56:57+00:00,Unavailable,,
350202168,2026-05-11T23:56:57+00:00,Unavailable,,
350202180,2026-05-11T23:56:57+00:00,Unavailable,,
350202191,2026-05-11T23:56:57+00:00,Unavailable,,
350202202,2026-05-11T23:56:57+00:00,Unavailable,,
350202213,2026-05-11T23:56:57+00:00,Unavailable,,
350202224,2026-05-11T23:56:57+00:00,Unavailable,,
350202235,2026-05-11T23:56:57+00:00,Unavailable,,
350202246,2026-05-11T23:56:57+00:00,Unavailable,,
350202257,2026-05-11T23:56:57+00:00,Unavailable,,
350202268,2026-05-11T23:56:57+00:00,Unavailable,,
350202279,2026-05-11T23:56:57+00:00,Unavailable,,
350202290,2026-05-11T23:56:57+00:00,Unavailable,,
350202301,2026-05-11T23:56:57+00:00,Unavailable,,
350202312,2026-05-11T23:56:57+00:00,Unavailable,,
350202323,2026-05-11T23:56:57+00:00,Unavailable,,
350202334,2026-05-11T23:56:57+00:00,Unavailable,,
350202347,2026-05-11T23:56:57+00:00,Unavailable,,
350202361,2026-05-11T23:56:57+00:00,Unavailable,,
350202372,2026-05-11T23:56:57+00:00,Unavailable,,
350202383,2026-05-11T23:56:57+00:00,Unavailable,,
350202394,2026-05-11T23:56:57+00:00,Unavailable,,
350202406,2026-05-11T23:56:57+00:00,Unavailable,,
350202417,2026-05-11T23:56:57+00:00,Unavailable,,
350202429,2026-05-11T23:56:57+00:00,Unavailable,,
350202440,2026-05-11T23:56:57+00:00,Unavailable,,
350202451,2026-05-11T23:56:57+00:00,Unavailable,,
350202462,2026-05-11T23:56:57+00:00,Unavailable,,
350202473,2026-05-11T23:56:57+00:00,Unavailable,,
350202484,2026-05-11T23:56:57+00:00,Unavailable,,
350202495,2026-05-11T23:56:57+00:00,Unavailable,,
350202506,2026-05-11T23:56:57+00:00,Unavailable,,
350202517,2026-05-11T23:56:57+00:00,Unavailable,,
350202528,2026-05-11T23:56:57+00:00,Unavailable,,
350202539,2026-05-11T23:56:57+00:00,Unavailable,,
350202551,2026-05-11T23:56:57+00:00,Unavailable,,
350202562,2026-05-11T23:56:57+00:00,Unavailable,,
350202573,2026-05-11T23:56:57+00:00,Unavailable,,
350202584,2026-05-11T23:56:57+00:00,Unavailable,,
350202595,2026-05-11T23:56:57+00:00,Unavailable,,
350202607,2026-05-11T23:56:57+00:00,Unavailable,,
350202618,2026-05-11T23:56:57+00:00,Unavailable,,
350202631,2026-05-11T23:56:57+00:00,Unavailable,,
350202642,2026-05-11T23:56:57+00:00,Unavailable,,
350202654,2026-05-11T23:56:57+00:00,Unavailable,,
350202665,2026-05-11T23:56:57+00:00,Unavailable,,
350202676,2026-05-11T23:56:57+00:00,Unavailable,,
350202687,2026-05-11T23:56:57+00:00,Unavailable,,
350202698,2026-05-11T23:56:57+00:00,Unavailable,,
350202709,2026-05-11T23:56:57+00:00,Unavailable,,
350202720,2026-05-11T23:56:57+00:00,Unavailable,,
350202731,2026-05-11T23:56:57+00:00,Unavailable,,
350202742,2026-05-11T23:56:57+00:00,Unavailable,,
350202753,2026-05-11T23:56:57+00:00,Unavailable,,
350202764,2026-05-11T23:56:57+00:00,Unavailable,,
350202775,2026-05-11T23:56:57+00:00,Unavailable,,
350202786,2026-05-11T23:56:57+00:00,Unavailable,,
350202797,2026-05-11T23:56:57+00:00,Unavailable,,
350202808,2026-05-11T23:56:57+00:00,Unavailable,,
350202819,2026-05-11T23:56:57+00:00,Unavailable,,
350202830,2026-05-11T23:56:57+00:00,Unavailable,,
350202841,2026-05-11T23:56:57+00:00,Unavailable,,
350202852,2026-05-11T23:56:57+00:00,Unavailable,,
350202863,2026-05-11T23:56:57+00:00,Unavailable,,
350202874,2026-05-11T23:56:57+00:00,Unavailable,,
350202885,2026-05-11T23:56:57+00:00,Unavailable,,
350202896,2026-05-11T23:56:57+00:00,Unavailable,,
350202908,2026-05-11T23:56:57+00:00,Unavailable,,
350202919,2026-05-11T23:56:57+00:00,Unavailable,,
350202930,2026-05-11T23:56:57+00:00,Unavailable,,
350202941,2026-05-11T23:56:57+00:00,Unavailable,,
350202952,2026-05-11T23:56:57+00:00,Unavailable,,
350202963,2026-05-11T23:56:57+00:00,Unavailable,,
350202974,2026-05-11T23:56:57+00:00,Unavailable,,
350202985,2026-05-11T23:56:57+00:00,Unavailable,,
350202996,2026-05-11T23:56:57+00:00,Unavailable,,
350203007,2026-05-11T23:56:57+00:00,Unavailable,,
350203018,2026-05-11T23:56:57+00:00,Unavailable,,
350203029,2026-05-11T23:56:57+00:00,Unavailable,,
350203040,2026-05-11T23:56:57+00:00,Unavailable,,
350203051,2026-05-11T23:56:57+00:00,Unavailable,,
350203062,2026-05-11T23:56:57+00:00,Unavailable,,
350203073,2026-05-11T23:56:57+00:00,Unavailable,,
350203084,2026-05-11T23:56:57+00:00,Unavailable,,
350203095,2026-05-11T23:56:57+00:00,Unavailable,,
350203106,2026-05-11T23:56:57+00:00,Unavailable,,
350203117,2026-05-11T23:56:57+00:00,Unavailable,,
350203128,2026-05-11T23:56:57+00:00,Unavailable,,
350203139,2026-05-11T23:56:57+00:00,Unavailable,,
350203150,2026-05-11T23:56:57+00:00,Unavailable,,
350203162,2026-05-11T23:56:57+00:00,Unavailable,,
350203173,2026-05-11T23:56:57+00:00,Unavailable,,
350203184,2026-05-11T23:56:57+00:00,Unavailable,,
350203195,2026-05-11T23:56:57+00:00,Unavailable,,
350203206,2026-05-11T23:56:57+00:00,Unavailable,,
350203217,2026-05-11T23:56:57+00:00,Unavailable,,
350203228,2026-05-11T23:56:57+00:00,Unavailable,,
350203239,2026-05-11T23:56:57+00:00,Unavailable,,
350203250,2026-05-11T23:56:57+00:00,Unavailable,,
350203261,2026-05-11T23:56:57+00:00,Unavailable,,
350203272,2026-05-11T23:56:57+00:00,Unavailable,,
350203283,2026-05-11T23:56:57+00:00,Unavailable,,
350203294,2026-05-11T23:56:57+00:00,Unavailable,,
350203305,2026-05-11T23:56:57+00:00,Unavailable,,
350203316,2026-05-11T23:56:57+00:00,Unavailable,,
350203327,2026-05-11T23:56:57+00:00,Unavailable,,
350203338,2026-05-11T23:56:57+00:00,Unavailable,,
350203349,2026-05-11T23:56:57+00:00,Unavailable,,
350203360,2026-05-11T23:56:57+00:00,Unavailable,,
350203371,2026-05-11T23:56:57+00:00,Unavailable,,
350203383,2026-05-11T23:56:57+00:00,Unavailable,,
350203394,2026-05-11T23:56:57+00:00,Unavailable,,
350203405,2026-05-11T23:56:57+00:00,Unavailable,,
350203416,2026-05-11T23:56:57+00:00,Unavailable,,
350203427,2026-05-11T23:56:57+00:00,Unavailable,,
350203438,2026-05-11T23:56:57+00:00,Unavailable,,
350203449,2026-05-11T23:56:57+00:00,Unavailable,,
350203460,2026-05-11T23:56:57+00:00,Unavailable,,
350203472,2026-05-11T23:56:57+00:00,Unavailable,,
350203483,2026-05-11T23:56:57+00:00,Unavailable,,
350203494,2026-05-11T23:56:57+00:00,Unavailable,,
350203505,2026-05-11T23:56:57+00:00,Unavailable,,
350203516,2026-05-11T23:56:57+00:00,Unavailable,,
350203527,2026-05-11T23:56:57+00:00,Unavailable,,
350203538,2026-05-11T23:56:57+00:00,Unavailable,,
350203549,2026-05-11T23:56:57+00:00,Unavailable,,
350203560,2026-05-11T23:56:57+00:00,Unavailable,,
350203571,2026-05-11T23:56:57+00:00,Unavailable,,
350203593,2026-05-11T23:56:57+00:00,Unavailable,,
355173402,2026-05-11T23:56:57+00:00,Unavailable,,
350223957,2026-05-11T23:57:09+00:00,Unavailable,,
350223971,2026-05-11T23:57:09+00:00,Unavailable,,
350223985,2026-05-11T23:57:09+00:00,Unavailable,,
350223999,2026-05-11T23:57:09+00:00,Unavailable,,
350224011,2026-05-11T23:57:09+00:00,Unavailable,,
350224022,2026-05-11T23:57:09+00:00,Unavailable,,
350224033,2026-05-11T23:57:09+00:00,Unavailable,,
350224044,2026-05-11T23:57:09+00:00,Unavailable,,
350224055,2026-05-11T23:57:09+00:00,Unavailable,,
350224066,2026-05-11T23:57:09+00:00,Unavailable,,
350224077,2026-05-11T23:57:09+00:00,Unavailable,,
350224088,2026-05-11T23:57:09+00:00,Unavailable,,
350224102,2026-05-11T23:57:09+00:00,Unavailable,,
350224116,2026-05-11T23:57:09+00:00,Unavailable,,
350224130,2026-05-11T23:57:09+00:00,Unavailable,,
350224144,2026-05-11T23:57:09+00:00,Unavailable,,
350224158,2026-05-11T23:57:09+00:00,Unavailable,,
350224172,2026-05-11T23:57:09+00:00,Unavailable,,
350224186,2026-05-11T23:57:09+00:00,Unavailable,,
350224200,2026-05-11T23:57:09+00:00,Unavailable,,
350224214,2026-05-11T23:57:09+00:00,Unavailable,,
350224228,2026-05-11T23:57:09+00:00,Unavailable,,
350224239,2026-05-11T23:57:09+00:00,Unavailable,,
350224250,2026-05-11T23:57:09+00:00,Unavailable,,
350224261,2026-05-11T23:57:09+00:00,Unavailable,,
350224272,2026-05-11T23:57:09+00:00,Unavailable,,
350224283,2026-05-11T23:57:09+00:00,Unavailable,,
350224294,2026-05-11T23:57:09+00:00,Unavailable,,
350224305,2026-05-11T23:57:09+00:00,Unavailable,,
350224317,2026-05-11T23:57:09+00:00,Unavailable,,
350224328,2026-05-11T23:57:09+00:00,Unavailable,,
350224339,2026-05-11T23:57:09+00:00,Unavailable,,
350224350,2026-05-11T23:57:09+00:00,Unavailable,,
350224361,2026-05-11T23:57:09+00:00,Unavailable,,
350224372,2026-05-11T23:57:09+00:00,Unavailable,,
350224386,2026-05-11T23:57:09+00:00,Unavailable,,
350224401,2026-05-11T23:57:09+00:00,Unavailable,,
350224416,2026-05-11T23:57:09+00:00,Unavailable,,
350224433,2026-05-11T23:57:09+00:00,Unavailable,,
350224444,2026-05-11T23:57:09+00:00,Unavailable,,
350224455,2026-05-11T23:57:09+00:00,Unavailable,,
350224466,2026-05-11T23:57:09+00:00,Unavailable,,
350224477,2026-05-11T23:57:09+00:00,Unavailable,,
350224489,2026-05-11T23:57:09+00:00,Unavailable,,
350224500,2026-05-11T23:57:09+00:00,Unavailable,,
350224511,2026-05-11T23:57:09+00:00,Unavailable,,
350224522,2026-05-11T23:57:09+00:00,Unavailable,,
350224533,2026-05-11T23:57:09+00:00,Unavailable,,
350224544,2026-05-11T23:57:09+00:00,Unavailable,,
350224555,2026-05-11T23:57:09+00:00,Unavailable,,
350224566,2026-05-11T23:57:09+00:00,Unavailable,,
350224577,2026-05-11T23:57:09+00:00,Unavailable,,
350224588,2026-05-11T23:57:09+00:00,Unavailable,,
350224599,2026-05-11T23:57:09+00:00,Unavailable,,
350224612,2026-05-11T23:57:09+00:00,Unavailable,,
350224623,2026-05-11T23:57:09+00:00,Unavailable,,
350224634,2026-05-11T23:57:09+00:00,Unavailable,,
350224645,2026-05-11T23:57:09+00:00,Unavailable,,
350224658,2026-05-11T23:57:09+00:00,Unavailable,,
350224669,2026-05-11T23:57:09+00:00,Unavailable,,
350224680,2026-05-11T23:57:09+00:00,Unavailable,,
350224692,2026-05-11T23:57:09+00:00,Unavailable,,
350224703,2026-05-11T23:57:09+00:00,Unavailable,,
350224714,2026-05-11T23:57:09+00:00,Unavailable,,
350224725,2026-05-11T23:57:09+00:00,Unavailable,,
350224738,2026-05-11T23:57:09+00:00,Unavailable,,
350224749,2026-05-11T23:57:09+00:00,Unavailable,,
350224760,2026-05-11T23:57:09+00:00,Unavailable,,
350224771,2026-05-11T23:57:09+00:00,Unavailable,,
350224782,2026-05-11T23:57:09+00:00,Unavailable,,
350224793,2026-05-11T23:57:09+00:00,Unavailable,,
350224804,2026-05-11T23:57:09+00:00,Unavailable,,
350224815,2026-05-11T23:57:09+00:00,Unavailable,,
350224826,2026-05-11T23:57:09+00:00,Unavailable,,
350224837,2026-05-11T23:57:09+00:00,Unavailable,,
350224848,2026-05-11T23:57:09+00:00,Unavailable,,
350224859,2026-05-11T23:57:09+00:00,Unavailable,,
350224873,2026-05-11T23:57:09+00:00,Unavailable,,
350224887,2026-05-11T23:57:09+00:00,Unavailable,,
350224901,2026-05-11T23:57:09+00:00,Unavailable,,
350224915,2026-05-11T23:57:09+00:00,Unavailable,,
350224929,2026-05-11T23:57:09+00:00,Unavailable,,
350224940,2026-05-11T23:57:09+00:00,Unavailable,,
350224951,2026-05-11T23:57:09+00:00,Unavailable,,
350224962,2026-05-11T23:57:09+00:00,Unavailable,,
350224973,2026-05-11T23:57:09+00:00,Unavailable,,
350224985,2026-05-11T23:57:09+00:00,Unavailable,,
350224996,2026-05-11T23:57:09+00:00,Unavailable,,
350225008,2026-05-11T23:57:09+00:00,Unavailable,,
350225019,2026-05-11T23:57:09+00:00,Unavailable,,
350225030,2026-05-11T23:57:09+00:00,Unavailable,,
350225041,2026-05-11T23:57:09+00:00,Unavailable,,
350225053,2026-05-11T23:57:09+00:00,Unavailable,,
350225064,2026-05-11T23:57:09+00:00,Unavailable,,
350225075,2026-05-11T23:57:09+00:00,Unavailable,,
350225086,2026-05-11T23:57:09+00:00,Unavailable,,
350225097,2026-05-11T23:57:09+00:00,Unavailable,,
350225108,2026-05-11T23:57:09+00:00,Unavailable,,
350225119,2026-05-11T23:57:09+00:00,Unavailable,,
350225130,2026-05-11T23:57:09+00:00,Unavailable,,
350225141,2026-05-11T23:57:09+00:00,Unavailable,,
350225163,2026-05-11T23:57:09+00:00,Unavailable,,
350225174,2026-05-11T23:57:09+00:00,Unavailable,,
350225185,2026-05-11T23:57:09+00:00,Unavailable,,
350225196,2026-05-11T23:57:09+00:00,Unavailable,,
350225207,2026-05-11T23:57:09+00:00,Unavailable,,
350225218,2026-05-11T23:57:09+00:00,Unavailable,,
350225229,2026-05-11T23:57:09+00:00,Unavailable,,
350225240,2026-05-11T23:57:09+00:00,Unavailable,,
350225251,2026-05-11T23:57:09+00:00,Unavailable,,
350225262,2026-05-11T23:57:09+00:00,Unavailable,,
350225273,2026-05-11T23:57:09+00:00,Unavailable,,
350225285,2026-05-11T23:57:09+00:00,Unavailable,,
350225296,2026-05-11T23:57:09+00:00,Unavailable,,
350225307,2026-05-11T23:57:09+00:00,Unavailable,,
350225318,2026-05-11T23:57:09+00:00,Unavailable,,
350225329,2026-05-11T23:57:09+00:00,Unavailable,,
350225341,2026-05-11T23:57:09+00:00,Unavailable,,
350225352,2026-05-11T23:57:09+00:00,Unavailable,,
350225363,2026-05-11T23:57:09+00:00,Unavailable,,
350225375,2026-05-11T23:57:09+00:00,Unavailable,,
350225387,2026-05-11T23:57:09+00:00,Unavailable,,
350225401,2026-05-11T23:57:09+00:00,Unavailable,,
350225415,2026-05-11T23:57:09+00:00,Unavailable,,
350225429,2026-05-11T23:57:09+00:00,Unavailable,,
350225443,2026-05-11T23:57:09+00:00,Unavailable,,
350225457,2026-05-11T23:57:09+00:00,Unavailable,,
350225471,2026-05-11T23:57:09+00:00,Unavailable,,
350225485,2026-05-11T23:57:09+00:00,Unavailable,,
350225496,2026-05-11T23:57:09+00:00,Unavailable,,
350225507,2026-05-11T23:57:09+00:00,Unavailable,,
350225518,2026-05-11T23:57:09+00:00,Unavailable,,
350225529,2026-05-11T23:57:09+00:00,Unavailable,,
350225540,2026-05-11T23:57:09+00:00,Unavailable,,
350225551,2026-05-11T23:57:09+00:00,Unavailable,,
350225562,2026-05-11T23:57:09+00:00,Unavailable,,
350225573,2026-05-11T23:57:09+00:00,Unavailable,,
350225584,2026-05-11T23:57:09+00:00,Unavailable,,
350225596,2026-05-11T23:57:09+00:00,Unavailable,,
350225607,2026-05-11T23:57:09+00:00,Unavailable,,
350225618,2026-05-11T23:57:09+00:00,Unavailable,,
350225629,2026-05-11T23:57:09+00:00,Unavailable,,
350225640,2026-05-11T23:57:09+00:00,Unavailable,,
350225651,2026-05-11T23:57:09+00:00,Unavailable,,
350225663,2026-05-11T23:57:09+00:00,Unavailable,,
350225674,2026-05-11T23:57:09+00:00,Unavailable,,
350225688,2026-05-11T23:57:09+00:00,Unavailable,,
350225702,2026-05-11T23:57:09+00:00,Unavailable,,
350225716,2026-05-11T23:57:09+00:00,Unavailable,,
350225730,2026-05-11T23:57:09+00:00,Unavailable,,
350225744,2026-05-11T23:57:09+00:00,Unavailable,,
350225758,2026-05-11T23:57:09+00:00,Unavailable,,
350225786,2026-05-11T23:57:09+00:00,Unavailable,,
350225814,2026-05-11T23:57:09+00:00,Unavailable,,
350225825,2026-05-11T23:57:09+00:00,Unavailable,,
350225836,2026-05-11T23:57:09+00:00,Unavailable,,
350225847,2026-05-11T23:57:09+00:00,Unavailable,,
350225858,2026-05-11T23:57:09+00:00,Unavailable,,
350225869,2026-05-11T23:57:09+00:00,Unavailable,,
350225880,2026-05-11T23:57:09+00:00,Unavailable,,
350225891,2026-05-11T23:57:09+00:00,Unavailable,,
350225902,2026-05-11T23:57:09+00:00,Unavailable,,
350225913,2026-05-11T23:57:09+00:00,Unavailable,,
350225924,2026-05-11T23:57:09+00:00,Unavailable,,
350225935,2026-05-11T23:57:09+00:00,Unavailable,,
350225946,2026-05-11T23:57:09+00:00,Unavailable,,
350225957,2026-05-11T23:57:09+00:00,Unavailable,,
350225968,2026-05-11T23:57:09+00:00,Unavailable,,
350225981,2026-05-11T23:57:09+00:00,Unavailable,,
350225993,2026-05-11T23:57:09+00:00,Unavailable,,
350226004,2026-05-11T23:57:09+00:00,Unavailable,,
350226015,2026-05-11T23:57:09+00:00,Unavailable,,
350226026,2026-05-11T23:57:09+00:00,Unavailable,,
350226037,2026-05-11T23:57:09+00:00,Unavailable,,
350226048,2026-05-11T23:57:09+00:00,Unavailable,,
350226059,2026-05-11T23:57:09+00:00,Unavailable,,
350226070,2026-05-11T23:57:09+00:00,Unavailable,,
350280176,2026-05-11T23:57:09+00:00,Unavailable,,
350280422,2026-05-11T23:57:09+00:00,Unavailable,,
350280510,2026-05-11T23:57:09+00:00,Unavailable,,
350280525,2026-05-11T23:57:09+00:00,Unavailable,,
350280536,2026-05-11T23:57:09+00:00,Unavailable,,
350288650,2026-05-11T23:57:09+00:00,Unavailable,,
350288664,2026-05-11T23:57:09+00:00,Unavailable,,
350288680,2026-05-11T23:57:09+00:00,Unavailable,,
350288691,2026-05-11T23:57:09+00:00,Unavailable,,
350288702,2026-05-11T23:57:09+00:00,Unavailable,,
350288713,2026-05-11T23:57:09+00:00,Unavailable,,
350288724,2026-05-11T23:57:09+00:00,Unavailable,,
350288737,2026-05-11T23:57:09+00:00,Unavailable,,
350288748,2026-05-11T23:57:09+00:00,Unavailable,,
350288759,2026-05-11T23:57:09+00:00,Unavailable,,
350288770,2026-05-11T23:57:09+00:00,Unavailable,,
350288781,2026-05-11T23:57:09+00:00,Unavailable,,
350288792,2026-05-11T23:57:09+00:00,Unavailable,,
350288804,2026-05-11T23:57:09+00:00,Unavailable,,
350288815,2026-05-11T23:57:09+00:00,Unavailable,,
350288826,2026-05-11T23:57:09+00:00,Unavailable,,
350288837,2026-05-11T23:57:09+00:00,Unavailable,,
350288848,2026-05-11T23:57:09+00:00,Unavailable,,
350288859,2026-05-11T23:57:09+00:00,Unavailable,,
350288870,2026-05-11T23:57:09+00:00,Unavailable,,
350288881,2026-05-11T23:57:09+00:00,Unavailable,,
350288892,2026-05-11T23:57:09+00:00,Unavailable,,
350288903,2026-05-11T23:57:09+00:00,Unavailable,,
350288914,2026-05-11T23:57:09+00:00,Unavailable,,
350288925,2026-05-11T23:57:09+00:00,Unavailable,,
350288937,2026-05-11T23:57:09+00:00,Unavailable,,
350288948,2026-05-11T23:57:09+00:00,Unavailable,,
350288959,2026-05-11T23:57:09+00:00,Unavailable,,
350288970,2026-05-11T23:57:09+00:00,Unavailable,,
350288981,2026-05-11T23:57:09+00:00,Unavailable,,
350288992,2026-05-11T23:57:09+00:00,Unavailable,,
350289003,2026-05-11T23:57:09+00:00,Unavailable,,
350289014,2026-05-11T23:57:09+00:00,Unavailable,,
350289048,2026-05-11T23:57:09+00:00,Unavailable,,
350289060,2026-05-11T23:57:09+00:00,Unavailable,,
350289071,2026-05-11T23:57:09+00:00,Unavailable,,
350289082,2026-05-11T23:57:09+00:00,Unavailable,,
350289093,2026-05-11T23:57:09+00:00,Unavailable,,
350289104,2026-05-11T23:57:09+00:00,Unavailable,,
350289115,2026-05-11T23:57:09+00:00,Unavailable,,
350289126,2026-05-11T23:57:09+00:00,Unavailable,,
350289137,2026-05-11T23:57:09+00:00,Unavailable,,
350289148,2026-05-11T23:57:09+00:00,Unavailable,,
350289159,2026-05-11T23:57:09+00:00,Unavailable,,
350289170,2026-05-11T23:57:09+00:00,Unavailable,,
350289181,2026-05-11T23:57:09+00:00,Unavailable,,
350289192,2026-05-11T23:57:09+00:00,Unavailable,,
350289203,2026-05-11T23:57:09+00:00,Unavailable,,
350289214,2026-05-11T23:57:09+00:00,Unavailable,,
350289226,2026-05-11T23:57:09+00:00,Unavailable,,
350289237,2026-05-11T23:57:09+00:00,Unavailable,,
350289248,2026-05-11T23:57:09+00:00,Unavailable,,
350289260,2026-05-11T23:57:09+00:00,Unavailable,,
350289271,2026-05-11T23:57:09+00:00,Unavailable,,
350289282,2026-05-11T23:57:09+00:00,Unavailable,,
350289293,2026-05-11T23:57:09+00:00,Unavailable,,
350289304,2026-05-11T23:57:09+00:00,Unavailable,,
350289315,2026-05-11T23:57:09+00:00,Unavailable,,
350289326,2026-05-11T23:57:09+00:00,Unavailable,,
350289337,2026-05-11T23:57:09+00:00,Unavailable,,
350289348,2026-05-11T23:57:09+00:00,Unavailable,,
350289359,2026-05-11T23:57:09+00:00,Unavailable,,
350289370,2026-05-11T23:57:09+00:00,Unavailable,,
350289381,2026-05-11T23:57:09+00:00,Unavailable,,
350289392,2026-05-11T23:57:09+00:00,Unavailable,,
350289404,2026-05-11T23:57:09+00:00,Unavailable,,
351070164,2026-05-11T23:57:09+00:00,Unavailable,,
351073176,2026-05-11T23:57:09+00:00,Unavailable,,
353250216,2026-05-11T23:57:09+00:00,Unavailable,,
364658017,2026-05-11T23:57:09+00:00,Unavailable,,
350216376,2026-05-12T04:56:40+00:00,Unavailable,,
350216387,2026-05-12T04:56:40+00:00,Unavailable,,
350216398,2026-05-12T04:56:40+00:00,Unavailable,,
350216409,2026-05-12T04:56:40+00:00,Unavailable,,
350216431,2026-05-12T04:56:40+00:00,Unavailable,,
350216442,2026-05-12T04:56:40+00:00,Unavailable,,
350216453,2026-05-12T04:56:40+00:00,Unavailable,,
350216465,2026-05-12T04:56:40+00:00,Unavailable,,
350216476,2026-05-12T04:56:40+00:00,Unavailable,,
350216487,2026-05-12T04:56:40+00:00,Unavailable,,
350216498,2026-05-12T04:56:40+00:00,Unavailable,,
350216509,2026-05-12T04:56:40+00:00,Unavailable,,
350216520,2026-05-12T04:56:40+00:00,Unavailable,,
350216542,2026-05-12T04:56:40+00:00,Unavailable,,
350216553,2026-05-12T04:56:40+00:00,Unavailable,,
350216564,2026-05-12T04:56:40+00:00,Unavailable,,
350216575,2026-05-12T04:56:40+00:00,Unavailable,,
350216586,2026-05-12T04:56:40+00:00,Unavailable,,
350216597,2026-05-12T04:56:40+00:00,Unavailable,,
350216608,2026-05-12T04:56:40+00:00,Unavailable,,
350216619,2026-05-12T04:56:40+00:00,Unavailable,,
350216630,2026-05-12T04:56:40+00:00,Unavailable,,
350216652,2026-05-12T04:56:40+00:00,Unavailable,,
350216663,2026-05-12T04:56:40+00:00,Unavailable,,
350216674,2026-05-12T04:56:40+00:00,Unavailable,,
350216685,2026-05-12T04:56:40+00:00,Unavailable,,
350216696,2026-05-12T04:56:40+00:00,Unavailable,,
350216707,2026-05-12T04:56:40+00:00,Unavailable,,
350216718,2026-05-12T04:56:40+00:00,Unavailable,,
350216729,2026-05-12T04:56:40+00:00,Unavailable,,
350216740,2026-05-12T04:56:40+00:00,Unavailable,,
350216751,2026-05-12T04:56:40+00:00,Unavailable,,
350216762,2026-05-12T04:56:40+00:00,Unavailable,,
350216773,2026-05-12T04:56:40+00:00,Unavailable,,
350216784,2026-05-12T04:56:40+00:00,Unavailable,,
350216795,2026-05-12T04:56:40+00:00,Unavailable,,
350216806,2026-05-12T04:56:40+00:00,Unavailable,,
350216817,2026-05-12T04:56:40+00:00,Unavailable,,
350216828,2026-05-12T04:56:40+00:00,Unavailable,,
350216839,2026-05-12T04:56:40+00:00,Unavailable,,
350216850,2026-05-12T04:56:40+00:00,Unavailable,,
350216861,2026-05-12T04:56:40+00:00,Unavailable,,
350216872,2026-05-12T04:56:40+00:00,Unavailable,,
350216884,2026-05-12T04:56:40+00:00,Unavailable,,
350216895,2026-05-12T04:56:40+00:00,Unavailable,,
350216906,2026-05-12T04:56:40+00:00,Unavailable,,
350216917,2026-05-12T04:56:40+00:00,Unavailable,,
350216928,2026-05-12T04:56:40+00:00,Unavailable,,
350216939,2026-05-12T04:56:40+00:00,Unavailable,,
350216950,2026-05-12T04:56:40+00:00,Unavailable,,
350216961,2026-05-12T04:56:40+00:00,Unavailable,,
350216972,2026-05-12T04:56:40+00:00,Unavailable,,
350216994,2026-05-12T04:56:40+00:00,Unavailable,,
350217005,2026-05-12T04:56:40+00:00,Unavailable,,
350217016,2026-05-12T04:56:40+00:00,Unavailable,,
350217027,2026-05-12T04:56:40+00:00,Unavailable,,
350217049,2026-05-12T04:56:40+00:00,Unavailable,,
350217071,2026-05-12T04:56:40+00:00,Unavailable,,
350217083,2026-05-12T04:56:40+00:00,Unavailable,,
350217105,2026-05-12T04:56:40+00:00,Unavailable,,
350217117,2026-05-12T04:56:40+00:00,Unavailable,,
350217128,2026-05-12T04:56:40+00:00,Unavailable,,
350217150,2026-05-12T04:56:40+00:00,Unavailable,,
350217162,2026-05-12T04:56:40+00:00,Unavailable,,
350217174,2026-05-12T04:56:40+00:00,Unavailable,,
350217185,2026-05-12T04:56:40+00:00,Unavailable,,
350217207,2026-05-12T04:56:40+00:00,Unavailable,,
350217218,2026-05-12T04:56:40+00:00,Unavailable,,
350217240,2026-05-12T04:56:40+00:00,Unavailable,,
350217251,2026-05-12T04:56:40+00:00,Unavailable,,
350217262,2026-05-12T04:56:40+00:00,Unavailable,,
350217273,2026-05-12T04:56:40+00:00,Unavailable,,
350217284,2026-05-12T04:56:40+00:00,Unavailable,,
350217295,2026-05-12T04:56:40+00:00,Unavailable,,
350217306,2026-05-12T04:56:40+00:00,Unavailable,,
350217317,2026-05-12T04:56:40+00:00,Unavailable,,
350217339,2026-05-12T04:56:40+00:00,Unavailable,,
350217353,2026-05-12T04:56:40+00:00,Unavailable,,
350217366,2026-05-12T04:56:40+00:00,Unavailable,,
350217379,2026-05-12T04:56:40+00:00,Unavailable,,
350217393,2026-05-12T04:56:40+00:00,Unavailable,,
350217404,2026-05-12T04:56:40+00:00,Unavailable,,
350217415,2026-05-12T04:56:40+00:00,Unavailable,,
350217426,2026-05-12T04:56:40+00:00,Unavailable,,
350217437,2026-05-12T04:56:40+00:00,Unavailable,,
350217448,2026-05-12T04:56:40+00:00,Unavailable,,
350732033,2026-05-12T04:56:40+00:00,Unavailable,,
350739304,2026-05-12T04:56:40+00:00,Unavailable,,
350740400,2026-05-12T04:56:40+00:00,Unavailable,,
350740938,2026-05-12T04:56:40+00:00,Unavailable,,
350741533,2026-05-12T04:56:40+00:00,Unavailable,,
350741599,2026-05-12T04:56:40+00:00,Unavailable,,
364675943,2026-05-12T04:56:40+00:00,Unavailable,,
364677421,2026-05-12T04:56:40+00:00,Unavailable,,
364677693,2026-05-12T04:56:40+00:00,Unavailable,,
364678079,2026-05-12T04:56:40+00:00,Unavailable,,
350200801,2026-05-12T04:56:43+00:00,Unavailable,,
350200813,2026-05-12T04:56:43+00:00,Unavailable,,
350200824,2026-05-12T04:56:43+00:00,Unavailable,,
350200836,2026-05-12T04:56:43+00:00,Unavailable,,
350200847,2026-05-12T04:56:43+00:00,Unavailable,,
350200858,2026-05-12T04:56:43+00:00,Unavailable,,
350200869,2026-05-12T04:56:43+00:00,Unavailable,,
350200880,2026-05-12T04:56:43+00:00,Unavailable,,
350200891,2026-05-12T04:56:43+00:00,Unavailable,,
350200902,2026-05-12T04:56:43+00:00,Unavailable,,
350200913,2026-05-12T04:56:43+00:00,Unavailable,,
350200924,2026-05-12T04:56:43+00:00,Unavailable,,
350200935,2026-05-12T04:56:43+00:00,Unavailable,,
350200946,2026-05-12T04:56:43+00:00,Unavailable,,
350200957,2026-05-12T04:56:43+00:00,Unavailable,,
350200968,2026-05-12T04:56:43+00:00,Unavailable,,
350200979,2026-05-12T04:56:43+00:00,Unavailable,,
350200990,2026-05-12T04:56:43+00:00,Unavailable,,
350201001,2026-05-12T04:56:43+00:00,Unavailable,,
350201012,2026-05-12T04:56:43+00:00,Unavailable,,
350201023,2026-05-12T04:56:43+00:00,Unavailable,,
350201034,2026-05-12T04:56:43+00:00,Unavailable,,
350201045,2026-05-12T04:56:43+00:00,Unavailable,,
350201058,2026-05-12T04:56:43+00:00,Unavailable,,
350201069,2026-05-12T04:56:43+00:00,Unavailable,,
350201080,2026-05-12T04:56:43+00:00,Unavailable,,
350201091,2026-05-12T04:56:43+00:00,Unavailable,,
350201102,2026-05-12T04:56:43+00:00,Unavailable,,
350201113,2026-05-12T04:56:43+00:00,Unavailable,,
350201124,2026-05-12T04:56:43+00:00,Unavailable,,
350201135,2026-05-12T04:56:43+00:00,Unavailable,,
350201146,2026-05-12T04:56:43+00:00,Unavailable,,
350201157,2026-05-12T04:56:43+00:00,Unavailable,,
350201170,2026-05-12T04:56:43+00:00,Unavailable,,
350201182,2026-05-12T04:56:43+00:00,Unavailable,,
350201193,2026-05-12T04:56:43+00:00,Unavailable,,
350201205,2026-05-12T04:56:43+00:00,Unavailable,,
350201216,2026-05-12T04:56:43+00:00,Unavailable,,
350201227,2026-05-12T04:56:43+00:00,Unavailable,,
350201238,2026-05-12T04:56:43+00:00,Unavailable,,
350201249,2026-05-12T04:56:43+00:00,Unavailable,,
350201260,2026-05-12T04:56:43+00:00,Unavailable,,
350201271,2026-05-12T04:56:43+00:00,Unavailable,,
350201283,2026-05-12T04:56:43+00:00,Unavailable,,
350201294,2026-05-12T04:56:43+00:00,Unavailable,,
350201305,2026-05-12T04:56:43+00:00,Unavailable,,
350201316,2026-05-12T04:56:43+00:00,Unavailable,,
350201327,2026-05-12T04:56:43+00:00,Unavailable,,
350201338,2026-05-12T04:56:43+00:00,Unavailable,,
350201349,2026-05-12T04:56:43+00:00,Unavailable,,
350201360,2026-05-12T04:56:43+00:00,Unavailable,,
350201371,2026-05-12T04:56:43+00:00,Unavailable,,
350201382,2026-05-12T04:56:43+00:00,Unavailable,,
350201393,2026-05-12T04:56:43+00:00,Unavailable,,
350201404,2026-05-12T04:56:43+00:00,Unavailable,,
350201415,2026-05-12T04:56:43+00:00,Unavailable,,
350201426,2026-05-12T04:56:43+00:00,Unavailable,,
350201437,2026-05-12T04:56:43+00:00,Unavailable,,
350201448,2026-05-12T04:56:43+00:00,Unavailable,,
350201459,2026-05-12T04:56:43+00:00,Unavailable,,
350201470,2026-05-12T04:56:43+00:00,Unavailable,,
350201481,2026-05-12T04:56:43+00:00,Unavailable,,
350201492,2026-05-12T04:56:43+00:00,Unavailable,,
350201503,2026-05-12T04:56:43+00:00,Unavailable,,
350201514,2026-05-12T04:56:43+00:00,Unavailable,,
350201525,2026-05-12T04:56:43+00:00,Unavailable,,
350201536,2026-05-12T04:56:43+00:00,Unavailable,,
350201547,2026-05-12T04:56:43+00:00,Unavailable,,
350201558,2026-05-12T04:56:43+00:00,Unavailable,,
350201569,2026-05-12T04:56:43+00:00,Unavailable,,
350201580,2026-05-12T04:56:43+00:00,Unavailable,,
350201591,2026-05-12T04:56:43+00:00,Unavailable,,
350201602,2026-05-12T04:56:43+00:00,Unavailable,,
350201613,2026-05-12T04:56:43+00:00,Unavailable,,
350201624,2026-05-12T04:56:43+00:00,Unavailable,,
350201635,2026-05-12T04:56:43+00:00,Unavailable,,
350201646,2026-05-12T04:56:43+00:00,Unavailable,,
350201657,2026-05-12T04:56:43+00:00,Unavailable,,
350201668,2026-05-12T04:56:43+00:00,Unavailable,,
350201679,2026-05-12T04:56:43+00:00,Unavailable,,
350201690,2026-05-12T04:56:43+00:00,Unavailable,,
350201701,2026-05-12T04:56:43+00:00,Unavailable,,
350201712,2026-05-12T04:56:43+00:00,Unavailable,,
350201723,2026-05-12T04:56:43+00:00,Unavailable,,
350201735,2026-05-12T04:56:43+00:00,Unavailable,,
350201746,2026-05-12T04:56:43+00:00,Unavailable,,
350201757,2026-05-12T04:56:43+00:00,Unavailable,,
350201768,2026-05-12T04:56:43+00:00,Unavailable,,
350201779,2026-05-12T04:56:43+00:00,Unavailable,,
350201790,2026-05-12T04:56:43+00:00,Unavailable,,
350201801,2026-05-12T04:56:43+00:00,Unavailable,,
350201812,2026-05-12T04:56:43+00:00,Unavailable,,
350201823,2026-05-12T04:56:43+00:00,Unavailable,,
350201834,2026-05-12T04:56:43+00:00,Unavailable,,
350201845,2026-05-12T04:56:43+00:00,Unavailable,,
350201856,2026-05-12T04:56:43+00:00,Unavailable,,
350201867,2026-05-12T04:56:43+00:00,Unavailable,,
350201879,2026-05-12T04:56:43+00:00,Unavailable,,
350201890,2026-05-12T04:56:43+00:00,Unavailable,,
350201901,2026-05-12T04:56:43+00:00,Unavailable,,
350201912,2026-05-12T04:56:43+00:00,Unavailable,,
350201924,2026-05-12T04:56:43+00:00,Unavailable,,
350201935,2026-05-12T04:56:43+00:00,Unavailable,,
350201947,2026-05-12T04:56:43+00:00,Unavailable,,
350201958,2026-05-12T04:56:43+00:00,Unavailable,,
350201969,2026-05-12T04:56:43+00:00,Unavailable,,
350201980,2026-05-12T04:56:43+00:00,Unavailable,,
350201991,2026-05-12T04:56:43+00:00,Unavailable,,
350202003,2026-05-12T04:56:43+00:00,Unavailable,,
350202018,2026-05-12T04:56:43+00:00,Unavailable,,
350202032,2026-05-12T04:56:43+00:00,Unavailable,,
350202045,2026-05-12T04:56:43+00:00,Unavailable,,
350202056,2026-05-12T04:56:43+00:00,Unavailable,,
350202069,2026-05-12T04:56:43+00:00,Unavailable,,
350202080,2026-05-12T04:56:43+00:00,Unavailable,,
350202091,2026-05-12T04:56:43+00:00,Unavailable,,
350202102,2026-05-12T04:56:43+00:00,Unavailable,,
350202113,2026-05-12T04:56:43+00:00,Unavailable,,
350202124,2026-05-12T04:56:43+00:00,Unavailable,,
350202135,2026-05-12T04:56:43+00:00,Unavailable,,
350202146,2026-05-12T04:56:43+00:00,Unavailable,,
350202157,2026-05-12T04:56:43+00:00,Unavailable,,
350202168,2026-05-12T04:56:43+00:00,Unavailable,,
350202180,2026-05-12T04:56:43+00:00,Unavailable,,
350202191,2026-05-12T04:56:43+00:00,Unavailable,,
350202202,2026-05-12T04:56:43+00:00,Unavailable,,
350202213,2026-05-12T04:56:43+00:00,Unavailable,,
350202224,2026-05-12T04:56:43+00:00,Unavailable,,
350202235,2026-05-12T04:56:43+00:00,Unavailable,,
350202246,2026-05-12T04:56:43+00:00,Unavailable,,
350202257,2026-05-12T04:56:43+00:00,Unavailable,,
350202268,2026-05-12T04:56:43+00:00,Unavailable,,
350202279,2026-05-12T04:56:43+00:00,Unavailable,,
350202290,2026-05-12T04:56:43+00:00,Unavailable,,
350202301,2026-05-12T04:56:43+00:00,Unavailable,,
350202312,2026-05-12T04:56:43+00:00,Unavailable,,
350202323,2026-05-12T04:56:43+00:00,Unavailable,,
350202334,2026-05-12T04:56:43+00:00,Unavailable,,
350202347,2026-05-12T04:56:43+00:00,Unavailable,,
350202361,2026-05-12T04:56:43+00:00,Unavailable,,
350202372,2026-05-12T04:56:43+00:00,Unavailable,,
350202383,2026-05-12T04:56:43+00:00,Unavailable,,
350202394,2026-05-12T04:56:43+00:00,Unavailable,,
350202406,2026-05-12T04:56:43+00:00,Unavailable,,
350202417,2026-05-12T04:56:43+00:00,Unavailable,,
350202429,2026-05-12T04:56:43+00:00,Unavailable,,
350202440,2026-05-12T04:56:43+00:00,Unavailable,,
350202451,2026-05-12T04:56:43+00:00,Unavailable,,
350202462,2026-05-12T04:56:43+00:00,Unavailable,,
350202473,2026-05-12T04:56:43+00:00,Unavailable,,
350202484,2026-05-12T04:56:43+00:00,Unavailable,,
350202495,2026-05-12T04:56:43+00:00,Unavailable,,
350202506,2026-05-12T04:56:43+00:00,Unavailable,,
350202517,2026-05-12T04:56:43+00:00,Unavailable,,
350202528,2026-05-12T04:56:43+00:00,Unavailable,,
350202539,2026-05-12T04:56:43+00:00,Unavailable,,
350202551,2026-05-12T04:56:43+00:00,Unavailable,,
350202562,2026-05-12T04:56:43+00:00,Unavailable,,
350202573,2026-05-12T04:56:43+00:00,Unavailable,,
350202584,2026-05-12T04:56:43+00:00,Unavailable,,
350202595,2026-05-12T04:56:43+00:00,Unavailable,,
350202607,2026-05-12T04:56:43+00:00,Unavailable,,
350202618,2026-05-12T04:56:43+00:00,Unavailable,,
350202631,2026-05-12T04:56:43+00:00,Unavailable,,
350202642,2026-05-12T04:56:43+00:00,Unavailable,,
350202654,2026-05-12T04:56:43+00:00,Unavailable,,
350202665,2026-05-12T04:56:43+00:00,Unavailable,,
350202676,2026-05-12T04:56:43+00:00,Unavailable,,
350202687,2026-05-12T04:56:43+00:00,Unavailable,,
350202698,2026-05-12T04:56:43+00:00,Unavailable,,
350202709,2026-05-12T04:56:43+00:00,Unavailable,,
350202720,2026-05-12T04:56:43+00:00,Unavailable,,
350202731,2026-05-12T04:56:43+00:00,Unavailable,,
350202742,2026-05-12T04:56:43+00:00,Unavailable,,
350202753,2026-05-12T04:56:43+00:00,Unavailable,,
350202764,2026-05-12T04:56:43+00:00,Unavailable,,
350202775,2026-05-12T04:56:43+00:00,Unavailable,,
350202786,2026-05-12T04:56:43+00:00,Unavailable,,
350202797,2026-05-12T04:56:43+00:00,Unavailable,,
350202808,2026-05-12T04:56:43+00:00,Unavailable,,
350202819,2026-05-12T04:56:43+00:00,Unavailable,,
350202830,2026-05-12T04:56:43+00:00,Unavailable,,
350202841,2026-05-12T04:56:43+00:00,Unavailable,,
350202852,2026-05-12T04:56:43+00:00,Unavailable,,
350202863,2026-05-12T04:56:43+00:00,Unavailable,,
350202874,2026-05-12T04:56:43+00:00,Unavailable,,
350202885,2026-05-12T04:56:43+00:00,Unavailable,,
350202896,2026-05-12T04:56:43+00:00,Unavailable,,
350202908,2026-05-12T04:56:43+00:00,Unavailable,,
350202919,2026-05-12T04:56:43+00:00,Unavailable,,
350202930,2026-05-12T04:56:43+00:00,Unavailable,,
350202941,2026-05-12T04:56:43+00:00,Unavailable,,
350202952,2026-05-12T04:56:43+00:00,Unavailable,,
350202963,2026-05-12T04:56:43+00:00,Unavailable,,
350202974,2026-05-12T04:56:43+00:00,Unavailable,,
350202985,2026-05-12T04:56:43+00:00,Unavailable,,
350202996,2026-05-12T04:56:43+00:00,Unavailable,,
350203007,2026-05-12T04:56:43+00:00,Unavailable,,
350203018,2026-05-12T04:56:43+00:00,Unavailable,,
350203029,2026-05-12T04:56:43+00:00,Unavailable,,
350203040,2026-05-12T04:56:43+00:00,Unavailable,,
350203051,2026-05-12T04:56:43+00:00,Unavailable,,
350203062,2026-05-12T04:56:43+00:00,Unavailable,,
350203073,2026-05-12T04:56:43+00:00,Unavailable,,
350203084,2026-05-12T04:56:43+00:00,Unavailable,,
350203095,2026-05-12T04:56:43+00:00,Unavailable,,
350203106,2026-05-12T04:56:43+00:00,Unavailable,,
350203117,2026-05-12T04:56:43+00:00,Unavailable,,
350203128,2026-05-12T04:56:43+00:00,Unavailable,,
350203139,2026-05-12T04:56:43+00:00,Unavailable,,
350203150,2026-05-12T04:56:43+00:00,Unavailable,,
350203162,2026-05-12T04:56:43+00:00,Unavailable,,
350203173,2026-05-12T04:56:43+00:00,Unavailable,,
350203184,2026-05-12T04:56:43+00:00,Unavailable,,
350203195,2026-05-12T04:56:43+00:00,Unavailable,,
350203206,2026-05-12T04:56:43+00:00,Unavailable,,
350203217,2026-05-12T04:56:43+00:00,Unavailable,,
350203228,2026-05-12T04:56:43+00:00,Unavailable,,
350203239,2026-05-12T04:56:43+00:00,Unavailable,,
350203250,2026-05-12T04:56:43+00:00,Unavailable,,
350203261,2026-05-12T04:56:43+00:00,Unavailable,,
350203272,2026-05-12T04:56:43+00:00,Unavailable,,
350203283,2026-05-12T04:56:43+00:00,Unavailable,,
350203294,2026-05-12T04:56:43+00:00,Unavailable,,
350203305,2026-05-12T04:56:43+00:00,Unavailable,,
350203316,2026-05-12T04:56:43+00:00,Unavailable,,
350203327,2026-05-12T04:56:43+00:00,Unavailable,,
350203338,2026-05-12T04:56:43+00:00,Unavailable,,
350203349,2026-05-12T04:56:43+00:00,Unavailable,,
350203360,2026-05-12T04:56:43+00:00,Unavailable,,
350203371,2026-05-12T04:56:43+00:00,Unavailable,,
350203383,2026-05-12T04:56:43+00:00,Unavailable,,
350203394,2026-05-12T04:56:43+00:00,Unavailable,,
350203405,2026-05-12T04:56:43+00:00,Unavailable,,
350203416,2026-05-12T04:56:43+00:00,Unavailable,,
350203427,2026-05-12T04:56:43+00:00,Unavailable,,
350203438,2026-05-12T04:56:43+00:00,Unavailable,,
350203449,2026-05-12T04:56:43+00:00,Unavailable,,
350203460,2026-05-12T04:56:43+00:00,Unavailable,,
350203472,2026-05-12T04:56:43+00:00,Unavailable,,
350203483,2026-05-12T04:56:43+00:00,Unavailable,,
350203494,2026-05-12T04:56:43+00:00,Unavailable,,
350203505,2026-05-12T04:56:43+00:00,Unavailable,,
350203516,2026-05-12T04:56:43+00:00,Unavailable,,
350203527,2026-05-12T04:56:43+00:00,Unavailable,,
350203538,2026-05-12T04:56:43+00:00,Unavailable,,
350203549,2026-05-12T04:56:43+00:00,Unavailable,,
350203560,2026-05-12T04:56:43+00:00,Unavailable,,
350203571,2026-05-12T04:56:43+00:00,Unavailable,,
350203593,2026-05-12T04:56:43+00:00,Unavailable,,
355173402,2026-05-12T04:56:43+00:00,Unavailable,,
350223957,2026-05-12T04:56:52+00:00,Unavailable,,
350223971,2026-05-12T04:56:52+00:00,Unavailable,,
350223985,2026-05-12T04:56:52+00:00,Unavailable,,
350223999,2026-05-12T04:56:52+00:00,Unavailable,,
350224011,2026-05-12T04:56:52+00:00,Unavailable,,
350224022,2026-05-12T04:56:52+00:00,Unavailable,,
350224033,2026-05-12T04:56:52+00:00,Unavailable,,
350224044,2026-05-12T04:56:52+00:00,Unavailable,,
350224055,2026-05-12T04:56:52+00:00,Unavailable,,
350224066,2026-05-12T04:56:52+00:00,Unavailable,,
350224077,2026-05-12T04:56:52+00:00,Unavailable,,
350224088,2026-05-12T04:56:52+00:00,Unavailable,,
350224102,2026-05-12T04:56:52+00:00,Unavailable,,
350224116,2026-05-12T04:56:52+00:00,Unavailable,,
350224130,2026-05-12T04:56:52+00:00,Unavailable,,
350224144,2026-05-12T04:56:52+00:00,Unavailable,,
350224158,2026-05-12T04:56:52+00:00,Unavailable,,
350224172,2026-05-12T04:56:52+00:00,Unavailable,,
350224186,2026-05-12T04:56:52+00:00,Unavailable,,
350224200,2026-05-12T04:56:52+00:00,Unavailable,,
350224214,2026-05-12T04:56:52+00:00,Unavailable,,
350224228,2026-05-12T04:56:52+00:00,Unavailable,,
350224239,2026-05-12T04:56:52+00:00,Unavailable,,
350224250,2026-05-12T04:56:52+00:00,Unavailable,,
350224261,2026-05-12T04:56:52+00:00,Unavailable,,
350224272,2026-05-12T04:56:52+00:00,Unavailable,,
350224283,2026-05-12T04:56:52+00:00,Unavailable,,
350224294,2026-05-12T04:56:52+00:00,Unavailable,,
350224305,2026-05-12T04:56:52+00:00,Unavailable,,
350224317,2026-05-12T04:56:52+00:00,Unavailable,,
350224328,2026-05-12T04:56:52+00:00,Unavailable,,
350224339,2026-05-12T04:56:52+00:00,Unavailable,,
350224350,2026-05-12T04:56:52+00:00,Unavailable,,
350224361,2026-05-12T04:56:52+00:00,Unavailable,,
350224372,2026-05-12T04:56:52+00:00,Unavailable,,
350224386,2026-05-12T04:56:52+00:00,Unavailable,,
350224401,2026-05-12T04:56:52+00:00,Unavailable,,
350224416,2026-05-12T04:56:52+00:00,Unavailable,,
350224433,2026-05-12T04:56:52+00:00,Unavailable,,
350224444,2026-05-12T04:56:52+00:00,Unavailable,,
350224455,2026-05-12T04:56:52+00:00,Unavailable,,
350224466,2026-05-12T04:56:52+00:00,Unavailable,,
350224477,2026-05-12T04:56:52+00:00,Unavailable,,
350224489,2026-05-12T04:56:52+00:00,Unavailable,,
350224500,2026-05-12T04:56:52+00:00,Unavailable,,
350224511,2026-05-12T04:56:52+00:00,Unavailable,,
350224522,2026-05-12T04:56:52+00:00,Unavailable,,
350224533,2026-05-12T04:56:52+00:00,Unavailable,,
350224544,2026-05-12T04:56:52+00:00,Unavailable,,
350224555,2026-05-12T04:56:52+00:00,Unavailable,,
350224566,2026-05-12T04:56:52+00:00,Unavailable,,
350224577,2026-05-12T04:56:52+00:00,Unavailable,,
350224588,2026-05-12T04:56:52+00:00,Unavailable,,
350224599,2026-05-12T04:56:52+00:00,Unavailable,,
350224612,2026-05-12T04:56:52+00:00,Unavailable,,
350224623,2026-05-12T04:56:52+00:00,Unavailable,,
350224634,2026-05-12T04:56:52+00:00,Unavailable,,
350224645,2026-05-12T04:56:52+00:00,Unavailable,,
350224658,2026-05-12T04:56:52+00:00,Unavailable,,
350224669,2026-05-12T04:56:52+00:00,Unavailable,,
350224680,2026-05-12T04:56:52+00:00,Unavailable,,
350224692,2026-05-12T04:56:52+00:00,Unavailable,,
350224703,2026-05-12T04:56:52+00:00,Unavailable,,
350224714,2026-05-12T04:56:52+00:00,Unavailable,,
350224725,2026-05-12T04:56:52+00:00,Unavailable,,
350224738,2026-05-12T04:56:52+00:00,Unavailable,,
350224749,2026-05-12T04:56:52+00:00,Unavailable,,
350224760,2026-05-12T04:56:52+00:00,Unavailable,,
350224771,2026-05-12T04:56:52+00:00,Unavailable,,
350224782,2026-05-12T04:56:52+00:00,Unavailable,,
350224793,2026-05-12T04:56:52+00:00,Unavailable,,
350224804,2026-05-12T04:56:52+00:00,Unavailable,,
350224815,2026-05-12T04:56:52+00:00,Unavailable,,
350224826,2026-05-12T04:56:52+00:00,Unavailable,,
350224837,2026-05-12T04:56:52+00:00,Unavailable,,
350224848,2026-05-12T04:56:52+00:00,Unavailable,,
350224859,2026-05-12T04:56:52+00:00,Unavailable,,
350224873,2026-05-12T04:56:52+00:00,Unavailable,,
350224887,2026-05-12T04:56:52+00:00,Unavailable,,
350224901,2026-05-12T04:56:52+00:00,Unavailable,,
350224915,2026-05-12T04:56:52+00:00,Unavailable,,
350224929,2026-05-12T04:56:52+00:00,Unavailable,,
350224940,2026-05-12T04:56:52+00:00,Unavailable,,
350224951,2026-05-12T04:56:52+00:00,Unavailable,,
350224962,2026-05-12T04:56:52+00:00,Unavailable,,
350224973,2026-05-12T04:56:52+00:00,Unavailable,,
350224985,2026-05-12T04:56:52+00:00,Unavailable,,
350224996,2026-05-12T04:56:52+00:00,Unavailable,,
350225008,2026-05-12T04:56:52+00:00,Unavailable,,
350225019,2026-05-12T04:56:52+00:00,Unavailable,,
350225030,2026-05-12T04:56:52+00:00,Unavailable,,
350225041,2026-05-12T04:56:52+00:00,Unavailable,,
350225053,2026-05-12T04:56:52+00:00,Unavailable,,
350225064,2026-05-12T04:56:52+00:00,Unavailable,,
350225075,2026-05-12T04:56:52+00:00,Unavailable,,
350225086,2026-05-12T04:56:52+00:00,Unavailable,,
350225097,2026-05-12T04:56:52+00:00,Unavailable,,
350225108,2026-05-12T04:56:52+00:00,Unavailable,,
350225119,2026-05-12T04:56:52+00:00,Unavailable,,
350225130,2026-05-12T04:56:52+00:00,Unavailable,,
350225141,2026-05-12T04:56:52+00:00,Unavailable,,
350225163,2026-05-12T04:56:52+00:00,Unavailable,,
350225174,2026-05-12T04:56:52+00:00,Unavailable,,
350225185,2026-05-12T04:56:52+00:00,Unavailable,,
350225196,2026-05-12T04:56:52+00:00,Unavailable,,
350225207,2026-05-12T04:56:52+00:00,Unavailable,,
350225218,2026-05-12T04:56:52+00:00,Unavailable,,
350225229,2026-05-12T04:56:52+00:00,Unavailable,,
350225240,2026-05-12T04:56:52+00:00,Unavailable,,
350225251,2026-05-12T04:56:52+00:00,Unavailable,,
350225262,2026-05-12T04:56:52+00:00,Unavailable,,
350225273,2026-05-12T04:56:52+00:00,Unavailable,,
350225285,2026-05-12T04:56:52+00:00,Unavailable,,
350225296,2026-05-12T04:56:52+00:00,Unavailable,,
350225307,2026-05-12T04:56:52+00:00,Unavailable,,
350225318,2026-05-12T04:56:52+00:00,Unavailable,,
350225329,2026-05-12T04:56:52+00:00,Unavailable,,
350225341,2026-05-12T04:56:52+00:00,Unavailable,,
350225352,2026-05-12T04:56:52+00:00,Unavailable,,
350225363,2026-05-12T04:56:52+00:00,Unavailable,,
350225375,2026-05-12T04:56:52+00:00,Unavailable,,
350225387,2026-05-12T04:56:52+00:00,Unavailable,,
350225401,2026-05-12T04:56:52+00:00,Unavailable,,
350225415,2026-05-12T04:56:52+00:00,Unavailable,,
350225429,2026-05-12T04:56:52+00:00,Unavailable,,
350225443,2026-05-12T04:56:52+00:00,Unavailable,,
350225457,2026-05-12T04:56:52+00:00,Unavailable,,
350225471,2026-05-12T04:56:52+00:00,Unavailable,,
350225485,2026-05-12T04:56:52+00:00,Unavailable,,
350225496,2026-05-12T04:56:52+00:00,Unavailable,,
350225507,2026-05-12T04:56:52+00:00,Unavailable,,
350225518,2026-05-12T04:56:52+00:00,Unavailable,,
350225529,2026-05-12T04:56:52+00:00,Unavailable,,
350225540,2026-05-12T04:56:52+00:00,Unavailable,,
350225551,2026-05-12T04:56:52+00:00,Unavailable,,
350225562,2026-05-12T04:56:52+00:00,Unavailable,,
350225573,2026-05-12T04:56:52+00:00,Unavailable,,
350225584,2026-05-12T04:56:52+00:00,Unavailable,,
350225596,2026-05-12T04:56:52+00:00,Unavailable,,
350225607,2026-05-12T04:56:52+00:00,Unavailable,,
350225618,2026-05-12T04:56:52+00:00,Unavailable,,
350225629,2026-05-12T04:56:52+00:00,Unavailable,,
350225640,2026-05-12T04:56:52+00:00,Unavailable,,
350225651,2026-05-12T04:56:52+00:00,Unavailable,,
350225663,2026-05-12T04:56:52+00:00,Unavailable,,
350225674,2026-05-12T04:56:52+00:00,Unavailable,,
350225688,2026-05-12T04:56:52+00:00,Unavailable,,
350225702,2026-05-12T04:56:52+00:00,Unavailable,,
350225716,2026-05-12T04:56:52+00:00,Unavailable,,
350225730,2026-05-12T04:56:52+00:00,Unavailable,,
350225744,2026-05-12T04:56:52+00:00,Unavailable,,
350225758,2026-05-12T04:56:52+00:00,Unavailable,,
350225786,2026-05-12T04:56:52+00:00,Unavailable,,
350225814,2026-05-12T04:56:52+00:00,Unavailable,,
350225825,2026-05-12T04:56:52+00:00,Unavailable,,
350225836,2026-05-12T04:56:52+00:00,Unavailable,,
350225847,2026-05-12T04:56:52+00:00,Unavailable,,
350225858,2026-05-12T04:56:52+00:00,Unavailable,,
350225869,2026-05-12T04:56:52+00:00,Unavailable,,
350225880,2026-05-12T04:56:52+00:00,Unavailable,,
350225891,2026-05-12T04:56:52+00:00,Unavailable,,
350225902,2026-05-12T04:56:52+00:00,Unavailable,,
350225913,2026-05-12T04:56:52+00:00,Unavailable,,
350225924,2026-05-12T04:56:52+00:00,Unavailable,,
350225935,2026-05-12T04:56:52+00:00,Unavailable,,
350225946,2026-05-12T04:56:52+00:00,Unavailable,,
350225957,2026-05-12T04:56:52+00:00,Unavailable,,
350225968,2026-05-12T04:56:52+00:00,Unavailable,,
350225981,2026-05-12T04:56:52+00:00,Unavailable,,
350225993,2026-05-12T04:56:52+00:00,Unavailable,,
350226004,2026-05-12T04:56:52+00:00,Unavailable,,
350226015,2026-05-12T04:56:52+00:00,Unavailable,,
350226026,2026-05-12T04:56:52+00:00,Unavailable,,
350226037,2026-05-12T04:56:52+00:00,Unavailable,,
350226048,2026-05-12T04:56:52+00:00,Unavailable,,
350226059,2026-05-12T04:56:52+00:00,Unavailable,,
350226070,2026-05-12T04:56:52+00:00,Unavailable,,
350280176,2026-05-12T04:56:52+00:00,Unavailable,,
350280422,2026-05-12T04:56:52+00:00,Unavailable,,
350280510,2026-05-12T04:56:52+00:00,Unavailable,,
350280525,2026-05-12T04:56:52+00:00,Unavailable,,
350280536,2026-05-12T04:56:52+00:00,Unavailable,,
350288650,2026-05-12T04:56:52+00:00,Unavailable,,
350288664,2026-05-12T04:56:52+00:00,Unavailable,,
350288680,2026-05-12T04:56:52+00:00,Unavailable,,
350288691,2026-05-12T04:56:52+00:00,Unavailable,,
350288702,2026-05-12T04:56:52+00:00,Unavailable,,
350288713,2026-05-12T04:56:52+00:00,Unavailable,,
350288724,2026-05-12T04:56:52+00:00,Unavailable,,
350288737,2026-05-12T04:56:52+00:00,Unavailable,,
350288748,2026-05-12T04:56:52+00:00,Unavailable,,
350288759,2026-05-12T04:56:52+00:00,Unavailable,,
350288770,2026-05-12T04:56:52+00:00,Unavailable,,
350288781,2026-05-12T04:56:52+00:00,Unavailable,,
350288792,2026-05-12T04:56:52+00:00,Unavailable,,
350288804,2026-05-12T04:56:52+00:00,Unavailable,,
350288815,2026-05-12T04:56:52+00:00,Unavailable,,
350288826,2026-05-12T04:56:52+00:00,Unavailable,,
350288837,2026-05-12T04:56:52+00:00,Unavailable,,
350288848,2026-05-12T04:56:52+00:00,Unavailable,,
350288859,2026-05-12T04:56:52+00:00,Unavailable,,
350288870,2026-05-12T04:56:52+00:00,Unavailable,,
350288881,2026-05-12T04:56:52+00:00,Unavailable,,
350288892,2026-05-12T04:56:52+00:00,Unavailable,,
350288903,2026-05-12T04:56:52+00:00,Unavailable,,
350288914,2026-05-12T04:56:52+00:00,Unavailable,,
350288925,2026-05-12T04:56:52+00:00,Unavailable,,
350288937,2026-05-12T04:56:52+00:00,Unavailable,,
350288948,2026-05-12T04:56:52+00:00,Unavailable,,
350288959,2026-05-12T04:56:52+00:00,Unavailable,,
350288970,2026-05-12T04:56:52+00:00,Unavailable,,
350288981,2026-05-12T04:56:52+00:00,Unavailable,,
350288992,2026-05-12T04:56:52+00:00,Unavailable,,
350289003,2026-05-12T04:56:52+00:00,Unavailable,,
350289014,2026-05-12T04:56:52+00:00,Unavailable,,
350289048,2026-05-12T04:56:52+00:00,Unavailable,,
350289060,2026-05-12T04:56:52+00:00,Unavailable,,
350289071,2026-05-12T04:56:52+00:00,Unavailable,,
350289082,2026-05-12T04:56:52+00:00,Unavailable,,
350289093,2026-05-12T04:56:52+00:00,Unavailable,,
350289104,2026-05-12T04:56:52+00:00,Unavailable,,
350289115,2026-05-12T04:56:52+00:00,Unavailable,,
350289126,2026-05-12T04:56:52+00:00,Unavailable,,
350289137,2026-05-12T04:56:52+00:00,Unavailable,,
350289148,2026-05-12T04:56:52+00:00,Unavailable,,
350289159,2026-05-12T04:56:52+00:00,Unavailable,,
350289170,2026-05-12T04:56:52+00:00,Unavailable,,
350289181,2026-05-12T04:56:52+00:00,Unavailable,,
350289192,2026-05-12T04:56:52+00:00,Unavailable,,
350289203,2026-05-12T04:56:52+00:00,Unavailable,,
350289214,2026-05-12T04:56:52+00:00,Unavailable,,
350289226,2026-05-12T04:56:52+00:00,Unavailable,,
350289237,2026-05-12T04:56:52+00:00,Unavailable,,
350289248,2026-05-12T04:56:52+00:00,Unavailable,,
350289260,2026-05-12T04:56:52+00:00,Unavailable,,
350289271,2026-05-12T04:56:52+00:00,Unavailable,,
350289282,2026-05-12T04:56:52+00:00,Unavailable,,
350289293,2026-05-12T04:56:52+00:00,Unavailable,,
350289304,2026-05-12T04:56:52+00:00,Unavailable,,
350289315,2026-05-12T04:56:52+00:00,Unavailable,,
350289326,2026-05-12T04:56:52+00:00,Unavailable,,
350289337,2026-05-12T04:56:52+00:00,Unavailable,,
350289348,2026-05-12T04:56:52+00:00,Unavailable,,
350289359,2026-05-12T04:56:52+00:00,Unavailable,,
350289370,2026-05-12T04:56:52+00:00,Unavailable,,
350289381,2026-05-12T04:56:52+00:00,Unavailable,,
350289392,2026-05-12T04:56:52+00:00,Unavailable,,
350289404,2026-05-12T04:56:52+00:00,Unavailable,,
351070164,2026-05-12T04:56:52+00:00,Unavailable,,
351073176,2026-05-12T04:56:52+00:00,Unavailable,,
353250216,2026-05-12T04:56:52+00:00,Unavailable,,
364658017,2026-05-12T04:56:52+00:00,Unavailable,,
350216376,2026-05-12T06:13:51+00:00,Unavailable,,
350216387,2026-05-12T06:13:51+00:00,Unavailable,,
350216398,2026-05-12T06:13:51+00:00,Unavailable,,
350216409,2026-05-12T06:13:51+00:00,Unavailable,,
350216431,2026-05-12T06:13:51+00:00,Unavailable,,
350216442,2026-05-12T06:13:51+00:00,Unavailable,,
350216453,2026-05-12T06:13:51+00:00,Unavailable,,
350216465,2026-05-12T06:13:51+00:00,Unavailable,,
350216476,2026-05-12T06:13:51+00:00,Unavailable,,
350216487,2026-05-12T06:13:51+00:00,Unavailable,,
350216498,2026-05-12T06:13:51+00:00,Unavailable,,
350216509,2026-05-12T06:13:51+00:00,Unavailable,,
350216520,2026-05-12T06:13:51+00:00,Unavailable,,
350216542,2026-05-12T06:13:51+00:00,Unavailable,,
350216553,2026-05-12T06:13:51+00:00,Unavailable,,
350216564,2026-05-12T06:13:51+00:00,Unavailable,,
350216575,2026-05-12T06:13:51+00:00,Unavailable,,
350216586,2026-05-12T06:13:51+00:00,Unavailable,,
350216597,2026-05-12T06:13:51+00:00,Unavailable,,
350216608,2026-05-12T06:13:51+00:00,Unavailable,,
350216619,2026-05-12T06:13:51+00:00,Unavailable,,
350216630,2026-05-12T06:13:51+00:00,Unavailable,,
350216652,2026-05-12T06:13:51+00:00,Unavailable,,
350216663,2026-05-12T06:13:51+00:00,Unavailable,,
350216674,2026-05-12T06:13:51+00:00,Unavailable,,
350216685,2026-05-12T06:13:51+00:00,Unavailable,,
350216696,2026-05-12T06:13:51+00:00,Unavailable,,
350216707,2026-05-12T06:13:51+00:00,Unavailable,,
350216718,2026-05-12T06:13:51+00:00,Unavailable,,
350216729,2026-05-12T06:13:51+00:00,Unavailable,,
350216740,2026-05-12T06:13:51+00:00,Unavailable,,
350216751,2026-05-12T06:13:51+00:00,Unavailable,,
350216762,2026-05-12T06:13:51+00:00,Unavailable,,
350216773,2026-05-12T06:13:51+00:00,Unavailable,,
350216784,2026-05-12T06:13:51+00:00,Unavailable,,
350216795,2026-05-12T06:13:51+00:00,Unavailable,,
350216806,2026-05-12T06:13:51+00:00,Unavailable,,
350216817,2026-05-12T06:13:51+00:00,Unavailable,,
350216828,2026-05-12T06:13:51+00:00,Unavailable,,
350216839,2026-05-12T06:13:51+00:00,Unavailable,,
350216850,2026-05-12T06:13:51+00:00,Unavailable,,
350216861,2026-05-12T06:13:51+00:00,Unavailable,,
350216872,2026-05-12T06:13:51+00:00,Unavailable,,
350216884,2026-05-12T06:13:51+00:00,Unavailable,,
350216895,2026-05-12T06:13:51+00:00,Unavailable,,
350216906,2026-05-12T06:13:51+00:00,Unavailable,,
350216917,2026-05-12T06:13:51+00:00,Unavailable,,
350216928,2026-05-12T06:13:51+00:00,Unavailable,,
350216939,2026-05-12T06:13:51+00:00,Unavailable,,
350216950,2026-05-12T06:13:51+00:00,Unavailable,,
350216961,2026-05-12T06:13:51+00:00,Unavailable,,
350216972,2026-05-12T06:13:51+00:00,Unavailable,,
350216994,2026-05-12T06:13:51+00:00,Unavailable,,
350217005,2026-05-12T06:13:51+00:00,Unavailable,,
350217016,2026-05-12T06:13:51+00:00,Unavailable,,
350217027,2026-05-12T06:13:51+00:00,Unavailable,,
350217049,2026-05-12T06:13:51+00:00,Unavailable,,
350217071,2026-05-12T06:13:51+00:00,Unavailable,,
350217083,2026-05-12T06:13:51+00:00,Unavailable,,
350217105,2026-05-12T06:13:51+00:00,Unavailable,,
350217117,2026-05-12T06:13:51+00:00,Unavailable,,
350217128,2026-05-12T06:13:51+00:00,Unavailable,,
350217150,2026-05-12T06:13:51+00:00,Unavailable,,
350217162,2026-05-12T06:13:51+00:00,Unavailable,,
350217174,2026-05-12T06:13:51+00:00,Unavailable,,
350217185,2026-05-12T06:13:51+00:00,Unavailable,,
350217207,2026-05-12T06:13:51+00:00,Unavailable,,
350217218,2026-05-12T06:13:51+00:00,Unavailable,,
350217240,2026-05-12T06:13:51+00:00,Unavailable,,
350217251,2026-05-12T06:13:51+00:00,Unavailable,,
350217262,2026-05-12T06:13:51+00:00,Unavailable,,
350217273,2026-05-12T06:13:51+00:00,Unavailable,,
350217284,2026-05-12T06:13:51+00:00,Unavailable,,
350217295,2026-05-12T06:13:51+00:00,Unavailable,,
350217306,2026-05-12T06:13:51+00:00,Unavailable,,
350217317,2026-05-12T06:13:51+00:00,Unavailable,,
350217339,2026-05-12T06:13:51+00:00,Unavailable,,
350217353,2026-05-12T06:13:51+00:00,Unavailable,,
350217366,2026-05-12T06:13:51+00:00,Unavailable,,
350217379,2026-05-12T06:13:51+00:00,Unavailable,,
350217393,2026-05-12T06:13:51+00:00,Unavailable,,
350217404,2026-05-12T06:13:51+00:00,Unavailable,,
350217415,2026-05-12T06:13:51+00:00,Unavailable,,
350217426,2026-05-12T06:13:51+00:00,Unavailable,,
350217437,2026-05-12T06:13:51+00:00,Unavailable,,
350217448,2026-05-12T06:13:51+00:00,Unavailable,,
350732033,2026-05-12T06:13:51+00:00,Unavailable,,
350739304,2026-05-12T06:13:51+00:00,Unavailable,,
350740400,2026-05-12T06:13:51+00:00,Unavailable,,
350740938,2026-05-12T06:13:51+00:00,Unavailable,,
350741533,2026-05-12T06:13:51+00:00,Unavailable,,
350741599,2026-05-12T06:13:51+00:00,Unavailable,,
364675943,2026-05-12T06:13:51+00:00,Unavailable,,
364677421,2026-05-12T06:13:51+00:00,Unavailable,,
364677693,2026-05-12T06:13:51+00:00,Unavailable,,
364678079,2026-05-12T06:13:51+00:00,Unavailable,,
350200801,2026-05-12T06:13:55+00:00,Unavailable,,
350200813,2026-05-12T06:13:55+00:00,Unavailable,,
350200824,2026-05-12T06:13:55+00:00,Unavailable,,
350200836,2026-05-12T06:13:55+00:00,Unavailable,,
350200847,2026-05-12T06:13:55+00:00,Unavailable,,
350200858,2026-05-12T06:13:55+00:00,Unavailable,,
350200869,2026-05-12T06:13:55+00:00,Unavailable,,
350200880,2026-05-12T06:13:55+00:00,Unavailable,,
350200891,2026-05-12T06:13:55+00:00,Unavailable,,
350200902,2026-05-12T06:13:55+00:00,Unavailable,,
350200913,2026-05-12T06:13:55+00:00,Unavailable,,
350200924,2026-05-12T06:13:55+00:00,Unavailable,,
350200935,2026-05-12T06:13:55+00:00,Unavailable,,
350200946,2026-05-12T06:13:55+00:00,Unavailable,,
350200957,2026-05-12T06:13:55+00:00,Unavailable,,
350200968,2026-05-12T06:13:55+00:00,Unavailable,,
350200979,2026-05-12T06:13:55+00:00,Unavailable,,
350200990,2026-05-12T06:13:55+00:00,Unavailable,,
350201001,2026-05-12T06:13:55+00:00,Unavailable,,
350201012,2026-05-12T06:13:55+00:00,Unavailable,,
350201023,2026-05-12T06:13:55+00:00,Unavailable,,
350201034,2026-05-12T06:13:55+00:00,Unavailable,,
350201045,2026-05-12T06:13:55+00:00,Unavailable,,
350201058,2026-05-12T06:13:55+00:00,Unavailable,,
350201069,2026-05-12T06:13:55+00:00,Unavailable,,
350201080,2026-05-12T06:13:55+00:00,Unavailable,,
350201091,2026-05-12T06:13:55+00:00,Unavailable,,
350201102,2026-05-12T06:13:55+00:00,Unavailable,,
350201113,2026-05-12T06:13:55+00:00,Unavailable,,
350201124,2026-05-12T06:13:55+00:00,Unavailable,,
350201135,2026-05-12T06:13:55+00:00,Unavailable,,
350201146,2026-05-12T06:13:55+00:00,Unavailable,,
350201157,2026-05-12T06:13:55+00:00,Unavailable,,
350201170,2026-05-12T06:13:55+00:00,Unavailable,,
350201182,2026-05-12T06:13:55+00:00,Unavailable,,
350201193,2026-05-12T06:13:55+00:00,Unavailable,,
350201205,2026-05-12T06:13:55+00:00,Unavailable,,
350201216,2026-05-12T06:13:55+00:00,Unavailable,,
350201227,2026-05-12T06:13:55+00:00,Unavailable,,
350201238,2026-05-12T06:13:55+00:00,Unavailable,,
350201249,2026-05-12T06:13:55+00:00,Unavailable,,
350201260,2026-05-12T06:13:55+00:00,Unavailable,,
350201271,2026-05-12T06:13:55+00:00,Unavailable,,
350201283,2026-05-12T06:13:55+00:00,Unavailable,,
350201294,2026-05-12T06:13:55+00:00,Unavailable,,
350201305,2026-05-12T06:13:55+00:00,Unavailable,,
350201316,2026-05-12T06:13:55+00:00,Unavailable,,
350201327,2026-05-12T06:13:55+00:00,Unavailable,,
350201338,2026-05-12T06:13:55+00:00,Unavailable,,
350201349,2026-05-12T06:13:55+00:00,Unavailable,,
350201360,2026-05-12T06:13:55+00:00,Unavailable,,
350201371,2026-05-12T06:13:55+00:00,Unavailable,,
350201382,2026-05-12T06:13:55+00:00,Unavailable,,
350201393,2026-05-12T06:13:55+00:00,Unavailable,,
350201404,2026-05-12T06:13:55+00:00,Unavailable,,
350201415,2026-05-12T06:13:55+00:00,Unavailable,,
350201426,2026-05-12T06:13:55+00:00,Unavailable,,
350201437,2026-05-12T06:13:55+00:00,Unavailable,,
350201448,2026-05-12T06:13:55+00:00,Unavailable,,
350201459,2026-05-12T06:13:55+00:00,Unavailable,,
350201470,2026-05-12T06:13:55+00:00,Unavailable,,
350201481,2026-05-12T06:13:55+00:00,Unavailable,,
350201492,2026-05-12T06:13:55+00:00,Unavailable,,
350201503,2026-05-12T06:13:55+00:00,Unavailable,,
350201514,2026-05-12T06:13:55+00:00,Unavailable,,
350201525,2026-05-12T06:13:55+00:00,Unavailable,,
350201536,2026-05-12T06:13:55+00:00,Unavailable,,
350201547,2026-05-12T06:13:55+00:00,Unavailable,,
350201558,2026-05-12T06:13:55+00:00,Unavailable,,
350201569,2026-05-12T06:13:55+00:00,Unavailable,,
350201580,2026-05-12T06:13:55+00:00,Unavailable,,
350201591,2026-05-12T06:13:55+00:00,Unavailable,,
350201602,2026-05-12T06:13:55+00:00,Unavailable,,
350201613,2026-05-12T06:13:55+00:00,Unavailable,,
350201624,2026-05-12T06:13:55+00:00,Unavailable,,
350201635,2026-05-12T06:13:55+00:00,Unavailable,,
350201646,2026-05-12T06:13:55+00:00,Unavailable,,
350201657,2026-05-12T06:13:55+00:00,Unavailable,,
350201668,2026-05-12T06:13:55+00:00,Unavailable,,
350201679,2026-05-12T06:13:55+00:00,Unavailable,,
350201690,2026-05-12T06:13:55+00:00,Unavailable,,
350201701,2026-05-12T06:13:55+00:00,Unavailable,,
350201712,2026-05-12T06:13:55+00:00,Unavailable,,
350201723,2026-05-12T06:13:55+00:00,Unavailable,,
350201735,2026-05-12T06:13:55+00:00,Unavailable,,
350201746,2026-05-12T06:13:55+00:00,Unavailable,,
350201757,2026-05-12T06:13:55+00:00,Unavailable,,
350201768,2026-05-12T06:13:55+00:00,Unavailable,,
350201779,2026-05-12T06:13:55+00:00,Unavailable,,
350201790,2026-05-12T06:13:55+00:00,Unavailable,,
350201801,2026-05-12T06:13:55+00:00,Unavailable,,
350201812,2026-05-12T06:13:55+00:00,Unavailable,,
350201823,2026-05-12T06:13:55+00:00,Unavailable,,
350201834,2026-05-12T06:13:55+00:00,Unavailable,,
350201845,2026-05-12T06:13:55+00:00,Unavailable,,
350201856,2026-05-12T06:13:55+00:00,Unavailable,,
350201867,2026-05-12T06:13:55+00:00,Unavailable,,
350201879,2026-05-12T06:13:55+00:00,Unavailable,,
350201890,2026-05-12T06:13:55+00:00,Unavailable,,
350201901,2026-05-12T06:13:55+00:00,Unavailable,,
350201912,2026-05-12T06:13:55+00:00,Unavailable,,
350201924,2026-05-12T06:13:55+00:00,Unavailable,,
350201935,2026-05-12T06:13:55+00:00,Unavailable,,
350201947,2026-05-12T06:13:55+00:00,Unavailable,,
350201958,2026-05-12T06:13:55+00:00,Unavailable,,
350201969,2026-05-12T06:13:55+00:00,Unavailable,,
350201980,2026-05-12T06:13:55+00:00,Unavailable,,
350201991,2026-05-12T06:13:55+00:00,Unavailable,,
350202003,2026-05-12T06:13:55+00:00,Unavailable,,
350202018,2026-05-12T06:13:55+00:00,Unavailable,,
350202032,2026-05-12T06:13:55+00:00,Unavailable,,
350202045,2026-05-12T06:13:55+00:00,Unavailable,,
350202056,2026-05-12T06:13:55+00:00,Unavailable,,
350202069,2026-05-12T06:13:55+00:00,Unavailable,,
350202080,2026-05-12T06:13:55+00:00,Unavailable,,
350202091,2026-05-12T06:13:55+00:00,Unavailable,,
350202102,2026-05-12T06:13:55+00:00,Unavailable,,
350202113,2026-05-12T06:13:55+00:00,Unavailable,,
350202124,2026-05-12T06:13:55+00:00,Unavailable,,
350202135,2026-05-12T06:13:55+00:00,Unavailable,,
350202146,2026-05-12T06:13:55+00:00,Unavailable,,
350202157,2026-05-12T06:13:55+00:00,Unavailable,,
350202168,2026-05-12T06:13:55+00:00,Unavailable,,
350202180,2026-05-12T06:13:55+00:00,Unavailable,,
350202191,2026-05-12T06:13:55+00:00,Unavailable,,
350202202,2026-05-12T06:13:55+00:00,Unavailable,,
350202213,2026-05-12T06:13:55+00:00,Unavailable,,
350202224,2026-05-12T06:13:55+00:00,Unavailable,,
350202235,2026-05-12T06:13:55+00:00,Unavailable,,
350202246,2026-05-12T06:13:55+00:00,Unavailable,,
350202257,2026-05-12T06:13:55+00:00,Unavailable,,
350202268,2026-05-12T06:13:55+00:00,Unavailable,,
350202279,2026-05-12T06:13:55+00:00,Unavailable,,
350202290,2026-05-12T06:13:55+00:00,Unavailable,,
350202301,2026-05-12T06:13:55+00:00,Unavailable,,
350202312,2026-05-12T06:13:55+00:00,Unavailable,,
350202323,2026-05-12T06:13:55+00:00,Unavailable,,
350202334,2026-05-12T06:13:55+00:00,Unavailable,,
350202347,2026-05-12T06:13:55+00:00,Unavailable,,
350202361,2026-05-12T06:13:55+00:00,Unavailable,,
350202372,2026-05-12T06:13:55+00:00,Unavailable,,
350202383,2026-05-12T06:13:55+00:00,Unavailable,,
350202394,2026-05-12T06:13:55+00:00,Unavailable,,
350202406,2026-05-12T06:13:55+00:00,Unavailable,,
350202417,2026-05-12T06:13:55+00:00,Unavailable,,
350202429,2026-05-12T06:13:55+00:00,Unavailable,,
350202440,2026-05-12T06:13:55+00:00,Unavailable,,
350202451,2026-05-12T06:13:55+00:00,Unavailable,,
350202462,2026-05-12T06:13:55+00:00,Unavailable,,
350202473,2026-05-12T06:13:55+00:00,Unavailable,,
350202484,2026-05-12T06:13:55+00:00,Unavailable,,
350202495,2026-05-12T06:13:55+00:00,Unavailable,,
350202506,2026-05-12T06:13:55+00:00,Unavailable,,
350202517,2026-05-12T06:13:55+00:00,Unavailable,,
350202528,2026-05-12T06:13:55+00:00,Unavailable,,
350202539,2026-05-12T06:13:55+00:00,Unavailable,,
350202551,2026-05-12T06:13:55+00:00,Unavailable,,
350202562,2026-05-12T06:13:55+00:00,Unavailable,,
350202573,2026-05-12T06:13:55+00:00,Unavailable,,
350202584,2026-05-12T06:13:55+00:00,Unavailable,,
350202595,2026-05-12T06:13:55+00:00,Unavailable,,
350202607,2026-05-12T06:13:55+00:00,Unavailable,,
350202618,2026-05-12T06:13:55+00:00,Unavailable,,
350202631,2026-05-12T06:13:55+00:00,Unavailable,,
350202642,2026-05-12T06:13:55+00:00,Unavailable,,
350202654,2026-05-12T06:13:55+00:00,Unavailable,,
350202665,2026-05-12T06:13:55+00:00,Unavailable,,
350202676,2026-05-12T06:13:55+00:00,Unavailable,,
350202687,2026-05-12T06:13:55+00:00,Unavailable,,
350202698,2026-05-12T06:13:55+00:00,Unavailable,,
350202709,2026-05-12T06:13:55+00:00,Unavailable,,
350202720,2026-05-12T06:13:55+00:00,Unavailable,,
350202731,2026-05-12T06:13:55+00:00,Unavailable,,
350202742,2026-05-12T06:13:55+00:00,Unavailable,,
350202753,2026-05-12T06:13:55+00:00,Unavailable,,
350202764,2026-05-12T06:13:55+00:00,Unavailable,,
350202775,2026-05-12T06:13:55+00:00,Unavailable,,
350202786,2026-05-12T06:13:55+00:00,Unavailable,,
350202797,2026-05-12T06:13:55+00:00,Unavailable,,
350202808,2026-05-12T06:13:55+00:00,Unavailable,,
350202819,2026-05-12T06:13:55+00:00,Unavailable,,
350202830,2026-05-12T06:13:55+00:00,Unavailable,,
350202841,2026-05-12T06:13:55+00:00,Unavailable,,
350202852,2026-05-12T06:13:55+00:00,Unavailable,,
350202863,2026-05-12T06:13:55+00:00,Unavailable,,
350202874,2026-05-12T06:13:55+00:00,Unavailable,,
350202885,2026-05-12T06:13:55+00:00,Unavailable,,
350202896,2026-05-12T06:13:55+00:00,Unavailable,,
350202908,2026-05-12T06:13:55+00:00,Unavailable,,
350202919,2026-05-12T06:13:55+00:00,Unavailable,,
350202930,2026-05-12T06:13:55+00:00,Unavailable,,
350202941,2026-05-12T06:13:55+00:00,Unavailable,,
350202952,2026-05-12T06:13:55+00:00,Unavailable,,
350202963,2026-05-12T06:13:55+00:00,Unavailable,,
350202974,2026-05-12T06:13:55+00:00,Unavailable,,
350202985,2026-05-12T06:13:55+00:00,Unavailable,,
350202996,2026-05-12T06:13:55+00:00,Unavailable,,
350203007,2026-05-12T06:13:55+00:00,Unavailable,,
350203018,2026-05-12T06:13:55+00:00,Unavailable,,
350203029,2026-05-12T06:13:55+00:00,Unavailable,,
350203040,2026-05-12T06:13:55+00:00,Unavailable,,
350203051,2026-05-12T06:13:55+00:00,Unavailable,,
350203062,2026-05-12T06:13:55+00:00,Unavailable,,
350203073,2026-05-12T06:13:55+00:00,Unavailable,,
350203084,2026-05-12T06:13:55+00:00,Unavailable,,
350203095,2026-05-12T06:13:55+00:00,Unavailable,,
350203106,2026-05-12T06:13:55+00:00,Unavailable,,
350203117,2026-05-12T06:13:55+00:00,Unavailable,,
350203128,2026-05-12T06:13:55+00:00,Unavailable,,
350203139,2026-05-12T06:13:55+00:00,Unavailable,,
350203150,2026-05-12T06:13:55+00:00,Unavailable,,
350203162,2026-05-12T06:13:55+00:00,Unavailable,,
350203173,2026-05-12T06:13:55+00:00,Unavailable,,
350203184,2026-05-12T06:13:55+00:00,Unavailable,,
350203195,2026-05-12T06:13:55+00:00,Unavailable,,
350203206,2026-05-12T06:13:55+00:00,Unavailable,,
350203217,2026-05-12T06:13:55+00:00,Unavailable,,
350203228,2026-05-12T06:13:55+00:00,Unavailable,,
350203239,2026-05-12T06:13:55+00:00,Unavailable,,
350203250,2026-05-12T06:13:55+00:00,Unavailable,,
350203261,2026-05-12T06:13:55+00:00,Unavailable,,
350203272,2026-05-12T06:13:55+00:00,Unavailable,,
350203283,2026-05-12T06:13:55+00:00,Unavailable,,
350203294,2026-05-12T06:13:55+00:00,Unavailable,,
350203305,2026-05-12T06:13:55+00:00,Unavailable,,
350203316,2026-05-12T06:13:55+00:00,Unavailable,,
350203327,2026-05-12T06:13:55+00:00,Unavailable,,
350203338,2026-05-12T06:13:55+00:00,Unavailable,,
350203349,2026-05-12T06:13:55+00:00,Unavailable,,
350203360,2026-05-12T06:13:55+00:00,Unavailable,,
350203371,2026-05-12T06:13:55+00:00,Unavailable,,
350203383,2026-05-12T06:13:55+00:00,Unavailable,,
350203394,2026-05-12T06:13:55+00:00,Unavailable,,
350203405,2026-05-12T06:13:55+00:00,Unavailable,,
350203416,2026-05-12T06:13:55+00:00,Unavailable,,
350203427,2026-05-12T06:13:55+00:00,Unavailable,,
350203438,2026-05-12T06:13:55+00:00,Unavailable,,
350203449,2026-05-12T06:13:55+00:00,Unavailable,,
350203460,2026-05-12T06:13:55+00:00,Unavailable,,
350203472,2026-05-12T06:13:55+00:00,Unavailable,,
350203483,2026-05-12T06:13:55+00:00,Unavailable,,
350203494,2026-05-12T06:13:55+00:00,Unavailable,,
350203505,2026-05-12T06:13:55+00:00,Unavailable,,
350203516,2026-05-12T06:13:55+00:00,Unavailable,,
350203527,2026-05-12T06:13:55+00:00,Unavailable,,
350203538,2026-05-12T06:13:55+00:00,Unavailable,,
350203549,2026-05-12T06:13:55+00:00,Unavailable,,
350203560,2026-05-12T06:13:55+00:00,Unavailable,,
350203571,2026-05-12T06:13:55+00:00,Unavailable,,
350203593,2026-05-12T06:13:55+00:00,Unavailable,,
355173402,2026-05-12T06:13:55+00:00,Unavailable,,
350223957,2026-05-12T06:14:06+00:00,Unavailable,,
350223971,2026-05-12T06:14:06+00:00,Unavailable,,
350223985,2026-05-12T06:14:06+00:00,Unavailable,,
350223999,2026-05-12T06:14:06+00:00,Unavailable,,
350224011,2026-05-12T06:14:06+00:00,Unavailable,,
350224022,2026-05-12T06:14:06+00:00,Unavailable,,
350224033,2026-05-12T06:14:06+00:00,Unavailable,,
350224044,2026-05-12T06:14:06+00:00,Unavailable,,
350224055,2026-05-12T06:14:06+00:00,Unavailable,,
350224066,2026-05-12T06:14:06+00:00,Unavailable,,
350224077,2026-05-12T06:14:06+00:00,Unavailable,,
350224088,2026-05-12T06:14:06+00:00,Unavailable,,
350224102,2026-05-12T06:14:06+00:00,Unavailable,,
350224116,2026-05-12T06:14:06+00:00,Unavailable,,
350224130,2026-05-12T06:14:06+00:00,Unavailable,,
350224144,2026-05-12T06:14:06+00:00,Unavailable,,
350224158,2026-05-12T06:14:06+00:00,Unavailable,,
350224172,2026-05-12T06:14:06+00:00,Unavailable,,
350224186,2026-05-12T06:14:06+00:00,Unavailable,,
350224200,2026-05-12T06:14:06+00:00,Unavailable,,
350224214,2026-05-12T06:14:06+00:00,Unavailable,,
350224228,2026-05-12T06:14:06+00:00,Unavailable,,
350224239,2026-05-12T06:14:06+00:00,Unavailable,,
350224250,2026-05-12T06:14:06+00:00,Unavailable,,
350224261,2026-05-12T06:14:06+00:00,Unavailable,,
350224272,2026-05-12T06:14:06+00:00,Unavailable,,
350224283,2026-05-12T06:14:06+00:00,Unavailable,,
350224294,2026-05-12T06:14:06+00:00,Unavailable,,
350224305,2026-05-12T06:14:06+00:00,Unavailable,,
350224317,2026-05-12T06:14:06+00:00,Unavailable,,
350224328,2026-05-12T06:14:06+00:00,Unavailable,,
350224339,2026-05-12T06:14:06+00:00,Unavailable,,
350224350,2026-05-12T06:14:06+00:00,Unavailable,,
350224361,2026-05-12T06:14:06+00:00,Unavailable,,
350224372,2026-05-12T06:14:06+00:00,Unavailable,,
350224386,2026-05-12T06:14:06+00:00,Unavailable,,
350224401,2026-05-12T06:14:06+00:00,Unavailable,,
350224416,2026-05-12T06:14:06+00:00,Unavailable,,
350224433,2026-05-12T06:14:06+00:00,Unavailable,,
350224444,2026-05-12T06:14:06+00:00,Unavailable,,
350224455,2026-05-12T06:14:06+00:00,Unavailable,,
350224466,2026-05-12T06:14:06+00:00,Unavailable,,
350224477,2026-05-12T06:14:06+00:00,Unavailable,,
350224489,2026-05-12T06:14:06+00:00,Unavailable,,
350224500,2026-05-12T06:14:06+00:00,Unavailable,,
350224511,2026-05-12T06:14:06+00:00,Unavailable,,
350224522,2026-05-12T06:14:06+00:00,Unavailable,,
350224533,2026-05-12T06:14:06+00:00,Unavailable,,
350224544,2026-05-12T06:14:06+00:00,Unavailable,,
350224555,2026-05-12T06:14:06+00:00,Unavailable,,
350224566,2026-05-12T06:14:06+00:00,Unavailable,,
350224577,2026-05-12T06:14:06+00:00,Unavailable,,
350224588,2026-05-12T06:14:06+00:00,Unavailable,,
350224599,2026-05-12T06:14:06+00:00,Unavailable,,
350224612,2026-05-12T06:14:06+00:00,Unavailable,,
350224623,2026-05-12T06:14:06+00:00,Unavailable,,
350224634,2026-05-12T06:14:06+00:00,Unavailable,,
350224645,2026-05-12T06:14:06+00:00,Unavailable,,
350224658,2026-05-12T06:14:06+00:00,Unavailable,,
350224669,2026-05-12T06:14:06+00:00,Unavailable,,
350224680,2026-05-12T06:14:06+00:00,Unavailable,,
350224692,2026-05-12T06:14:06+00:00,Unavailable,,
350224703,2026-05-12T06:14:06+00:00,Unavailable,,
350224714,2026-05-12T06:14:06+00:00,Unavailable,,
350224725,2026-05-12T06:14:06+00:00,Unavailable,,
350224738,2026-05-12T06:14:06+00:00,Unavailable,,
350224749,2026-05-12T06:14:06+00:00,Unavailable,,
350224760,2026-05-12T06:14:06+00:00,Unavailable,,
350224771,2026-05-12T06:14:06+00:00,Unavailable,,
350224782,2026-05-12T06:14:06+00:00,Unavailable,,
350224793,2026-05-12T06:14:06+00:00,Unavailable,,
350224804,2026-05-12T06:14:06+00:00,Unavailable,,
350224815,2026-05-12T06:14:06+00:00,Unavailable,,
350224826,2026-05-12T06:14:06+00:00,Unavailable,,
350224837,2026-05-12T06:14:06+00:00,Unavailable,,
350224848,2026-05-12T06:14:06+00:00,Unavailable,,
350224859,2026-05-12T06:14:06+00:00,Unavailable,,
350224873,2026-05-12T06:14:06+00:00,Unavailable,,
350224887,2026-05-12T06:14:06+00:00,Unavailable,,
350224901,2026-05-12T06:14:06+00:00,Unavailable,,
350224915,2026-05-12T06:14:06+00:00,Unavailable,,
350224929,2026-05-12T06:14:06+00:00,Unavailable,,
350224940,2026-05-12T06:14:06+00:00,Unavailable,,
350224951,2026-05-12T06:14:06+00:00,Unavailable,,
350224962,2026-05-12T06:14:06+00:00,Unavailable,,
350224973,2026-05-12T06:14:06+00:00,Unavailable,,
350224985,2026-05-12T06:14:06+00:00,Unavailable,,
350224996,2026-05-12T06:14:06+00:00,Unavailable,,
350225008,2026-05-12T06:14:06+00:00,Unavailable,,
350225019,2026-05-12T06:14:06+00:00,Unavailable,,
350225030,2026-05-12T06:14:06+00:00,Unavailable,,
350225041,2026-05-12T06:14:06+00:00,Unavailable,,
350225053,2026-05-12T06:14:06+00:00,Unavailable,,
350225064,2026-05-12T06:14:06+00:00,Unavailable,,
350225075,2026-05-12T06:14:06+00:00,Unavailable,,
350225086,2026-05-12T06:14:06+00:00,Unavailable,,
350225097,2026-05-12T06:14:06+00:00,Unavailable,,
350225108,2026-05-12T06:14:06+00:00,Unavailable,,
350225119,2026-05-12T06:14:06+00:00,Unavailable,,
350225130,2026-05-12T06:14:06+00:00,Unavailable,,
350225141,2026-05-12T06:14:06+00:00,Unavailable,,
350225163,2026-05-12T06:14:06+00:00,Unavailable,,
350225174,2026-05-12T06:14:06+00:00,Unavailable,,
350225185,2026-05-12T06:14:06+00:00,Unavailable,,
350225196,2026-05-12T06:14:06+00:00,Unavailable,,
350225207,2026-05-12T06:14:06+00:00,Unavailable,,
350225218,2026-05-12T06:14:06+00:00,Unavailable,,
350225229,2026-05-12T06:14:06+00:00,Unavailable,,
350225240,2026-05-12T06:14:06+00:00,Unavailable,,
350225251,2026-05-12T06:14:06+00:00,Unavailable,,
350225262,2026-05-12T06:14:06+00:00,Unavailable,,
350225273,2026-05-12T06:14:06+00:00,Unavailable,,
350225285,2026-05-12T06:14:06+00:00,Unavailable,,
350225296,2026-05-12T06:14:06+00:00,Unavailable,,
350225307,2026-05-12T06:14:06+00:00,Unavailable,,
350225318,2026-05-12T06:14:06+00:00,Unavailable,,
350225329,2026-05-12T06:14:06+00:00,Unavailable,,
350225341,2026-05-12T06:14:06+00:00,Unavailable,,
350225352,2026-05-12T06:14:06+00:00,Unavailable,,
350225363,2026-05-12T06:14:06+00:00,Unavailable,,
350225375,2026-05-12T06:14:06+00:00,Unavailable,,
350225387,2026-05-12T06:14:06+00:00,Unavailable,,
350225401,2026-05-12T06:14:06+00:00,Unavailable,,
350225415,2026-05-12T06:14:06+00:00,Unavailable,,
350225429,2026-05-12T06:14:06+00:00,Unavailable,,
350225443,2026-05-12T06:14:06+00:00,Unavailable,,
350225457,2026-05-12T06:14:06+00:00,Unavailable,,
350225471,2026-05-12T06:14:06+00:00,Unavailable,,
350225485,2026-05-12T06:14:06+00:00,Unavailable,,
350225496,2026-05-12T06:14:06+00:00,Unavailable,,
350225507,2026-05-12T06:14:06+00:00,Unavailable,,
350225518,2026-05-12T06:14:06+00:00,Unavailable,,
350225529,2026-05-12T06:14:06+00:00,Unavailable,,
350225540,2026-05-12T06:14:06+00:00,Unavailable,,
350225551,2026-05-12T06:14:06+00:00,Unavailable,,
350225562,2026-05-12T06:14:06+00:00,Unavailable,,
350225573,2026-05-12T06:14:06+00:00,Unavailable,,
350225584,2026-05-12T06:14:06+00:00,Unavailable,,
350225596,2026-05-12T06:14:06+00:00,Unavailable,,
350225607,2026-05-12T06:14:06+00:00,Unavailable,,
350225618,2026-05-12T06:14:06+00:00,Unavailable,,
350225629,2026-05-12T06:14:06+00:00,Unavailable,,
350225640,2026-05-12T06:14:06+00:00,Unavailable,,
350225651,2026-05-12T06:14:06+00:00,Unavailable,,
350225663,2026-05-12T06:14:06+00:00,Unavailable,,
350225674,2026-05-12T06:14:06+00:00,Unavailable,,
350225688,2026-05-12T06:14:06+00:00,Unavailable,,
350225702,2026-05-12T06:14:06+00:00,Unavailable,,
350225716,2026-05-12T06:14:06+00:00,Unavailable,,
350225730,2026-05-12T06:14:06+00:00,Unavailable,,
350225744,2026-05-12T06:14:06+00:00,Unavailable,,
350225758,2026-05-12T06:14:06+00:00,Unavailable,,
350225786,2026-05-12T06:14:06+00:00,Unavailable,,
350225814,2026-05-12T06:14:06+00:00,Unavailable,,
350225825,2026-05-12T06:14:06+00:00,Unavailable,,
350225836,2026-05-12T06:14:06+00:00,Unavailable,,
350225847,2026-05-12T06:14:06+00:00,Unavailable,,
350225858,2026-05-12T06:14:06+00:00,Unavailable,,
350225869,2026-05-12T06:14:06+00:00,Unavailable,,
350225880,2026-05-12T06:14:06+00:00,Unavailable,,
350225891,2026-05-12T06:14:06+00:00,Unavailable,,
350225902,2026-05-12T06:14:06+00:00,Unavailable,,
350225913,2026-05-12T06:14:06+00:00,Unavailable,,
350225924,2026-05-12T06:14:06+00:00,Unavailable,,
350225935,2026-05-12T06:14:06+00:00,Unavailable,,
350225946,2026-05-12T06:14:06+00:00,Unavailable,,
350225957,2026-05-12T06:14:06+00:00,Unavailable,,
350225968,2026-05-12T06:14:06+00:00,Unavailable,,
350225981,2026-05-12T06:14:06+00:00,Unavailable,,
350225993,2026-05-12T06:14:06+00:00,Unavailable,,
350226004,2026-05-12T06:14:06+00:00,Unavailable,,
350226015,2026-05-12T06:14:06+00:00,Unavailable,,
350226026,2026-05-12T06:14:06+00:00,Unavailable,,
350226037,2026-05-12T06:14:06+00:00,Unavailable,,
350226048,2026-05-12T06:14:06+00:00,Unavailable,,
350226059,2026-05-12T06:14:06+00:00,Unavailable,,
350226070,2026-05-12T06:14:06+00:00,Unavailable,,
350280176,2026-05-12T06:14:06+00:00,Unavailable,,
350280422,2026-05-12T06:14:06+00:00,Unavailable,,
350280510,2026-05-12T06:14:06+00:00,Unavailable,,
350280525,2026-05-12T06:14:06+00:00,Unavailable,,
350280536,2026-05-12T06:14:06+00:00,Unavailable,,
350288650,2026-05-12T06:14:06+00:00,Unavailable,,
350288664,2026-05-12T06:14:06+00:00,Unavailable,,
350288680,2026-05-12T06:14:06+00:00,Unavailable,,
350288691,2026-05-12T06:14:06+00:00,Unavailable,,
350288702,2026-05-12T06:14:06+00:00,Unavailable,,
350288713,2026-05-12T06:14:06+00:00,Unavailable,,
350288724,2026-05-12T06:14:06+00:00,Unavailable,,
350288737,2026-05-12T06:14:06+00:00,Unavailable,,
350288748,2026-05-12T06:14:06+00:00,Unavailable,,
350288759,2026-05-12T06:14:06+00:00,Unavailable,,
350288770,2026-05-12T06:14:06+00:00,Unavailable,,
350288781,2026-05-12T06:14:06+00:00,Unavailable,,
350288792,2026-05-12T06:14:06+00:00,Unavailable,,
350288804,2026-05-12T06:14:06+00:00,Unavailable,,
350288815,2026-05-12T06:14:06+00:00,Unavailable,,
350288826,2026-05-12T06:14:06+00:00,Unavailable,,
350288837,2026-05-12T06:14:06+00:00,Unavailable,,
350288848,2026-05-12T06:14:06+00:00,Unavailable,,
350288859,2026-05-12T06:14:06+00:00,Unavailable,,
350288870,2026-05-12T06:14:06+00:00,Unavailable,,
350288881,2026-05-12T06:14:06+00:00,Unavailable,,
350288892,2026-05-12T06:14:06+00:00,Unavailable,,
350288903,2026-05-12T06:14:06+00:00,Unavailable,,
350288914,2026-05-12T06:14:06+00:00,Unavailable,,
350288925,2026-05-12T06:14:06+00:00,Unavailable,,
350288937,2026-05-12T06:14:06+00:00,Unavailable,,
350288948,2026-05-12T06:14:06+00:00,Unavailable,,
350288959,2026-05-12T06:14:06+00:00,Unavailable,,
350288970,2026-05-12T06:14:06+00:00,Unavailable,,
350288981,2026-05-12T06:14:06+00:00,Unavailable,,
350288992,2026-05-12T06:14:06+00:00,Unavailable,,
350289003,2026-05-12T06:14:06+00:00,Unavailable,,
350289014,2026-05-12T06:14:06+00:00,Unavailable,,
350289048,2026-05-12T06:14:06+00:00,Unavailable,,
350289060,2026-05-12T06:14:06+00:00,Unavailable,,
350289071,2026-05-12T06:14:06+00:00,Unavailable,,
350289082,2026-05-12T06:14:06+00:00,Unavailable,,
350289093,2026-05-12T06:14:06+00:00,Unavailable,,
350289104,2026-05-12T06:14:06+00:00,Unavailable,,
350289115,2026-05-12T06:14:06+00:00,Unavailable,,
350289126,2026-05-12T06:14:06+00:00,Unavailable,,
350289137,2026-05-12T06:14:06+00:00,Unavailable,,
350289148,2026-05-12T06:14:06+00:00,Unavailable,,
350289159,2026-05-12T06:14:06+00:00,Unavailable,,
350289170,2026-05-12T06:14:06+00:00,Unavailable,,
350289181,2026-05-12T06:14:06+00:00,Unavailable,,
350289192,2026-05-12T06:14:06+00:00,Unavailable,,
350289203,2026-05-12T06:14:06+00:00,Unavailable,,
350289214,2026-05-12T06:14:06+00:00,Unavailable,,
350289226,2026-05-12T06:14:06+00:00,Unavailable,,
350289237,2026-05-12T06:14:06+00:00,Unavailable,,
350289248,2026-05-12T06:14:06+00:00,Unavailable,,
350289260,2026-05-12T06:14:06+00:00,Unavailable,,
350289271,2026-05-12T06:14:06+00:00,Unavailable,,
350289282,2026-05-12T06:14:06+00:00,Unavailable,,
350289293,2026-05-12T06:14:06+00:00,Unavailable,,
350289304,2026-05-12T06:14:06+00:00,Unavailable,,
350289315,2026-05-12T06:14:06+00:00,Unavailable,,
350289326,2026-05-12T06:14:06+00:00,Unavailable,,
350289337,2026-05-12T06:14:06+00:00,Unavailable,,
350289348,2026-05-12T06:14:06+00:00,Unavailable,,
350289359,2026-05-12T06:14:06+00:00,Unavailable,,
350289370,2026-05-12T06:14:06+00:00,Unavailable,,
350289381,2026-05-12T06:14:06+00:00,Unavailable,,
350289392,2026-05-12T06:14:06+00:00,Unavailable,,
350289404,2026-05-12T06:14:06+00:00,Unavailable,,
351070164,2026-05-12T06:14:06+00:00,Unavailable,,
351073176,2026-05-12T06:14:06+00:00,Unavailable,,
353250216,2026-05-12T06:14:06+00:00,Unavailable,,
364658017,2026-05-12T06:14:06+00:00,Unavailable,,
350216376,2026-05-12T07:39:20+00:00,Unavailable,,
350216387,2026-05-12T07:39:20+00:00,Unavailable,,
350216398,2026-05-12T07:39:20+00:00,Unavailable,,
350216409,2026-05-12T07:39:20+00:00,Unavailable,,
350216431,2026-05-12T07:39:20+00:00,Unavailable,,
350216442,2026-05-12T07:39:20+00:00,Unavailable,,
350216453,2026-05-12T07:39:20+00:00,Unavailable,,
350216465,2026-05-12T07:39:20+00:00,Unavailable,,
350216476,2026-05-12T07:39:20+00:00,Unavailable,,
350216487,2026-05-12T07:39:20+00:00,Unavailable,,
350216498,2026-05-12T07:39:20+00:00,Unavailable,,
350216509,2026-05-12T07:39:20+00:00,Unavailable,,
350216520,2026-05-12T07:39:20+00:00,Unavailable,,
350216542,2026-05-12T07:39:20+00:00,Unavailable,,
350216553,2026-05-12T07:39:20+00:00,Unavailable,,
350216564,2026-05-12T07:39:20+00:00,Unavailable,,
350216575,2026-05-12T07:39:20+00:00,Unavailable,,
350216586,2026-05-12T07:39:20+00:00,Unavailable,,
350216597,2026-05-12T07:39:20+00:00,Unavailable,,
350216608,2026-05-12T07:39:20+00:00,Unavailable,,
350216619,2026-05-12T07:39:20+00:00,Unavailable,,
350216630,2026-05-12T07:39:20+00:00,Unavailable,,
350216652,2026-05-12T07:39:20+00:00,Unavailable,,
350216663,2026-05-12T07:39:20+00:00,Unavailable,,
350216674,2026-05-12T07:39:20+00:00,Unavailable,,
350216685,2026-05-12T07:39:20+00:00,Unavailable,,
350216696,2026-05-12T07:39:20+00:00,Unavailable,,
350216707,2026-05-12T07:39:20+00:00,Unavailable,,
350216718,2026-05-12T07:39:20+00:00,Unavailable,,
350216729,2026-05-12T07:39:20+00:00,Unavailable,,
350216740,2026-05-12T07:39:20+00:00,Unavailable,,
350216751,2026-05-12T07:39:20+00:00,Unavailable,,
350216762,2026-05-12T07:39:20+00:00,Unavailable,,
350216773,2026-05-12T07:39:20+00:00,Unavailable,,
350216784,2026-05-12T07:39:20+00:00,Unavailable,,
350216795,2026-05-12T07:39:20+00:00,Unavailable,,
350216806,2026-05-12T07:39:20+00:00,Unavailable,,
350216817,2026-05-12T07:39:20+00:00,Unavailable,,
350216828,2026-05-12T07:39:20+00:00,Unavailable,,
350216839,2026-05-12T07:39:20+00:00,Unavailable,,
350216850,2026-05-12T07:39:20+00:00,Unavailable,,
350216861,2026-05-12T07:39:20+00:00,Unavailable,,
350216872,2026-05-12T07:39:20+00:00,Unavailable,,
350216884,2026-05-12T07:39:20+00:00,Unavailable,,
350216895,2026-05-12T07:39:20+00:00,Unavailable,,
350216906,2026-05-12T07:39:20+00:00,Unavailable,,
350216917,2026-05-12T07:39:20+00:00,Unavailable,,
350216928,2026-05-12T07:39:20+00:00,Unavailable,,
350216939,2026-05-12T07:39:20+00:00,Unavailable,,
350216950,2026-05-12T07:39:20+00:00,Unavailable,,
350216961,2026-05-12T07:39:20+00:00,Unavailable,,
350216972,2026-05-12T07:39:20+00:00,Unavailable,,
350216994,2026-05-12T07:39:20+00:00,Unavailable,,
350217005,2026-05-12T07:39:20+00:00,Unavailable,,
350217016,2026-05-12T07:39:20+00:00,Unavailable,,
350217027,2026-05-12T07:39:20+00:00,Unavailable,,
350217049,2026-05-12T07:39:20+00:00,Unavailable,,
350217071,2026-05-12T07:39:20+00:00,Unavailable,,
350217083,2026-05-12T07:39:20+00:00,Unavailable,,
350217105,2026-05-12T07:39:20+00:00,Unavailable,,
350217117,2026-05-12T07:39:20+00:00,Unavailable,,
350217128,2026-05-12T07:39:20+00:00,Unavailable,,
350217150,2026-05-12T07:39:20+00:00,Unavailable,,
350217162,2026-05-12T07:39:20+00:00,Unavailable,,
350217174,2026-05-12T07:39:20+00:00,Unavailable,,
350217185,2026-05-12T07:39:20+00:00,Unavailable,,
350217207,2026-05-12T07:39:20+00:00,Unavailable,,
350217218,2026-05-12T07:39:20+00:00,Unavailable,,
350217240,2026-05-12T07:39:20+00:00,Unavailable,,
350217251,2026-05-12T07:39:20+00:00,Unavailable,,
350217262,2026-05-12T07:39:20+00:00,Unavailable,,
350217273,2026-05-12T07:39:20+00:00,Unavailable,,
350217284,2026-05-12T07:39:20+00:00,Unavailable,,
350217295,2026-05-12T07:39:20+00:00,Unavailable,,
350217306,2026-05-12T07:39:20+00:00,Unavailable,,
350217317,2026-05-12T07:39:20+00:00,Unavailable,,
350217339,2026-05-12T07:39:20+00:00,Unavailable,,
350217353,2026-05-12T07:39:20+00:00,Unavailable,,
350217366,2026-05-12T07:39:20+00:00,Unavailable,,
350217379,2026-05-12T07:39:20+00:00,Unavailable,,
350217393,2026-05-12T07:39:20+00:00,Unavailable,,
350217404,2026-05-12T07:39:20+00:00,Unavailable,,
350217415,2026-05-12T07:39:20+00:00,Unavailable,,
350217426,2026-05-12T07:39:20+00:00,Unavailable,,
350217437,2026-05-12T07:39:20+00:00,Unavailable,,
350217448,2026-05-12T07:39:20+00:00,Unavailable,,
350732033,2026-05-12T07:39:20+00:00,Unavailable,,
350739304,2026-05-12T07:39:20+00:00,Unavailable,,
350740400,2026-05-12T07:39:20+00:00,Unavailable,,
350740938,2026-05-12T07:39:20+00:00,Unavailable,,
350741533,2026-05-12T07:39:20+00:00,Unavailable,,
350741599,2026-05-12T07:39:20+00:00,Unavailable,,
364675943,2026-05-12T07:39:20+00:00,Unavailable,,
364677421,2026-05-12T07:39:20+00:00,Unavailable,,
364677693,2026-05-12T07:39:20+00:00,Unavailable,,
364678079,2026-05-12T07:39:20+00:00,Unavailable,,
350200801,2026-05-12T07:39:24+00:00,Unavailable,,
350200813,2026-05-12T07:39:24+00:00,Unavailable,,
350200824,2026-05-12T07:39:24+00:00,Unavailable,,
350200836,2026-05-12T07:39:24+00:00,Unavailable,,
350200847,2026-05-12T07:39:24+00:00,Unavailable,,
350200858,2026-05-12T07:39:24+00:00,Unavailable,,
350200869,2026-05-12T07:39:24+00:00,Unavailable,,
350200880,2026-05-12T07:39:24+00:00,Unavailable,,
350200891,2026-05-12T07:39:24+00:00,Unavailable,,
350200902,2026-05-12T07:39:24+00:00,Unavailable,,
350200913,2026-05-12T07:39:24+00:00,Unavailable,,
350200924,2026-05-12T07:39:24+00:00,Unavailable,,
350200935,2026-05-12T07:39:24+00:00,Unavailable,,
350200946,2026-05-12T07:39:24+00:00,Unavailable,,
350200957,2026-05-12T07:39:24+00:00,Unavailable,,
350200968,2026-05-12T07:39:24+00:00,Unavailable,,
350200979,2026-05-12T07:39:24+00:00,Unavailable,,
350200990,2026-05-12T07:39:24+00:00,Unavailable,,
350201001,2026-05-12T07:39:24+00:00,Unavailable,,
350201012,2026-05-12T07:39:24+00:00,Unavailable,,
350201023,2026-05-12T07:39:24+00:00,Unavailable,,
350201034,2026-05-12T07:39:24+00:00,Unavailable,,
350201045,2026-05-12T07:39:24+00:00,Unavailable,,
350201058,2026-05-12T07:39:24+00:00,Unavailable,,
350201069,2026-05-12T07:39:24+00:00,Unavailable,,
350201080,2026-05-12T07:39:24+00:00,Unavailable,,
350201091,2026-05-12T07:39:24+00:00,Unavailable,,
350201102,2026-05-12T07:39:24+00:00,Unavailable,,
350201113,2026-05-12T07:39:24+00:00,Unavailable,,
350201124,2026-05-12T07:39:24+00:00,Unavailable,,
350201135,2026-05-12T07:39:24+00:00,Unavailable,,
350201146,2026-05-12T07:39:24+00:00,Unavailable,,
350201157,2026-05-12T07:39:24+00:00,Unavailable,,
350201170,2026-05-12T07:39:24+00:00,Unavailable,,
350201182,2026-05-12T07:39:24+00:00,Unavailable,,
350201193,2026-05-12T07:39:24+00:00,Unavailable,,
350201205,2026-05-12T07:39:24+00:00,Unavailable,,
350201216,2026-05-12T07:39:24+00:00,Unavailable,,
350201227,2026-05-12T07:39:24+00:00,Unavailable,,
350201238,2026-05-12T07:39:24+00:00,Unavailable,,
350201249,2026-05-12T07:39:24+00:00,Unavailable,,
350201260,2026-05-12T07:39:24+00:00,Unavailable,,
350201271,2026-05-12T07:39:24+00:00,Unavailable,,
350201283,2026-05-12T07:39:24+00:00,Unavailable,,
350201294,2026-05-12T07:39:24+00:00,Unavailable,,
350201305,2026-05-12T07:39:24+00:00,Unavailable,,
350201316,2026-05-12T07:39:24+00:00,Unavailable,,
350201327,2026-05-12T07:39:24+00:00,Unavailable,,
350201338,2026-05-12T07:39:24+00:00,Unavailable,,
350201349,2026-05-12T07:39:24+00:00,Unavailable,,
350201360,2026-05-12T07:39:24+00:00,Unavailable,,
350201371,2026-05-12T07:39:24+00:00,Unavailable,,
350201382,2026-05-12T07:39:24+00:00,Unavailable,,
350201393,2026-05-12T07:39:24+00:00,Unavailable,,
350201404,2026-05-12T07:39:24+00:00,Unavailable,,
350201415,2026-05-12T07:39:24+00:00,Unavailable,,
350201426,2026-05-12T07:39:24+00:00,Unavailable,,
350201437,2026-05-12T07:39:24+00:00,Unavailable,,
350201448,2026-05-12T07:39:24+00:00,Unavailable,,
350201459,2026-05-12T07:39:24+00:00,Unavailable,,
350201470,2026-05-12T07:39:24+00:00,Unavailable,,
350201481,2026-05-12T07:39:24+00:00,Unavailable,,
350201492,2026-05-12T07:39:24+00:00,Unavailable,,
350201503,2026-05-12T07:39:24+00:00,Unavailable,,
350201514,2026-05-12T07:39:24+00:00,Unavailable,,
350201525,2026-05-12T07:39:24+00:00,Unavailable,,
350201536,2026-05-12T07:39:24+00:00,Unavailable,,
350201547,2026-05-12T07:39:24+00:00,Unavailable,,
350201558,2026-05-12T07:39:24+00:00,Unavailable,,
350201569,2026-05-12T07:39:24+00:00,Unavailable,,
350201580,2026-05-12T07:39:24+00:00,Unavailable,,
350201591,2026-05-12T07:39:24+00:00,Unavailable,,
350201602,2026-05-12T07:39:24+00:00,Unavailable,,
350201613,2026-05-12T07:39:24+00:00,Unavailable,,
350201624,2026-05-12T07:39:24+00:00,Unavailable,,
350201635,2026-05-12T07:39:24+00:00,Unavailable,,
350201646,2026-05-12T07:39:24+00:00,Unavailable,,
350201657,2026-05-12T07:39:24+00:00,Unavailable,,
350201668,2026-05-12T07:39:24+00:00,Unavailable,,
350201679,2026-05-12T07:39:24+00:00,Unavailable,,
350201690,2026-05-12T07:39:24+00:00,Unavailable,,
350201701,2026-05-12T07:39:24+00:00,Unavailable,,
350201712,2026-05-12T07:39:24+00:00,Unavailable,,
350201723,2026-05-12T07:39:24+00:00,Unavailable,,
350201735,2026-05-12T07:39:24+00:00,Unavailable,,
350201746,2026-05-12T07:39:24+00:00,Unavailable,,
350201757,2026-05-12T07:39:24+00:00,Unavailable,,
350201768,2026-05-12T07:39:24+00:00,Unavailable,,
350201779,2026-05-12T07:39:24+00:00,Unavailable,,
350201790,2026-05-12T07:39:24+00:00,Unavailable,,
350201801,2026-05-12T07:39:24+00:00,Unavailable,,
350201812,2026-05-12T07:39:24+00:00,Unavailable,,
350201823,2026-05-12T07:39:24+00:00,Unavailable,,
350201834,2026-05-12T07:39:24+00:00,Unavailable,,
350201845,2026-05-12T07:39:24+00:00,Unavailable,,
350201856,2026-05-12T07:39:24+00:00,Unavailable,,
350201867,2026-05-12T07:39:24+00:00,Unavailable,,
350201879,2026-05-12T07:39:24+00:00,Unavailable,,
350201890,2026-05-12T07:39:24+00:00,Unavailable,,
350201901,2026-05-12T07:39:24+00:00,Unavailable,,
350201912,2026-05-12T07:39:24+00:00,Unavailable,,
350201924,2026-05-12T07:39:24+00:00,Unavailable,,
350201935,2026-05-12T07:39:24+00:00,Unavailable,,
350201947,2026-05-12T07:39:24+00:00,Unavailable,,
350201958,2026-05-12T07:39:24+00:00,Unavailable,,
350201969,2026-05-12T07:39:24+00:00,Unavailable,,
350201980,2026-05-12T07:39:24+00:00,Unavailable,,
350201991,2026-05-12T07:39:24+00:00,Unavailable,,
350202003,2026-05-12T07:39:24+00:00,Unavailable,,
350202018,2026-05-12T07:39:24+00:00,Unavailable,,
350202032,2026-05-12T07:39:24+00:00,Unavailable,,
350202045,2026-05-12T07:39:24+00:00,Unavailable,,
350202056,2026-05-12T07:39:24+00:00,Unavailable,,
350202069,2026-05-12T07:39:24+00:00,Unavailable,,
350202080,2026-05-12T07:39:24+00:00,Unavailable,,
350202091,2026-05-12T07:39:24+00:00,Unavailable,,
350202102,2026-05-12T07:39:24+00:00,Unavailable,,
350202113,2026-05-12T07:39:24+00:00,Unavailable,,
350202124,2026-05-12T07:39:24+00:00,Unavailable,,
350202135,2026-05-12T07:39:24+00:00,Unavailable,,
350202146,2026-05-12T07:39:24+00:00,Unavailable,,
350202157,2026-05-12T07:39:24+00:00,Unavailable,,
350202168,2026-05-12T07:39:24+00:00,Unavailable,,
350202180,2026-05-12T07:39:24+00:00,Unavailable,,
350202191,2026-05-12T07:39:24+00:00,Unavailable,,
350202202,2026-05-12T07:39:24+00:00,Unavailable,,
350202213,2026-05-12T07:39:24+00:00,Unavailable,,
350202224,2026-05-12T07:39:24+00:00,Unavailable,,
350202235,2026-05-12T07:39:24+00:00,Unavailable,,
350202246,2026-05-12T07:39:24+00:00,Unavailable,,
350202257,2026-05-12T07:39:24+00:00,Unavailable,,
350202268,2026-05-12T07:39:24+00:00,Unavailable,,
350202279,2026-05-12T07:39:24+00:00,Unavailable,,
350202290,2026-05-12T07:39:24+00:00,Unavailable,,
350202301,2026-05-12T07:39:24+00:00,Unavailable,,
350202312,2026-05-12T07:39:24+00:00,Unavailable,,
350202323,2026-05-12T07:39:24+00:00,Unavailable,,
350202334,2026-05-12T07:39:24+00:00,Unavailable,,
350202347,2026-05-12T07:39:24+00:00,Unavailable,,
350202361,2026-05-12T07:39:24+00:00,Unavailable,,
350202372,2026-05-12T07:39:24+00:00,Unavailable,,
350202383,2026-05-12T07:39:24+00:00,Unavailable,,
350202394,2026-05-12T07:39:24+00:00,Unavailable,,
350202406,2026-05-12T07:39:24+00:00,Unavailable,,
350202417,2026-05-12T07:39:24+00:00,Unavailable,,
350202429,2026-05-12T07:39:24+00:00,Unavailable,,
350202440,2026-05-12T07:39:24+00:00,Unavailable,,
350202451,2026-05-12T07:39:24+00:00,Unavailable,,
350202462,2026-05-12T07:39:24+00:00,Unavailable,,
350202473,2026-05-12T07:39:24+00:00,Unavailable,,
350202484,2026-05-12T07:39:24+00:00,Unavailable,,
350202495,2026-05-12T07:39:24+00:00,Unavailable,,
350202506,2026-05-12T07:39:24+00:00,Unavailable,,
350202517,2026-05-12T07:39:24+00:00,Unavailable,,
350202528,2026-05-12T07:39:24+00:00,Unavailable,,
350202539,2026-05-12T07:39:24+00:00,Unavailable,,
350202551,2026-05-12T07:39:24+00:00,Unavailable,,
350202562,2026-05-12T07:39:24+00:00,Unavailable,,
350202573,2026-05-12T07:39:24+00:00,Unavailable,,
350202584,2026-05-12T07:39:24+00:00,Unavailable,,
350202595,2026-05-12T07:39:24+00:00,Unavailable,,
350202607,2026-05-12T07:39:24+00:00,Unavailable,,
350202618,2026-05-12T07:39:24+00:00,Unavailable,,
350202631,2026-05-12T07:39:24+00:00,Unavailable,,
350202642,2026-05-12T07:39:24+00:00,Unavailable,,
350202654,2026-05-12T07:39:24+00:00,Unavailable,,
350202665,2026-05-12T07:39:24+00:00,Unavailable,,
350202676,2026-05-12T07:39:24+00:00,Unavailable,,
350202687,2026-05-12T07:39:24+00:00,Unavailable,,
350202698,2026-05-12T07:39:24+00:00,Unavailable,,
350202709,2026-05-12T07:39:24+00:00,Unavailable,,
350202720,2026-05-12T07:39:24+00:00,Unavailable,,
350202731,2026-05-12T07:39:24+00:00,Unavailable,,
350202742,2026-05-12T07:39:24+00:00,Unavailable,,
350202753,2026-05-12T07:39:24+00:00,Unavailable,,
350202764,2026-05-12T07:39:24+00:00,Unavailable,,
350202775,2026-05-12T07:39:24+00:00,Unavailable,,
350202786,2026-05-12T07:39:24+00:00,Unavailable,,
350202797,2026-05-12T07:39:24+00:00,Unavailable,,
350202808,2026-05-12T07:39:24+00:00,Unavailable,,
350202819,2026-05-12T07:39:24+00:00,Unavailable,,
350202830,2026-05-12T07:39:24+00:00,Unavailable,,
350202841,2026-05-12T07:39:24+00:00,Unavailable,,
350202852,2026-05-12T07:39:24+00:00,Unavailable,,
350202863,2026-05-12T07:39:24+00:00,Unavailable,,
350202874,2026-05-12T07:39:24+00:00,Unavailable,,
350202885,2026-05-12T07:39:24+00:00,Unavailable,,
350202896,2026-05-12T07:39:24+00:00,Unavailable,,
350202908,2026-05-12T07:39:24+00:00,Unavailable,,
350202919,2026-05-12T07:39:24+00:00,Unavailable,,
350202930,2026-05-12T07:39:24+00:00,Unavailable,,
350202941,2026-05-12T07:39:24+00:00,Unavailable,,
350202952,2026-05-12T07:39:24+00:00,Unavailable,,
350202963,2026-05-12T07:39:24+00:00,Unavailable,,
350202974,2026-05-12T07:39:24+00:00,Unavailable,,
350202985,2026-05-12T07:39:24+00:00,Unavailable,,
350202996,2026-05-12T07:39:24+00:00,Unavailable,,
350203007,2026-05-12T07:39:24+00:00,Unavailable,,
350203018,2026-05-12T07:39:24+00:00,Unavailable,,
350203029,2026-05-12T07:39:24+00:00,Unavailable,,
350203040,2026-05-12T07:39:24+00:00,Unavailable,,
350203051,2026-05-12T07:39:24+00:00,Unavailable,,
350203062,2026-05-12T07:39:24+00:00,Unavailable,,
350203073,2026-05-12T07:39:24+00:00,Unavailable,,
350203084,2026-05-12T07:39:24+00:00,Unavailable,,
350203095,2026-05-12T07:39:24+00:00,Unavailable,,
350203106,2026-05-12T07:39:24+00:00,Unavailable,,
350203117,2026-05-12T07:39:24+00:00,Unavailable,,
350203128,2026-05-12T07:39:24+00:00,Unavailable,,
350203139,2026-05-12T07:39:24+00:00,Unavailable,,
350203150,2026-05-12T07:39:24+00:00,Unavailable,,
350203162,2026-05-12T07:39:24+00:00,Unavailable,,
350203173,2026-05-12T07:39:24+00:00,Unavailable,,
350203184,2026-05-12T07:39:24+00:00,Unavailable,,
350203195,2026-05-12T07:39:24+00:00,Unavailable,,
350203206,2026-05-12T07:39:24+00:00,Unavailable,,
350203217,2026-05-12T07:39:24+00:00,Unavailable,,
350203228,2026-05-12T07:39:24+00:00,Unavailable,,
350203239,2026-05-12T07:39:24+00:00,Unavailable,,
350203250,2026-05-12T07:39:24+00:00,Unavailable,,
350203261,2026-05-12T07:39:24+00:00,Unavailable,,
350203272,2026-05-12T07:39:24+00:00,Unavailable,,
350203283,2026-05-12T07:39:24+00:00,Unavailable,,
350203294,2026-05-12T07:39:24+00:00,Unavailable,,
350203305,2026-05-12T07:39:24+00:00,Unavailable,,
350203316,2026-05-12T07:39:24+00:00,Unavailable,,
350203327,2026-05-12T07:39:24+00:00,Unavailable,,
350203338,2026-05-12T07:39:24+00:00,Unavailable,,
350203349,2026-05-12T07:39:24+00:00,Unavailable,,
350203360,2026-05-12T07:39:24+00:00,Unavailable,,
350203371,2026-05-12T07:39:24+00:00,Unavailable,,
350203383,2026-05-12T07:39:24+00:00,Unavailable,,
350203394,2026-05-12T07:39:24+00:00,Unavailable,,
350203405,2026-05-12T07:39:24+00:00,Unavailable,,
350203416,2026-05-12T07:39:24+00:00,Unavailable,,
350203427,2026-05-12T07:39:24+00:00,Unavailable,,
350203438,2026-05-12T07:39:24+00:00,Unavailable,,
350203449,2026-05-12T07:39:24+00:00,Unavailable,,
350203460,2026-05-12T07:39:24+00:00,Unavailable,,
350203472,2026-05-12T07:39:24+00:00,Unavailable,,
350203483,2026-05-12T07:39:24+00:00,Unavailable,,
350203494,2026-05-12T07:39:24+00:00,Unavailable,,
350203505,2026-05-12T07:39:24+00:00,Unavailable,,
350203516,2026-05-12T07:39:24+00:00,Unavailable,,
350203527,2026-05-12T07:39:24+00:00,Unavailable,,
350203538,2026-05-12T07:39:24+00:00,Unavailable,,
350203549,2026-05-12T07:39:24+00:00,Unavailable,,
350203560,2026-05-12T07:39:24+00:00,Unavailable,,
350203571,2026-05-12T07:39:24+00:00,Unavailable,,
350203593,2026-05-12T07:39:24+00:00,Unavailable,,
355173402,2026-05-12T07:39:24+00:00,Unavailable,,
350223957,2026-05-12T07:39:34+00:00,Unavailable,,
350223971,2026-05-12T07:39:34+00:00,Unavailable,,
350223985,2026-05-12T07:39:34+00:00,Unavailable,,
350223999,2026-05-12T07:39:34+00:00,Unavailable,,
350224011,2026-05-12T07:39:34+00:00,Unavailable,,
350224022,2026-05-12T07:39:34+00:00,Unavailable,,
350224033,2026-05-12T07:39:34+00:00,Unavailable,,
350224044,2026-05-12T07:39:34+00:00,Unavailable,,
350224055,2026-05-12T07:39:34+00:00,Unavailable,,
350224066,2026-05-12T07:39:34+00:00,Unavailable,,
350224077,2026-05-12T07:39:34+00:00,Unavailable,,
350224088,2026-05-12T07:39:34+00:00,Unavailable,,
350224102,2026-05-12T07:39:34+00:00,Unavailable,,
350224116,2026-05-12T07:39:34+00:00,Unavailable,,
350224130,2026-05-12T07:39:34+00:00,Unavailable,,
350224144,2026-05-12T07:39:34+00:00,Unavailable,,
350224158,2026-05-12T07:39:34+00:00,Unavailable,,
350224172,2026-05-12T07:39:34+00:00,Unavailable,,
350224186,2026-05-12T07:39:34+00:00,Unavailable,,
350224200,2026-05-12T07:39:34+00:00,Unavailable,,
350224214,2026-05-12T07:39:34+00:00,Unavailable,,
350224228,2026-05-12T07:39:34+00:00,Unavailable,,
350224239,2026-05-12T07:39:34+00:00,Unavailable,,
350224250,2026-05-12T07:39:34+00:00,Unavailable,,
350224261,2026-05-12T07:39:34+00:00,Unavailable,,
350224272,2026-05-12T07:39:34+00:00,Unavailable,,
350224283,2026-05-12T07:39:34+00:00,Unavailable,,
350224294,2026-05-12T07:39:34+00:00,Unavailable,,
350224305,2026-05-12T07:39:34+00:00,Unavailable,,
350224317,2026-05-12T07:39:34+00:00,Unavailable,,
350224328,2026-05-12T07:39:34+00:00,Unavailable,,
350224339,2026-05-12T07:39:34+00:00,Unavailable,,
350224350,2026-05-12T07:39:34+00:00,Unavailable,,
350224361,2026-05-12T07:39:34+00:00,Unavailable,,
350224372,2026-05-12T07:39:34+00:00,Unavailable,,
350224386,2026-05-12T07:39:34+00:00,Unavailable,,
350224401,2026-05-12T07:39:34+00:00,Unavailable,,
350224416,2026-05-12T07:39:34+00:00,Unavailable,,
350224433,2026-05-12T07:39:34+00:00,Unavailable,,
350224444,2026-05-12T07:39:34+00:00,Unavailable,,
350224455,2026-05-12T07:39:34+00:00,Unavailable,,
350224466,2026-05-12T07:39:34+00:00,Unavailable,,
350224477,2026-05-12T07:39:34+00:00,Unavailable,,
350224489,2026-05-12T07:39:34+00:00,Unavailable,,
350224500,2026-05-12T07:39:34+00:00,Unavailable,,
350224511,2026-05-12T07:39:34+00:00,Unavailable,,
350224522,2026-05-12T07:39:34+00:00,Unavailable,,
350224533,2026-05-12T07:39:34+00:00,Unavailable,,
350224544,2026-05-12T07:39:34+00:00,Unavailable,,
350224555,2026-05-12T07:39:34+00:00,Unavailable,,
350224566,2026-05-12T07:39:34+00:00,Unavailable,,
350224577,2026-05-12T07:39:34+00:00,Unavailable,,
350224588,2026-05-12T07:39:34+00:00,Unavailable,,
350224599,2026-05-12T07:39:34+00:00,Unavailable,,
350224612,2026-05-12T07:39:34+00:00,Unavailable,,
350224623,2026-05-12T07:39:34+00:00,Unavailable,,
350224634,2026-05-12T07:39:34+00:00,Unavailable,,
350224645,2026-05-12T07:39:34+00:00,Unavailable,,
350224658,2026-05-12T07:39:34+00:00,Unavailable,,
350224669,2026-05-12T07:39:34+00:00,Unavailable,,
350224680,2026-05-12T07:39:34+00:00,Unavailable,,
350224692,2026-05-12T07:39:34+00:00,Unavailable,,
350224703,2026-05-12T07:39:34+00:00,Unavailable,,
350224714,2026-05-12T07:39:34+00:00,Unavailable,,
350224725,2026-05-12T07:39:34+00:00,Unavailable,,
350224738,2026-05-12T07:39:34+00:00,Unavailable,,
350224749,2026-05-12T07:39:34+00:00,Unavailable,,
350224760,2026-05-12T07:39:34+00:00,Unavailable,,
350224771,2026-05-12T07:39:34+00:00,Unavailable,,
350224782,2026-05-12T07:39:34+00:00,Unavailable,,
350224793,2026-05-12T07:39:34+00:00,Unavailable,,
350224804,2026-05-12T07:39:34+00:00,Unavailable,,
350224815,2026-05-12T07:39:34+00:00,Unavailable,,
350224826,2026-05-12T07:39:34+00:00,Unavailable,,
350224837,2026-05-12T07:39:34+00:00,Unavailable,,
350224848,2026-05-12T07:39:34+00:00,Unavailable,,
350224859,2026-05-12T07:39:34+00:00,Unavailable,,
350224873,2026-05-12T07:39:34+00:00,Unavailable,,
350224887,2026-05-12T07:39:34+00:00,Unavailable,,
350224901,2026-05-12T07:39:34+00:00,Unavailable,,
350224915,2026-05-12T07:39:34+00:00,Unavailable,,
350224929,2026-05-12T07:39:34+00:00,Unavailable,,
350224940,2026-05-12T07:39:34+00:00,Unavailable,,
350224951,2026-05-12T07:39:34+00:00,Unavailable,,
350224962,2026-05-12T07:39:34+00:00,Unavailable,,
350224973,2026-05-12T07:39:34+00:00,Unavailable,,
350224985,2026-05-12T07:39:34+00:00,Unavailable,,
350224996,2026-05-12T07:39:34+00:00,Unavailable,,
350225008,2026-05-12T07:39:34+00:00,Unavailable,,
350225019,2026-05-12T07:39:34+00:00,Unavailable,,
350225030,2026-05-12T07:39:34+00:00,Unavailable,,
350225041,2026-05-12T07:39:34+00:00,Unavailable,,
350225053,2026-05-12T07:39:34+00:00,Unavailable,,
350225064,2026-05-12T07:39:34+00:00,Unavailable,,
350225075,2026-05-12T07:39:34+00:00,Unavailable,,
350225086,2026-05-12T07:39:34+00:00,Unavailable,,
350225097,2026-05-12T07:39:34+00:00,Unavailable,,
350225108,2026-05-12T07:39:34+00:00,Unavailable,,
350225119,2026-05-12T07:39:34+00:00,Unavailable,,
350225130,2026-05-12T07:39:34+00:00,Unavailable,,
350225141,2026-05-12T07:39:34+00:00,Unavailable,,
350225163,2026-05-12T07:39:34+00:00,Unavailable,,
350225174,2026-05-12T07:39:34+00:00,Unavailable,,
350225185,2026-05-12T07:39:34+00:00,Unavailable,,
350225196,2026-05-12T07:39:34+00:00,Unavailable,,
350225207,2026-05-12T07:39:34+00:00,Unavailable,,
350225218,2026-05-12T07:39:34+00:00,Unavailable,,
350225229,2026-05-12T07:39:34+00:00,Unavailable,,
350225240,2026-05-12T07:39:34+00:00,Unavailable,,
350225251,2026-05-12T07:39:34+00:00,Unavailable,,
350225262,2026-05-12T07:39:34+00:00,Unavailable,,
350225273,2026-05-12T07:39:34+00:00,Unavailable,,
350225285,2026-05-12T07:39:34+00:00,Unavailable,,
350225296,2026-05-12T07:39:34+00:00,Unavailable,,
350225307,2026-05-12T07:39:34+00:00,Unavailable,,
350225318,2026-05-12T07:39:34+00:00,Unavailable,,
350225329,2026-05-12T07:39:34+00:00,Unavailable,,
350225341,2026-05-12T07:39:34+00:00,Unavailable,,
350225352,2026-05-12T07:39:34+00:00,Unavailable,,
350225363,2026-05-12T07:39:34+00:00,Unavailable,,
350225375,2026-05-12T07:39:34+00:00,Unavailable,,
350225387,2026-05-12T07:39:34+00:00,Unavailable,,
350225401,2026-05-12T07:39:34+00:00,Unavailable,,
350225415,2026-05-12T07:39:34+00:00,Unavailable,,
350225429,2026-05-12T07:39:34+00:00,Unavailable,,
350225443,2026-05-12T07:39:34+00:00,Unavailable,,
350225457,2026-05-12T07:39:34+00:00,Unavailable,,
350225471,2026-05-12T07:39:34+00:00,Unavailable,,
350225485,2026-05-12T07:39:34+00:00,Unavailable,,
350225496,2026-05-12T07:39:34+00:00,Unavailable,,
350225507,2026-05-12T07:39:34+00:00,Unavailable,,
350225518,2026-05-12T07:39:34+00:00,Unavailable,,
350225529,2026-05-12T07:39:34+00:00,Unavailable,,
350225540,2026-05-12T07:39:34+00:00,Unavailable,,
350225551,2026-05-12T07:39:34+00:00,Unavailable,,
350225562,2026-05-12T07:39:34+00:00,Unavailable,,
350225573,2026-05-12T07:39:34+00:00,Unavailable,,
350225584,2026-05-12T07:39:34+00:00,Unavailable,,
350225596,2026-05-12T07:39:34+00:00,Unavailable,,
350225607,2026-05-12T07:39:34+00:00,Unavailable,,
350225618,2026-05-12T07:39:34+00:00,Unavailable,,
350225629,2026-05-12T07:39:34+00:00,Unavailable,,
350225640,2026-05-12T07:39:34+00:00,Unavailable,,
350225651,2026-05-12T07:39:34+00:00,Unavailable,,
350225663,2026-05-12T07:39:34+00:00,Unavailable,,
350225674,2026-05-12T07:39:34+00:00,Unavailable,,
350225688,2026-05-12T07:39:34+00:00,Unavailable,,
350225702,2026-05-12T07:39:34+00:00,Unavailable,,
350225716,2026-05-12T07:39:34+00:00,Unavailable,,
350225730,2026-05-12T07:39:34+00:00,Unavailable,,
350225744,2026-05-12T07:39:34+00:00,Unavailable,,
350225758,2026-05-12T07:39:34+00:00,Unavailable,,
350225786,2026-05-12T07:39:34+00:00,Unavailable,,
350225814,2026-05-12T07:39:34+00:00,Unavailable,,
350225825,2026-05-12T07:39:34+00:00,Unavailable,,
350225836,2026-05-12T07:39:34+00:00,Unavailable,,
350225847,2026-05-12T07:39:34+00:00,Unavailable,,
350225858,2026-05-12T07:39:34+00:00,Unavailable,,
350225869,2026-05-12T07:39:34+00:00,Unavailable,,
350225880,2026-05-12T07:39:34+00:00,Unavailable,,
350225891,2026-05-12T07:39:34+00:00,Unavailable,,
350225902,2026-05-12T07:39:34+00:00,Unavailable,,
350225913,2026-05-12T07:39:34+00:00,Unavailable,,
350225924,2026-05-12T07:39:34+00:00,Unavailable,,
350225935,2026-05-12T07:39:34+00:00,Unavailable,,
350225946,2026-05-12T07:39:34+00:00,Unavailable,,
350225957,2026-05-12T07:39:34+00:00,Unavailable,,
350225968,2026-05-12T07:39:34+00:00,Unavailable,,
350225981,2026-05-12T07:39:34+00:00,Unavailable,,
350225993,2026-05-12T07:39:34+00:00,Unavailable,,
350226004,2026-05-12T07:39:34+00:00,Unavailable,,
350226015,2026-05-12T07:39:34+00:00,Unavailable,,
350226026,2026-05-12T07:39:34+00:00,Unavailable,,
350226037,2026-05-12T07:39:34+00:00,Unavailable,,
350226048,2026-05-12T07:39:34+00:00,Unavailable,,
350226059,2026-05-12T07:39:34+00:00,Unavailable,,
350226070,2026-05-12T07:39:34+00:00,Unavailable,,
350280176,2026-05-12T07:39:34+00:00,Unavailable,,
350280422,2026-05-12T07:39:34+00:00,Unavailable,,
350280510,2026-05-12T07:39:34+00:00,Unavailable,,
350280525,2026-05-12T07:39:34+00:00,Unavailable,,
350280536,2026-05-12T07:39:34+00:00,Unavailable,,
350288650,2026-05-12T07:39:34+00:00,Unavailable,,
350288664,2026-05-12T07:39:34+00:00,Unavailable,,
350288680,2026-05-12T07:39:34+00:00,Unavailable,,
350288691,2026-05-12T07:39:34+00:00,Unavailable,,
350288702,2026-05-12T07:39:34+00:00,Unavailable,,
350288713,2026-05-12T07:39:34+00:00,Unavailable,,
350288724,2026-05-12T07:39:34+00:00,Unavailable,,
350288737,2026-05-12T07:39:34+00:00,Unavailable,,
350288748,2026-05-12T07:39:34+00:00,Unavailable,,
350288759,2026-05-12T07:39:34+00:00,Unavailable,,
350288770,2026-05-12T07:39:34+00:00,Unavailable,,
350288781,2026-05-12T07:39:34+00:00,Unavailable,,
350288792,2026-05-12T07:39:34+00:00,Unavailable,,
350288804,2026-05-12T07:39:34+00:00,Unavailable,,
350288815,2026-05-12T07:39:34+00:00,Unavailable,,
350288826,2026-05-12T07:39:34+00:00,Unavailable,,
350288837,2026-05-12T07:39:34+00:00,Unavailable,,
350288848,2026-05-12T07:39:34+00:00,Unavailable,,
350288859,2026-05-12T07:39:34+00:00,Unavailable,,
350288870,2026-05-12T07:39:34+00:00,Unavailable,,
350288881,2026-05-12T07:39:34+00:00,Unavailable,,
350288892,2026-05-12T07:39:34+00:00,Unavailable,,
350288903,2026-05-12T07:39:34+00:00,Unavailable,,
350288914,2026-05-12T07:39:34+00:00,Unavailable,,
350288925,2026-05-12T07:39:34+00:00,Unavailable,,
350288937,2026-05-12T07:39:34+00:00,Unavailable,,
350288948,2026-05-12T07:39:34+00:00,Unavailable,,
350288959,2026-05-12T07:39:34+00:00,Unavailable,,
350288970,2026-05-12T07:39:34+00:00,Unavailable,,
350288981,2026-05-12T07:39:34+00:00,Unavailable,,
350288992,2026-05-12T07:39:34+00:00,Unavailable,,
350289003,2026-05-12T07:39:34+00:00,Unavailable,,
350289014,2026-05-12T07:39:34+00:00,Unavailable,,
350289048,2026-05-12T07:39:34+00:00,Unavailable,,
350289060,2026-05-12T07:39:34+00:00,Unavailable,,
350289071,2026-05-12T07:39:34+00:00,Unavailable,,
350289082,2026-05-12T07:39:34+00:00,Unavailable,,
350289093,2026-05-12T07:39:34+00:00,Unavailable,,
350289104,2026-05-12T07:39:34+00:00,Unavailable,,
350289115,2026-05-12T07:39:34+00:00,Unavailable,,
350289126,2026-05-12T07:39:34+00:00,Unavailable,,
350289137,2026-05-12T07:39:34+00:00,Unavailable,,
350289148,2026-05-12T07:39:34+00:00,Unavailable,,
350289159,2026-05-12T07:39:34+00:00,Unavailable,,
350289170,2026-05-12T07:39:34+00:00,Unavailable,,
350289181,2026-05-12T07:39:34+00:00,Unavailable,,
350289192,2026-05-12T07:39:34+00:00,Unavailable,,
350289203,2026-05-12T07:39:34+00:00,Unavailable,,
350289214,2026-05-12T07:39:34+00:00,Unavailable,,
350289226,2026-05-12T07:39:34+00:00,Unavailable,,
350289237,2026-05-12T07:39:34+00:00,Unavailable,,
350289248,2026-05-12T07:39:34+00:00,Unavailable,,
350289260,2026-05-12T07:39:34+00:00,Unavailable,,
350289271,2026-05-12T07:39:34+00:00,Unavailable,,
350289282,2026-05-12T07:39:34+00:00,Unavailable,,
350289293,2026-05-12T07:39:34+00:00,Unavailable,,
350289304,2026-05-12T07:39:34+00:00,Unavailable,,
350289315,2026-05-12T07:39:34+00:00,Unavailable,,
350289326,2026-05-12T07:39:34+00:00,Unavailable,,
350289337,2026-05-12T07:39:34+00:00,Unavailable,,
350289348,2026-05-12T07:39:34+00:00,Unavailable,,
350289359,2026-05-12T07:39:34+00:00,Unavailable,,
350289370,2026-05-12T07:39:34+00:00,Unavailable,,
350289381,2026-05-12T07:39:34+00:00,Unavailable,,
350289392,2026-05-12T07:39:34+00:00,Unavailable,,
350289404,2026-05-12T07:39:34+00:00,Unavailable,,
351070164,2026-05-12T07:39:34+00:00,Unavailable,,
351073176,2026-05-12T07:39:34+00:00,Unavailable,,
353250216,2026-05-12T07:39:34+00:00,Unavailable,,
364658017,2026-05-12T07:39:34+00:00,Unavailable,,
350216376,2026-05-12T09:35:50+00:00,Unavailable,,
350216387,2026-05-12T09:35:50+00:00,Unavailable,,
350216398,2026-05-12T09:35:50+00:00,Unavailable,,
350216409,2026-05-12T09:35:50+00:00,Unavailable,,
350216431,2026-05-12T09:35:50+00:00,Unavailable,,
350216442,2026-05-12T09:35:50+00:00,Unavailable,,
350216453,2026-05-12T09:35:50+00:00,Unavailable,,
350216465,2026-05-12T09:35:50+00:00,Unavailable,,
350216476,2026-05-12T09:35:50+00:00,Unavailable,,
350216487,2026-05-12T09:35:50+00:00,Unavailable,,
350216498,2026-05-12T09:35:50+00:00,Unavailable,,
350216509,2026-05-12T09:35:50+00:00,Unavailable,,
350216520,2026-05-12T09:35:50+00:00,Unavailable,,
350216542,2026-05-12T09:35:50+00:00,Unavailable,,
350216553,2026-05-12T09:35:50+00:00,Unavailable,,
350216564,2026-05-12T09:35:50+00:00,Unavailable,,
350216575,2026-05-12T09:35:50+00:00,Unavailable,,
350216586,2026-05-12T09:35:50+00:00,Unavailable,,
350216597,2026-05-12T09:35:50+00:00,Unavailable,,
350216608,2026-05-12T09:35:50+00:00,Unavailable,,
350216619,2026-05-12T09:35:50+00:00,Unavailable,,
350216630,2026-05-12T09:35:50+00:00,Unavailable,,
350216652,2026-05-12T09:35:50+00:00,Unavailable,,
350216663,2026-05-12T09:35:50+00:00,Unavailable,,
350216674,2026-05-12T09:35:50+00:00,Unavailable,,
350216685,2026-05-12T09:35:50+00:00,Unavailable,,
350216696,2026-05-12T09:35:50+00:00,Unavailable,,
350216707,2026-05-12T09:35:50+00:00,Unavailable,,
350216718,2026-05-12T09:35:50+00:00,Unavailable,,
350216729,2026-05-12T09:35:50+00:00,Unavailable,,
350216740,2026-05-12T09:35:50+00:00,Unavailable,,
350216751,2026-05-12T09:35:50+00:00,Unavailable,,
350216762,2026-05-12T09:35:50+00:00,Unavailable,,
350216773,2026-05-12T09:35:50+00:00,Unavailable,,
350216784,2026-05-12T09:35:50+00:00,Unavailable,,
350216795,2026-05-12T09:35:50+00:00,Unavailable,,
350216806,2026-05-12T09:35:50+00:00,Unavailable,,
350216817,2026-05-12T09:35:50+00:00,Unavailable,,
350216828,2026-05-12T09:35:50+00:00,Unavailable,,
350216839,2026-05-12T09:35:50+00:00,Unavailable,,
350216850,2026-05-12T09:35:50+00:00,Unavailable,,
350216861,2026-05-12T09:35:50+00:00,Unavailable,,
350216872,2026-05-12T09:35:50+00:00,Unavailable,,
350216884,2026-05-12T09:35:50+00:00,Unavailable,,
350216895,2026-05-12T09:35:50+00:00,Unavailable,,
350216906,2026-05-12T09:35:50+00:00,Unavailable,,
350216917,2026-05-12T09:35:50+00:00,Unavailable,,
350216928,2026-05-12T09:35:50+00:00,Unavailable,,
350216939,2026-05-12T09:35:50+00:00,Unavailable,,
350216950,2026-05-12T09:35:50+00:00,Unavailable,,
350216961,2026-05-12T09:35:50+00:00,Unavailable,,
350216972,2026-05-12T09:35:50+00:00,Unavailable,,
350216994,2026-05-12T09:35:50+00:00,Unavailable,,
350217005,2026-05-12T09:35:50+00:00,Unavailable,,
350217016,2026-05-12T09:35:50+00:00,Unavailable,,
350217027,2026-05-12T09:35:50+00:00,Unavailable,,
350217049,2026-05-12T09:35:50+00:00,Unavailable,,
350217071,2026-05-12T09:35:50+00:00,Unavailable,,
350217083,2026-05-12T09:35:50+00:00,Unavailable,,
350217105,2026-05-12T09:35:50+00:00,Unavailable,,
350217117,2026-05-12T09:35:50+00:00,Unavailable,,
350217128,2026-05-12T09:35:50+00:00,Unavailable,,
350217150,2026-05-12T09:35:50+00:00,Unavailable,,
350217162,2026-05-12T09:35:50+00:00,Unavailable,,
350217174,2026-05-12T09:35:50+00:00,Unavailable,,
350217185,2026-05-12T09:35:50+00:00,Unavailable,,
350217207,2026-05-12T09:35:50+00:00,Unavailable,,
350217218,2026-05-12T09:35:50+00:00,Unavailable,,
350217240,2026-05-12T09:35:50+00:00,Unavailable,,
350217251,2026-05-12T09:35:50+00:00,Unavailable,,
350217262,2026-05-12T09:35:50+00:00,Unavailable,,
350217273,2026-05-12T09:35:50+00:00,Unavailable,,
350217284,2026-05-12T09:35:50+00:00,Unavailable,,
350217295,2026-05-12T09:35:50+00:00,Unavailable,,
350217306,2026-05-12T09:35:50+00:00,Unavailable,,
350217317,2026-05-12T09:35:50+00:00,Unavailable,,
350217339,2026-05-12T09:35:50+00:00,Unavailable,,
350217353,2026-05-12T09:35:50+00:00,Unavailable,,
350217366,2026-05-12T09:35:50+00:00,Unavailable,,
350217379,2026-05-12T09:35:50+00:00,Unavailable,,
350217393,2026-05-12T09:35:50+00:00,Unavailable,,
350217404,2026-05-12T09:35:50+00:00,Unavailable,,
350217415,2026-05-12T09:35:50+00:00,Unavailable,,
350217426,2026-05-12T09:35:50+00:00,Unavailable,,
350217437,2026-05-12T09:35:50+00:00,Unavailable,,
350217448,2026-05-12T09:35:50+00:00,Unavailable,,
350732033,2026-05-12T09:35:50+00:00,Unavailable,,
350739304,2026-05-12T09:35:50+00:00,Unavailable,,
350740400,2026-05-12T09:35:50+00:00,Unavailable,,
350740938,2026-05-12T09:35:50+00:00,Unavailable,,
350741533,2026-05-12T09:35:50+00:00,Unavailable,,
350741599,2026-05-12T09:35:50+00:00,Unavailable,,
364675943,2026-05-12T09:35:50+00:00,Unavailable,,
364677421,2026-05-12T09:35:50+00:00,Unavailable,,
364677693,2026-05-12T09:35:50+00:00,Unavailable,,
364678079,2026-05-12T09:35:50+00:00,Unavailable,,
350200801,2026-05-12T09:35:54+00:00,Unavailable,,
350200813,2026-05-12T09:35:54+00:00,Unavailable,,
350200824,2026-05-12T09:35:54+00:00,Unavailable,,
350200836,2026-05-12T09:35:54+00:00,Unavailable,,
350200847,2026-05-12T09:35:54+00:00,Unavailable,,
350200858,2026-05-12T09:35:54+00:00,Unavailable,,
350200869,2026-05-12T09:35:54+00:00,Unavailable,,
350200880,2026-05-12T09:35:54+00:00,Unavailable,,
350200891,2026-05-12T09:35:54+00:00,Unavailable,,
350200902,2026-05-12T09:35:54+00:00,Unavailable,,
350200913,2026-05-12T09:35:54+00:00,Unavailable,,
350200924,2026-05-12T09:35:54+00:00,Unavailable,,
350200935,2026-05-12T09:35:54+00:00,Unavailable,,
350200946,2026-05-12T09:35:54+00:00,Unavailable,,
350200957,2026-05-12T09:35:54+00:00,Unavailable,,
350200968,2026-05-12T09:35:54+00:00,Unavailable,,
350200979,2026-05-12T09:35:54+00:00,Unavailable,,
350200990,2026-05-12T09:35:54+00:00,Unavailable,,
350201001,2026-05-12T09:35:54+00:00,Unavailable,,
350201012,2026-05-12T09:35:54+00:00,Unavailable,,
350201023,2026-05-12T09:35:54+00:00,Unavailable,,
350201034,2026-05-12T09:35:54+00:00,Unavailable,,
350201045,2026-05-12T09:35:54+00:00,Unavailable,,
350201058,2026-05-12T09:35:54+00:00,Unavailable,,
350201069,2026-05-12T09:35:54+00:00,Unavailable,,
350201080,2026-05-12T09:35:54+00:00,Unavailable,,
350201091,2026-05-12T09:35:54+00:00,Unavailable,,
350201102,2026-05-12T09:35:54+00:00,Unavailable,,
350201113,2026-05-12T09:35:54+00:00,Unavailable,,
350201124,2026-05-12T09:35:54+00:00,Unavailable,,
350201135,2026-05-12T09:35:54+00:00,Unavailable,,
350201146,2026-05-12T09:35:54+00:00,Unavailable,,
350201157,2026-05-12T09:35:54+00:00,Unavailable,,
350201170,2026-05-12T09:35:54+00:00,Unavailable,,
350201182,2026-05-12T09:35:54+00:00,Unavailable,,
350201193,2026-05-12T09:35:54+00:00,Unavailable,,
350201205,2026-05-12T09:35:54+00:00,Unavailable,,
350201216,2026-05-12T09:35:54+00:00,Unavailable,,
350201227,2026-05-12T09:35:54+00:00,Unavailable,,
350201238,2026-05-12T09:35:54+00:00,Unavailable,,
350201249,2026-05-12T09:35:54+00:00,Unavailable,,
350201260,2026-05-12T09:35:54+00:00,Unavailable,,
350201271,2026-05-12T09:35:54+00:00,Unavailable,,
350201283,2026-05-12T09:35:54+00:00,Unavailable,,
350201294,2026-05-12T09:35:54+00:00,Unavailable,,
350201305,2026-05-12T09:35:54+00:00,Unavailable,,
350201316,2026-05-12T09:35:54+00:00,Unavailable,,
350201327,2026-05-12T09:35:54+00:00,Unavailable,,
350201338,2026-05-12T09:35:54+00:00,Unavailable,,
350201349,2026-05-12T09:35:54+00:00,Unavailable,,
350201360,2026-05-12T09:35:54+00:00,Unavailable,,
350201371,2026-05-12T09:35:54+00:00,Unavailable,,
350201382,2026-05-12T09:35:54+00:00,Unavailable,,
350201393,2026-05-12T09:35:54+00:00,Unavailable,,
350201404,2026-05-12T09:35:54+00:00,Unavailable,,
350201415,2026-05-12T09:35:54+00:00,Unavailable,,
350201426,2026-05-12T09:35:54+00:00,Unavailable,,
350201437,2026-05-12T09:35:54+00:00,Unavailable,,
350201448,2026-05-12T09:35:54+00:00,Unavailable,,
350201459,2026-05-12T09:35:54+00:00,Unavailable,,
350201470,2026-05-12T09:35:54+00:00,Unavailable,,
350201481,2026-05-12T09:35:54+00:00,Unavailable,,
350201492,2026-05-12T09:35:54+00:00,Unavailable,,
350201503,2026-05-12T09:35:54+00:00,Unavailable,,
350201514,2026-05-12T09:35:54+00:00,Unavailable,,
350201525,2026-05-12T09:35:54+00:00,Unavailable,,
350201536,2026-05-12T09:35:54+00:00,Unavailable,,
350201547,2026-05-12T09:35:54+00:00,Unavailable,,
350201558,2026-05-12T09:35:54+00:00,Unavailable,,
350201569,2026-05-12T09:35:54+00:00,Unavailable,,
350201580,2026-05-12T09:35:54+00:00,Unavailable,,
350201591,2026-05-12T09:35:54+00:00,Unavailable,,
350201602,2026-05-12T09:35:54+00:00,Unavailable,,
350201613,2026-05-12T09:35:54+00:00,Unavailable,,
350201624,2026-05-12T09:35:54+00:00,Unavailable,,
350201635,2026-05-12T09:35:54+00:00,Unavailable,,
350201646,2026-05-12T09:35:54+00:00,Unavailable,,
350201657,2026-05-12T09:35:54+00:00,Unavailable,,
350201668,2026-05-12T09:35:54+00:00,Unavailable,,
350201679,2026-05-12T09:35:54+00:00,Unavailable,,
350201690,2026-05-12T09:35:54+00:00,Unavailable,,
350201701,2026-05-12T09:35:54+00:00,Unavailable,,
350201712,2026-05-12T09:35:54+00:00,Unavailable,,
350201723,2026-05-12T09:35:54+00:00,Unavailable,,
350201735,2026-05-12T09:35:54+00:00,Unavailable,,
350201746,2026-05-12T09:35:54+00:00,Unavailable,,
350201757,2026-05-12T09:35:54+00:00,Unavailable,,
350201768,2026-05-12T09:35:54+00:00,Unavailable,,
350201779,2026-05-12T09:35:54+00:00,Unavailable,,
350201790,2026-05-12T09:35:54+00:00,Unavailable,,
350201801,2026-05-12T09:35:54+00:00,Unavailable,,
350201812,2026-05-12T09:35:54+00:00,Unavailable,,
350201823,2026-05-12T09:35:54+00:00,Unavailable,,
350201834,2026-05-12T09:35:54+00:00,Unavailable,,
350201845,2026-05-12T09:35:54+00:00,Unavailable,,
350201856,2026-05-12T09:35:54+00:00,Unavailable,,
350201867,2026-05-12T09:35:54+00:00,Unavailable,,
350201879,2026-05-12T09:35:54+00:00,Unavailable,,
350201890,2026-05-12T09:35:54+00:00,Unavailable,,
350201901,2026-05-12T09:35:54+00:00,Unavailable,,
350201912,2026-05-12T09:35:54+00:00,Unavailable,,
350201924,2026-05-12T09:35:54+00:00,Unavailable,,
350201935,2026-05-12T09:35:54+00:00,Unavailable,,
350201947,2026-05-12T09:35:54+00:00,Unavailable,,
350201958,2026-05-12T09:35:54+00:00,Unavailable,,
350201969,2026-05-12T09:35:54+00:00,Unavailable,,
350201980,2026-05-12T09:35:54+00:00,Unavailable,,
350201991,2026-05-12T09:35:54+00:00,Unavailable,,
350202003,2026-05-12T09:35:54+00:00,Unavailable,,
350202018,2026-05-12T09:35:54+00:00,Unavailable,,
350202032,2026-05-12T09:35:54+00:00,Unavailable,,
350202045,2026-05-12T09:35:54+00:00,Unavailable,,
350202056,2026-05-12T09:35:54+00:00,Unavailable,,
350202069,2026-05-12T09:35:54+00:00,Unavailable,,
350202080,2026-05-12T09:35:54+00:00,Unavailable,,
350202091,2026-05-12T09:35:54+00:00,Unavailable,,
350202102,2026-05-12T09:35:54+00:00,Unavailable,,
350202113,2026-05-12T09:35:54+00:00,Unavailable,,
350202124,2026-05-12T09:35:54+00:00,Unavailable,,
350202135,2026-05-12T09:35:54+00:00,Unavailable,,
350202146,2026-05-12T09:35:54+00:00,Unavailable,,
350202157,2026-05-12T09:35:54+00:00,Unavailable,,
350202168,2026-05-12T09:35:54+00:00,Unavailable,,
350202180,2026-05-12T09:35:54+00:00,Unavailable,,
350202191,2026-05-12T09:35:54+00:00,Unavailable,,
350202202,2026-05-12T09:35:54+00:00,Unavailable,,
350202213,2026-05-12T09:35:54+00:00,Unavailable,,
350202224,2026-05-12T09:35:54+00:00,Unavailable,,
350202235,2026-05-12T09:35:54+00:00,Unavailable,,
350202246,2026-05-12T09:35:54+00:00,Unavailable,,
350202257,2026-05-12T09:35:54+00:00,Unavailable,,
350202268,2026-05-12T09:35:54+00:00,Unavailable,,
350202279,2026-05-12T09:35:54+00:00,Unavailable,,
350202290,2026-05-12T09:35:54+00:00,Unavailable,,
350202301,2026-05-12T09:35:54+00:00,Unavailable,,
350202312,2026-05-12T09:35:54+00:00,Unavailable,,
350202323,2026-05-12T09:35:54+00:00,Unavailable,,
350202334,2026-05-12T09:35:54+00:00,Unavailable,,
350202347,2026-05-12T09:35:54+00:00,Unavailable,,
350202361,2026-05-12T09:35:54+00:00,Unavailable,,
350202372,2026-05-12T09:35:54+00:00,Unavailable,,
350202383,2026-05-12T09:35:54+00:00,Unavailable,,
350202394,2026-05-12T09:35:54+00:00,Unavailable,,
350202406,2026-05-12T09:35:54+00:00,Unavailable,,
350202417,2026-05-12T09:35:54+00:00,Unavailable,,
350202429,2026-05-12T09:35:54+00:00,Unavailable,,
350202440,2026-05-12T09:35:54+00:00,Unavailable,,
350202451,2026-05-12T09:35:54+00:00,Unavailable,,
350202462,2026-05-12T09:35:54+00:00,Unavailable,,
350202473,2026-05-12T09:35:54+00:00,Unavailable,,
350202484,2026-05-12T09:35:54+00:00,Unavailable,,
350202495,2026-05-12T09:35:54+00:00,Unavailable,,
350202506,2026-05-12T09:35:54+00:00,Unavailable,,
350202517,2026-05-12T09:35:54+00:00,Unavailable,,
350202528,2026-05-12T09:35:54+00:00,Unavailable,,
350202539,2026-05-12T09:35:54+00:00,Unavailable,,
350202551,2026-05-12T09:35:54+00:00,Unavailable,,
350202562,2026-05-12T09:35:54+00:00,Unavailable,,
350202573,2026-05-12T09:35:54+00:00,Unavailable,,
350202584,2026-05-12T09:35:54+00:00,Unavailable,,
350202595,2026-05-12T09:35:54+00:00,Unavailable,,
350202607,2026-05-12T09:35:54+00:00,Unavailable,,
350202618,2026-05-12T09:35:54+00:00,Unavailable,,
350202631,2026-05-12T09:35:54+00:00,Unavailable,,
350202642,2026-05-12T09:35:54+00:00,Unavailable,,
350202654,2026-05-12T09:35:54+00:00,Unavailable,,
350202665,2026-05-12T09:35:54+00:00,Unavailable,,
350202676,2026-05-12T09:35:54+00:00,Unavailable,,
350202687,2026-05-12T09:35:54+00:00,Unavailable,,
350202698,2026-05-12T09:35:54+00:00,Unavailable,,
350202709,2026-05-12T09:35:54+00:00,Unavailable,,
350202720,2026-05-12T09:35:54+00:00,Unavailable,,
350202731,2026-05-12T09:35:54+00:00,Unavailable,,
350202742,2026-05-12T09:35:54+00:00,Unavailable,,
350202753,2026-05-12T09:35:54+00:00,Unavailable,,
350202764,2026-05-12T09:35:54+00:00,Unavailable,,
350202775,2026-05-12T09:35:54+00:00,Unavailable,,
350202786,2026-05-12T09:35:54+00:00,Unavailable,,
350202797,2026-05-12T09:35:54+00:00,Unavailable,,
350202808,2026-05-12T09:35:54+00:00,Unavailable,,
350202819,2026-05-12T09:35:54+00:00,Unavailable,,
350202830,2026-05-12T09:35:54+00:00,Unavailable,,
350202841,2026-05-12T09:35:54+00:00,Unavailable,,
350202852,2026-05-12T09:35:54+00:00,Unavailable,,
350202863,2026-05-12T09:35:54+00:00,Unavailable,,
350202874,2026-05-12T09:35:54+00:00,Unavailable,,
350202885,2026-05-12T09:35:54+00:00,Unavailable,,
350202896,2026-05-12T09:35:54+00:00,Unavailable,,
350202908,2026-05-12T09:35:54+00:00,Unavailable,,
350202919,2026-05-12T09:35:54+00:00,Unavailable,,
350202930,2026-05-12T09:35:54+00:00,Unavailable,,
350202941,2026-05-12T09:35:54+00:00,Unavailable,,
350202952,2026-05-12T09:35:54+00:00,Unavailable,,
350202963,2026-05-12T09:35:54+00:00,Unavailable,,
350202974,2026-05-12T09:35:54+00:00,Unavailable,,
350202985,2026-05-12T09:35:54+00:00,Unavailable,,
350202996,2026-05-12T09:35:54+00:00,Unavailable,,
350203007,2026-05-12T09:35:54+00:00,Unavailable,,
350203018,2026-05-12T09:35:54+00:00,Unavailable,,
350203029,2026-05-12T09:35:54+00:00,Unavailable,,
350203040,2026-05-12T09:35:54+00:00,Unavailable,,
350203051,2026-05-12T09:35:54+00:00,Unavailable,,
350203062,2026-05-12T09:35:54+00:00,Unavailable,,
350203073,2026-05-12T09:35:54+00:00,Unavailable,,
350203084,2026-05-12T09:35:54+00:00,Unavailable,,
350203095,2026-05-12T09:35:54+00:00,Unavailable,,
350203106,2026-05-12T09:35:54+00:00,Unavailable,,
350203117,2026-05-12T09:35:54+00:00,Unavailable,,
350203128,2026-05-12T09:35:54+00:00,Unavailable,,
350203139,2026-05-12T09:35:54+00:00,Unavailable,,
350203150,2026-05-12T09:35:54+00:00,Unavailable,,
350203162,2026-05-12T09:35:54+00:00,Unavailable,,
350203173,2026-05-12T09:35:54+00:00,Unavailable,,
350203184,2026-05-12T09:35:54+00:00,Unavailable,,
350203195,2026-05-12T09:35:54+00:00,Unavailable,,
350203206,2026-05-12T09:35:54+00:00,Unavailable,,
350203217,2026-05-12T09:35:54+00:00,Unavailable,,
350203228,2026-05-12T09:35:54+00:00,Unavailable,,
350203239,2026-05-12T09:35:54+00:00,Unavailable,,
350203250,2026-05-12T09:35:54+00:00,Unavailable,,
350203261,2026-05-12T09:35:54+00:00,Unavailable,,
350203272,2026-05-12T09:35:54+00:00,Unavailable,,
350203283,2026-05-12T09:35:54+00:00,Unavailable,,
350203294,2026-05-12T09:35:54+00:00,Unavailable,,
350203305,2026-05-12T09:35:54+00:00,Unavailable,,
350203316,2026-05-12T09:35:54+00:00,Unavailable,,
350203327,2026-05-12T09:35:54+00:00,Unavailable,,
350203338,2026-05-12T09:35:54+00:00,Unavailable,,
350203349,2026-05-12T09:35:54+00:00,Unavailable,,
350203360,2026-05-12T09:35:54+00:00,Unavailable,,
350203371,2026-05-12T09:35:54+00:00,Unavailable,,
350203383,2026-05-12T09:35:54+00:00,Unavailable,,
350203394,2026-05-12T09:35:54+00:00,Unavailable,,
350203405,2026-05-12T09:35:54+00:00,Unavailable,,
350203416,2026-05-12T09:35:54+00:00,Unavailable,,
350203427,2026-05-12T09:35:54+00:00,Unavailable,,
350203438,2026-05-12T09:35:54+00:00,Unavailable,,
350203449,2026-05-12T09:35:54+00:00,Unavailable,,
350203460,2026-05-12T09:35:54+00:00,Unavailable,,
350203472,2026-05-12T09:35:54+00:00,Unavailable,,
350203483,2026-05-12T09:35:54+00:00,Unavailable,,
350203494,2026-05-12T09:35:54+00:00,Unavailable,,
350203505,2026-05-12T09:35:54+00:00,Unavailable,,
350203516,2026-05-12T09:35:54+00:00,Unavailable,,
350203527,2026-05-12T09:35:54+00:00,Unavailable,,
350203538,2026-05-12T09:35:54+00:00,Unavailable,,
350203549,2026-05-12T09:35:54+00:00,Unavailable,,
350203560,2026-05-12T09:35:54+00:00,Unavailable,,
350203571,2026-05-12T09:35:54+00:00,Unavailable,,
350203593,2026-05-12T09:35:54+00:00,Unavailable,,
355173402,2026-05-12T09:35:54+00:00,Unavailable,,
350223957,2026-05-12T09:36:02+00:00,Unavailable,,
350223971,2026-05-12T09:36:02+00:00,Unavailable,,
350223985,2026-05-12T09:36:02+00:00,Unavailable,,
350223999,2026-05-12T09:36:02+00:00,Unavailable,,
350224011,2026-05-12T09:36:02+00:00,Unavailable,,
350224022,2026-05-12T09:36:02+00:00,Unavailable,,
350224033,2026-05-12T09:36:02+00:00,Unavailable,,
350224044,2026-05-12T09:36:02+00:00,Unavailable,,
350224055,2026-05-12T09:36:02+00:00,Unavailable,,
350224066,2026-05-12T09:36:02+00:00,Unavailable,,
350224077,2026-05-12T09:36:02+00:00,Unavailable,,
350224088,2026-05-12T09:36:02+00:00,Unavailable,,
350224102,2026-05-12T09:36:02+00:00,Unavailable,,
350224116,2026-05-12T09:36:02+00:00,Unavailable,,
350224130,2026-05-12T09:36:02+00:00,Unavailable,,
350224144,2026-05-12T09:36:02+00:00,Unavailable,,
350224158,2026-05-12T09:36:02+00:00,Unavailable,,
350224172,2026-05-12T09:36:02+00:00,Unavailable,,
350224186,2026-05-12T09:36:02+00:00,Unavailable,,
350224200,2026-05-12T09:36:02+00:00,Unavailable,,
350224214,2026-05-12T09:36:02+00:00,Unavailable,,
350224228,2026-05-12T09:36:02+00:00,Unavailable,,
350224239,2026-05-12T09:36:02+00:00,Unavailable,,
350224250,2026-05-12T09:36:02+00:00,Unavailable,,
350224261,2026-05-12T09:36:02+00:00,Unavailable,,
350224272,2026-05-12T09:36:02+00:00,Unavailable,,
350224283,2026-05-12T09:36:02+00:00,Unavailable,,
350224294,2026-05-12T09:36:02+00:00,Unavailable,,
350224305,2026-05-12T09:36:02+00:00,Unavailable,,
350224317,2026-05-12T09:36:02+00:00,Unavailable,,
350224328,2026-05-12T09:36:02+00:00,Unavailable,,
350224339,2026-05-12T09:36:02+00:00,Unavailable,,
350224350,2026-05-12T09:36:02+00:00,Unavailable,,
350224361,2026-05-12T09:36:02+00:00,Unavailable,,
350224372,2026-05-12T09:36:02+00:00,Unavailable,,
350224386,2026-05-12T09:36:02+00:00,Unavailable,,
350224401,2026-05-12T09:36:02+00:00,Unavailable,,
350224416,2026-05-12T09:36:02+00:00,Unavailable,,
350224433,2026-05-12T09:36:02+00:00,Unavailable,,
350224444,2026-05-12T09:36:02+00:00,Unavailable,,
350224455,2026-05-12T09:36:02+00:00,Unavailable,,
350224466,2026-05-12T09:36:02+00:00,Unavailable,,
350224477,2026-05-12T09:36:02+00:00,Unavailable,,
350224489,2026-05-12T09:36:02+00:00,Unavailable,,
350224500,2026-05-12T09:36:02+00:00,Unavailable,,
350224511,2026-05-12T09:36:02+00:00,Unavailable,,
350224522,2026-05-12T09:36:02+00:00,Unavailable,,
350224533,2026-05-12T09:36:02+00:00,Unavailable,,
350224544,2026-05-12T09:36:02+00:00,Unavailable,,
350224555,2026-05-12T09:36:02+00:00,Unavailable,,
350224566,2026-05-12T09:36:02+00:00,Unavailable,,
350224577,2026-05-12T09:36:02+00:00,Unavailable,,
350224588,2026-05-12T09:36:02+00:00,Unavailable,,
350224599,2026-05-12T09:36:02+00:00,Unavailable,,
350224612,2026-05-12T09:36:02+00:00,Unavailable,,
350224623,2026-05-12T09:36:02+00:00,Unavailable,,
350224634,2026-05-12T09:36:02+00:00,Unavailable,,
350224645,2026-05-12T09:36:02+00:00,Unavailable,,
350224658,2026-05-12T09:36:02+00:00,Unavailable,,
350224669,2026-05-12T09:36:02+00:00,Unavailable,,
350224680,2026-05-12T09:36:02+00:00,Unavailable,,
350224692,2026-05-12T09:36:02+00:00,Unavailable,,
350224703,2026-05-12T09:36:02+00:00,Unavailable,,
350224714,2026-05-12T09:36:02+00:00,Unavailable,,
350224725,2026-05-12T09:36:02+00:00,Unavailable,,
350224738,2026-05-12T09:36:02+00:00,Unavailable,,
350224749,2026-05-12T09:36:02+00:00,Unavailable,,
350224760,2026-05-12T09:36:02+00:00,Unavailable,,
350224771,2026-05-12T09:36:02+00:00,Unavailable,,
350224782,2026-05-12T09:36:02+00:00,Unavailable,,
350224793,2026-05-12T09:36:02+00:00,Unavailable,,
350224804,2026-05-12T09:36:02+00:00,Unavailable,,
350224815,2026-05-12T09:36:02+00:00,Unavailable,,
350224826,2026-05-12T09:36:02+00:00,Unavailable,,
350224837,2026-05-12T09:36:02+00:00,Unavailable,,
350224848,2026-05-12T09:36:02+00:00,Unavailable,,
350224859,2026-05-12T09:36:02+00:00,Unavailable,,
350224873,2026-05-12T09:36:02+00:00,Unavailable,,
350224887,2026-05-12T09:36:02+00:00,Unavailable,,
350224901,2026-05-12T09:36:02+00:00,Unavailable,,
350224915,2026-05-12T09:36:02+00:00,Unavailable,,
350224929,2026-05-12T09:36:02+00:00,Unavailable,,
350224940,2026-05-12T09:36:02+00:00,Unavailable,,
350224951,2026-05-12T09:36:02+00:00,Unavailable,,
350224962,2026-05-12T09:36:02+00:00,Unavailable,,
350224973,2026-05-12T09:36:02+00:00,Unavailable,,
350224985,2026-05-12T09:36:02+00:00,Unavailable,,
350224996,2026-05-12T09:36:02+00:00,Unavailable,,
350225008,2026-05-12T09:36:02+00:00,Unavailable,,
350225019,2026-05-12T09:36:02+00:00,Unavailable,,
350225030,2026-05-12T09:36:02+00:00,Unavailable,,
350225041,2026-05-12T09:36:02+00:00,Unavailable,,
350225053,2026-05-12T09:36:02+00:00,Unavailable,,
350225064,2026-05-12T09:36:02+00:00,Unavailable,,
350225075,2026-05-12T09:36:02+00:00,Unavailable,,
350225086,2026-05-12T09:36:02+00:00,Unavailable,,
350225097,2026-05-12T09:36:02+00:00,Unavailable,,
350225108,2026-05-12T09:36:02+00:00,Unavailable,,
350225119,2026-05-12T09:36:02+00:00,Unavailable,,
350225130,2026-05-12T09:36:02+00:00,Unavailable,,
350225141,2026-05-12T09:36:02+00:00,Unavailable,,
350225163,2026-05-12T09:36:02+00:00,Unavailable,,
350225174,2026-05-12T09:36:02+00:00,Unavailable,,
350225185,2026-05-12T09:36:02+00:00,Unavailable,,
350225196,2026-05-12T09:36:02+00:00,Unavailable,,
350225207,2026-05-12T09:36:02+00:00,Unavailable,,
350225218,2026-05-12T09:36:02+00:00,Unavailable,,
350225229,2026-05-12T09:36:02+00:00,Unavailable,,
350225240,2026-05-12T09:36:02+00:00,Unavailable,,
350225251,2026-05-12T09:36:02+00:00,Unavailable,,
350225262,2026-05-12T09:36:02+00:00,Unavailable,,
350225273,2026-05-12T09:36:02+00:00,Unavailable,,
350225285,2026-05-12T09:36:02+00:00,Unavailable,,
350225296,2026-05-12T09:36:02+00:00,Unavailable,,
350225307,2026-05-12T09:36:02+00:00,Unavailable,,
350225318,2026-05-12T09:36:02+00:00,Unavailable,,
350225329,2026-05-12T09:36:02+00:00,Unavailable,,
350225341,2026-05-12T09:36:02+00:00,Unavailable,,
350225352,2026-05-12T09:36:02+00:00,Unavailable,,
350225363,2026-05-12T09:36:02+00:00,Unavailable,,
350225375,2026-05-12T09:36:02+00:00,Unavailable,,
350225387,2026-05-12T09:36:02+00:00,Unavailable,,
350225401,2026-05-12T09:36:02+00:00,Unavailable,,
350225415,2026-05-12T09:36:02+00:00,Unavailable,,
350225429,2026-05-12T09:36:02+00:00,Unavailable,,
350225443,2026-05-12T09:36:02+00:00,Unavailable,,
350225457,2026-05-12T09:36:02+00:00,Unavailable,,
350225471,2026-05-12T09:36:02+00:00,Unavailable,,
350225485,2026-05-12T09:36:02+00:00,Unavailable,,
350225496,2026-05-12T09:36:02+00:00,Unavailable,,
350225507,2026-05-12T09:36:02+00:00,Unavailable,,
350225518,2026-05-12T09:36:02+00:00,Unavailable,,
350225529,2026-05-12T09:36:02+00:00,Unavailable,,
350225540,2026-05-12T09:36:02+00:00,Unavailable,,
350225551,2026-05-12T09:36:02+00:00,Unavailable,,
350225562,2026-05-12T09:36:02+00:00,Unavailable,,
350225573,2026-05-12T09:36:02+00:00,Unavailable,,
350225584,2026-05-12T09:36:02+00:00,Unavailable,,
350225596,2026-05-12T09:36:02+00:00,Unavailable,,
350225607,2026-05-12T09:36:02+00:00,Unavailable,,
350225618,2026-05-12T09:36:02+00:00,Unavailable,,
350225629,2026-05-12T09:36:02+00:00,Unavailable,,
350225640,2026-05-12T09:36:02+00:00,Unavailable,,
350225651,2026-05-12T09:36:02+00:00,Unavailable,,
350225663,2026-05-12T09:36:02+00:00,Unavailable,,
350225674,2026-05-12T09:36:02+00:00,Unavailable,,
350225688,2026-05-12T09:36:02+00:00,Unavailable,,
350225702,2026-05-12T09:36:02+00:00,Unavailable,,
350225716,2026-05-12T09:36:02+00:00,Unavailable,,
350225730,2026-05-12T09:36:02+00:00,Unavailable,,
350225744,2026-05-12T09:36:02+00:00,Unavailable,,
350225758,2026-05-12T09:36:02+00:00,Unavailable,,
350225786,2026-05-12T09:36:02+00:00,Unavailable,,
350225814,2026-05-12T09:36:02+00:00,Unavailable,,
350225825,2026-05-12T09:36:02+00:00,Unavailable,,
350225836,2026-05-12T09:36:02+00:00,Unavailable,,
350225847,2026-05-12T09:36:02+00:00,Unavailable,,
350225858,2026-05-12T09:36:02+00:00,Unavailable,,
350225869,2026-05-12T09:36:02+00:00,Unavailable,,
350225880,2026-05-12T09:36:02+00:00,Unavailable,,
350225891,2026-05-12T09:36:02+00:00,Unavailable,,
350225902,2026-05-12T09:36:02+00:00,Unavailable,,
350225913,2026-05-12T09:36:02+00:00,Unavailable,,
350225924,2026-05-12T09:36:02+00:00,Unavailable,,
350225935,2026-05-12T09:36:02+00:00,Unavailable,,
350225946,2026-05-12T09:36:02+00:00,Unavailable,,
350225957,2026-05-12T09:36:02+00:00,Unavailable,,
350225968,2026-05-12T09:36:02+00:00,Unavailable,,
350225981,2026-05-12T09:36:02+00:00,Unavailable,,
350225993,2026-05-12T09:36:02+00:00,Unavailable,,
350226004,2026-05-12T09:36:02+00:00,Unavailable,,
350226015,2026-05-12T09:36:02+00:00,Unavailable,,
350226026,2026-05-12T09:36:02+00:00,Unavailable,,
350226037,2026-05-12T09:36:02+00:00,Unavailable,,
350226048,2026-05-12T09:36:02+00:00,Unavailable,,
350226059,2026-05-12T09:36:02+00:00,Unavailable,,
350226070,2026-05-12T09:36:02+00:00,Unavailable,,
350280176,2026-05-12T09:36:02+00:00,Unavailable,,
350280422,2026-05-12T09:36:02+00:00,Unavailable,,
350280510,2026-05-12T09:36:02+00:00,Unavailable,,
350280525,2026-05-12T09:36:02+00:00,Unavailable,,
350280536,2026-05-12T09:36:02+00:00,Unavailable,,
350288650,2026-05-12T09:36:02+00:00,Unavailable,,
350288664,2026-05-12T09:36:02+00:00,Unavailable,,
350288680,2026-05-12T09:36:02+00:00,Unavailable,,
350288691,2026-05-12T09:36:02+00:00,Unavailable,,
350288702,2026-05-12T09:36:02+00:00,Unavailable,,
350288713,2026-05-12T09:36:02+00:00,Unavailable,,
350288724,2026-05-12T09:36:02+00:00,Unavailable,,
350288737,2026-05-12T09:36:02+00:00,Unavailable,,
350288748,2026-05-12T09:36:02+00:00,Unavailable,,
350288759,2026-05-12T09:36:02+00:00,Unavailable,,
350288770,2026-05-12T09:36:02+00:00,Unavailable,,
350288781,2026-05-12T09:36:02+00:00,Unavailable,,
350288792,2026-05-12T09:36:02+00:00,Unavailable,,
350288804,2026-05-12T09:36:02+00:00,Unavailable,,
350288815,2026-05-12T09:36:02+00:00,Unavailable,,
350288826,2026-05-12T09:36:02+00:00,Unavailable,,
350288837,2026-05-12T09:36:02+00:00,Unavailable,,
350288848,2026-05-12T09:36:02+00:00,Unavailable,,
350288859,2026-05-12T09:36:02+00:00,Unavailable,,
350288870,2026-05-12T09:36:02+00:00,Unavailable,,
350288881,2026-05-12T09:36:02+00:00,Unavailable,,
350288892,2026-05-12T09:36:02+00:00,Unavailable,,
350288903,2026-05-12T09:36:02+00:00,Unavailable,,
350288914,2026-05-12T09:36:02+00:00,Unavailable,,
350288925,2026-05-12T09:36:02+00:00,Unavailable,,
350288937,2026-05-12T09:36:02+00:00,Unavailable,,
350288948,2026-05-12T09:36:02+00:00,Unavailable,,
350288959,2026-05-12T09:36:02+00:00,Unavailable,,
350288970,2026-05-12T09:36:02+00:00,Unavailable,,
350288981,2026-05-12T09:36:02+00:00,Unavailable,,
350288992,2026-05-12T09:36:02+00:00,Unavailable,,
350289003,2026-05-12T09:36:02+00:00,Unavailable,,
350289014,2026-05-12T09:36:02+00:00,Unavailable,,
350289048,2026-05-12T09:36:02+00:00,Unavailable,,
350289060,2026-05-12T09:36:02+00:00,Unavailable,,
350289071,2026-05-12T09:36:02+00:00,Unavailable,,
350289082,2026-05-12T09:36:02+00:00,Unavailable,,
350289093,2026-05-12T09:36:02+00:00,Unavailable,,
350289104,2026-05-12T09:36:02+00:00,Unavailable,,
350289115,2026-05-12T09:36:02+00:00,Unavailable,,
350289126,2026-05-12T09:36:02+00:00,Unavailable,,
350289137,2026-05-12T09:36:02+00:00,Unavailable,,
350289148,2026-05-12T09:36:02+00:00,Unavailable,,
350289159,2026-05-12T09:36:02+00:00,Unavailable,,
350289170,2026-05-12T09:36:02+00:00,Unavailable,,
350289181,2026-05-12T09:36:02+00:00,Unavailable,,
350289192,2026-05-12T09:36:02+00:00,Unavailable,,
350289203,2026-05-12T09:36:02+00:00,Unavailable,,
350289214,2026-05-12T09:36:02+00:00,Unavailable,,
350289226,2026-05-12T09:36:02+00:00,Unavailable,,
350289237,2026-05-12T09:36:02+00:00,Unavailable,,
350289248,2026-05-12T09:36:02+00:00,Unavailable,,
350289260,2026-05-12T09:36:02+00:00,Unavailable,,
350289271,2026-05-12T09:36:02+00:00,Unavailable,,
350289282,2026-05-12T09:36:02+00:00,Unavailable,,
350289293,2026-05-12T09:36:02+00:00,Unavailable,,
350289304,2026-05-12T09:36:02+00:00,Unavailable,,
350289315,2026-05-12T09:36:02+00:00,Unavailable,,
350289326,2026-05-12T09:36:02+00:00,Unavailable,,
350289337,2026-05-12T09:36:02+00:00,Unavailable,,
350289348,2026-05-12T09:36:02+00:00,Unavailable,,
350289359,2026-05-12T09:36:02+00:00,Unavailable,,
350289370,2026-05-12T09:36:02+00:00,Unavailable,,
350289381,2026-05-12T09:36:02+00:00,Unavailable,,
350289392,2026-05-12T09:36:02+00:00,Unavailable,,
350289404,2026-05-12T09:36:02+00:00,Unavailable,,
351070164,2026-05-12T09:36:02+00:00,Unavailable,,
351073176,2026-05-12T09:36:02+00:00,Unavailable,,
353250216,2026-05-12T09:36:02+00:00,Unavailable,,
364658017,2026-05-12T09:36:02+00:00,Unavailable,,
350216376,2026-05-12T10:13:05+00:00,Unavailable,,
350216387,2026-05-12T10:13:05+00:00,Unavailable,,
350216398,2026-05-12T10:13:05+00:00,Unavailable,,
350216409,2026-05-12T10:13:05+00:00,Unavailable,,
350216431,2026-05-12T10:13:05+00:00,Unavailable,,
350216442,2026-05-12T10:13:05+00:00,Unavailable,,
350216453,2026-05-12T10:13:05+00:00,Unavailable,,
350216465,2026-05-12T10:13:05+00:00,Unavailable,,
350216476,2026-05-12T10:13:05+00:00,Unavailable,,
350216487,2026-05-12T10:13:05+00:00,Unavailable,,
350216498,2026-05-12T10:13:05+00:00,Unavailable,,
350216509,2026-05-12T10:13:05+00:00,Unavailable,,
350216520,2026-05-12T10:13:05+00:00,Unavailable,,
350216542,2026-05-12T10:13:05+00:00,Unavailable,,
350216553,2026-05-12T10:13:05+00:00,Unavailable,,
350216564,2026-05-12T10:13:05+00:00,Unavailable,,
350216575,2026-05-12T10:13:05+00:00,Unavailable,,
350216586,2026-05-12T10:13:05+00:00,Unavailable,,
350216597,2026-05-12T10:13:05+00:00,Unavailable,,
350216608,2026-05-12T10:13:05+00:00,Unavailable,,
350216619,2026-05-12T10:13:05+00:00,Unavailable,,
350216630,2026-05-12T10:13:05+00:00,Unavailable,,
350216652,2026-05-12T10:13:05+00:00,Unavailable,,
350216663,2026-05-12T10:13:05+00:00,Unavailable,,
350216674,2026-05-12T10:13:05+00:00,Unavailable,,
350216685,2026-05-12T10:13:05+00:00,Unavailable,,
350216696,2026-05-12T10:13:05+00:00,Unavailable,,
350216707,2026-05-12T10:13:05+00:00,Unavailable,,
350216718,2026-05-12T10:13:05+00:00,Unavailable,,
350216729,2026-05-12T10:13:05+00:00,Unavailable,,
350216740,2026-05-12T10:13:05+00:00,Unavailable,,
350216751,2026-05-12T10:13:05+00:00,Unavailable,,
350216762,2026-05-12T10:13:05+00:00,Unavailable,,
350216773,2026-05-12T10:13:05+00:00,Unavailable,,
350216784,2026-05-12T10:13:05+00:00,Unavailable,,
350216795,2026-05-12T10:13:05+00:00,Unavailable,,
350216806,2026-05-12T10:13:05+00:00,Unavailable,,
350216817,2026-05-12T10:13:05+00:00,Unavailable,,
350216828,2026-05-12T10:13:05+00:00,Unavailable,,
350216839,2026-05-12T10:13:05+00:00,Unavailable,,
350216850,2026-05-12T10:13:05+00:00,Unavailable,,
350216861,2026-05-12T10:13:05+00:00,Unavailable,,
350216872,2026-05-12T10:13:05+00:00,Unavailable,,
350216884,2026-05-12T10:13:05+00:00,Unavailable,,
350216895,2026-05-12T10:13:05+00:00,Unavailable,,
350216906,2026-05-12T10:13:05+00:00,Unavailable,,
350216917,2026-05-12T10:13:05+00:00,Unavailable,,
350216928,2026-05-12T10:13:05+00:00,Unavailable,,
350216939,2026-05-12T10:13:05+00:00,Unavailable,,
350216950,2026-05-12T10:13:05+00:00,Unavailable,,
350216961,2026-05-12T10:13:05+00:00,Unavailable,,
350216972,2026-05-12T10:13:05+00:00,Unavailable,,
350216994,2026-05-12T10:13:05+00:00,Unavailable,,
350217005,2026-05-12T10:13:05+00:00,Unavailable,,
350217016,2026-05-12T10:13:05+00:00,Unavailable,,
350217027,2026-05-12T10:13:05+00:00,Unavailable,,
350217049,2026-05-12T10:13:05+00:00,Unavailable,,
350217071,2026-05-12T10:13:05+00:00,Unavailable,,
350217083,2026-05-12T10:13:05+00:00,Unavailable,,
350217105,2026-05-12T10:13:05+00:00,Unavailable,,
350217117,2026-05-12T10:13:05+00:00,Unavailable,,
350217128,2026-05-12T10:13:05+00:00,Unavailable,,
350217150,2026-05-12T10:13:05+00:00,Unavailable,,
350217162,2026-05-12T10:13:05+00:00,Unavailable,,
350217174,2026-05-12T10:13:05+00:00,Unavailable,,
350217185,2026-05-12T10:13:05+00:00,Unavailable,,
350217207,2026-05-12T10:13:05+00:00,Unavailable,,
350217218,2026-05-12T10:13:05+00:00,Unavailable,,
350217240,2026-05-12T10:13:05+00:00,Unavailable,,
350217251,2026-05-12T10:13:05+00:00,Unavailable,,
350217262,2026-05-12T10:13:05+00:00,Unavailable,,
350217273,2026-05-12T10:13:05+00:00,Unavailable,,
350217284,2026-05-12T10:13:05+00:00,Unavailable,,
350217295,2026-05-12T10:13:05+00:00,Unavailable,,
350217306,2026-05-12T10:13:05+00:00,Unavailable,,
350217317,2026-05-12T10:13:05+00:00,Unavailable,,
350217339,2026-05-12T10:13:05+00:00,Unavailable,,
350217353,2026-05-12T10:13:05+00:00,Unavailable,,
350217366,2026-05-12T10:13:05+00:00,Unavailable,,
350217379,2026-05-12T10:13:05+00:00,Unavailable,,
350217393,2026-05-12T10:13:05+00:00,Unavailable,,
350217404,2026-05-12T10:13:05+00:00,Unavailable,,
350217415,2026-05-12T10:13:05+00:00,Unavailable,,
350217426,2026-05-12T10:13:05+00:00,Unavailable,,
350217437,2026-05-12T10:13:05+00:00,Unavailable,,
350217448,2026-05-12T10:13:05+00:00,Unavailable,,
350732033,2026-05-12T10:13:05+00:00,Unavailable,,
350739304,2026-05-12T10:13:05+00:00,Unavailable,,
350740400,2026-05-12T10:13:05+00:00,Unavailable,,
350740938,2026-05-12T10:13:05+00:00,Unavailable,,
350741533,2026-05-12T10:13:05+00:00,Unavailable,,
350741599,2026-05-12T10:13:05+00:00,Unavailable,,
364675943,2026-05-12T10:13:05+00:00,Unavailable,,
364677421,2026-05-12T10:13:05+00:00,Unavailable,,
364677693,2026-05-12T10:13:05+00:00,Unavailable,,
364678079,2026-05-12T10:13:05+00:00,Unavailable,,
350200801,2026-05-12T10:13:09+00:00,Unavailable,,
350200813,2026-05-12T10:13:09+00:00,Unavailable,,
350200824,2026-05-12T10:13:09+00:00,Unavailable,,
350200836,2026-05-12T10:13:09+00:00,Unavailable,,
350200847,2026-05-12T10:13:09+00:00,Unavailable,,
350200858,2026-05-12T10:13:09+00:00,Unavailable,,
350200869,2026-05-12T10:13:09+00:00,Unavailable,,
350200880,2026-05-12T10:13:09+00:00,Unavailable,,
350200891,2026-05-12T10:13:09+00:00,Unavailable,,
350200902,2026-05-12T10:13:09+00:00,Unavailable,,
350200913,2026-05-12T10:13:09+00:00,Unavailable,,
350200924,2026-05-12T10:13:09+00:00,Unavailable,,
350200935,2026-05-12T10:13:09+00:00,Unavailable,,
350200946,2026-05-12T10:13:09+00:00,Unavailable,,
350200957,2026-05-12T10:13:09+00:00,Unavailable,,
350200968,2026-05-12T10:13:09+00:00,Unavailable,,
350200979,2026-05-12T10:13:09+00:00,Unavailable,,
350200990,2026-05-12T10:13:09+00:00,Unavailable,,
350201001,2026-05-12T10:13:09+00:00,Unavailable,,
350201012,2026-05-12T10:13:09+00:00,Unavailable,,
350201023,2026-05-12T10:13:09+00:00,Unavailable,,
350201034,2026-05-12T10:13:09+00:00,Unavailable,,
350201045,2026-05-12T10:13:09+00:00,Unavailable,,
350201058,2026-05-12T10:13:09+00:00,Unavailable,,
350201069,2026-05-12T10:13:09+00:00,Unavailable,,
350201080,2026-05-12T10:13:09+00:00,Unavailable,,
350201091,2026-05-12T10:13:09+00:00,Unavailable,,
350201102,2026-05-12T10:13:09+00:00,Unavailable,,
350201113,2026-05-12T10:13:09+00:00,Unavailable,,
350201124,2026-05-12T10:13:09+00:00,Unavailable,,
350201135,2026-05-12T10:13:09+00:00,Unavailable,,
350201146,2026-05-12T10:13:09+00:00,Unavailable,,
350201157,2026-05-12T10:13:09+00:00,Unavailable,,
350201170,2026-05-12T10:13:09+00:00,Unavailable,,
350201182,2026-05-12T10:13:09+00:00,Unavailable,,
350201193,2026-05-12T10:13:09+00:00,Unavailable,,
350201205,2026-05-12T10:13:09+00:00,Unavailable,,
350201216,2026-05-12T10:13:09+00:00,Unavailable,,
350201227,2026-05-12T10:13:09+00:00,Unavailable,,
350201238,2026-05-12T10:13:09+00:00,Unavailable,,
350201249,2026-05-12T10:13:09+00:00,Unavailable,,
350201260,2026-05-12T10:13:09+00:00,Unavailable,,
350201271,2026-05-12T10:13:09+00:00,Unavailable,,
350201283,2026-05-12T10:13:09+00:00,Unavailable,,
350201294,2026-05-12T10:13:09+00:00,Unavailable,,
350201305,2026-05-12T10:13:09+00:00,Unavailable,,
350201316,2026-05-12T10:13:09+00:00,Unavailable,,
350201327,2026-05-12T10:13:09+00:00,Unavailable,,
350201338,2026-05-12T10:13:09+00:00,Unavailable,,
350201349,2026-05-12T10:13:09+00:00,Unavailable,,
350201360,2026-05-12T10:13:09+00:00,Unavailable,,
350201371,2026-05-12T10:13:09+00:00,Unavailable,,
350201382,2026-05-12T10:13:09+00:00,Unavailable,,
350201393,2026-05-12T10:13:09+00:00,Unavailable,,
350201404,2026-05-12T10:13:09+00:00,Unavailable,,
350201415,2026-05-12T10:13:09+00:00,Unavailable,,
350201426,2026-05-12T10:13:09+00:00,Unavailable,,
350201437,2026-05-12T10:13:09+00:00,Unavailable,,
350201448,2026-05-12T10:13:09+00:00,Unavailable,,
350201459,2026-05-12T10:13:09+00:00,Unavailable,,
350201470,2026-05-12T10:13:09+00:00,Unavailable,,
350201481,2026-05-12T10:13:09+00:00,Unavailable,,
350201492,2026-05-12T10:13:09+00:00,Unavailable,,
350201503,2026-05-12T10:13:09+00:00,Unavailable,,
350201514,2026-05-12T10:13:09+00:00,Unavailable,,
350201525,2026-05-12T10:13:09+00:00,Unavailable,,
350201536,2026-05-12T10:13:09+00:00,Unavailable,,
350201547,2026-05-12T10:13:09+00:00,Unavailable,,
350201558,2026-05-12T10:13:09+00:00,Unavailable,,
350201569,2026-05-12T10:13:09+00:00,Unavailable,,
350201580,2026-05-12T10:13:09+00:00,Unavailable,,
350201591,2026-05-12T10:13:09+00:00,Unavailable,,
350201602,2026-05-12T10:13:09+00:00,Unavailable,,
350201613,2026-05-12T10:13:09+00:00,Unavailable,,
350201624,2026-05-12T10:13:09+00:00,Unavailable,,
350201635,2026-05-12T10:13:09+00:00,Unavailable,,
350201646,2026-05-12T10:13:09+00:00,Unavailable,,
350201657,2026-05-12T10:13:09+00:00,Unavailable,,
350201668,2026-05-12T10:13:09+00:00,Unavailable,,
350201679,2026-05-12T10:13:09+00:00,Unavailable,,
350201690,2026-05-12T10:13:09+00:00,Unavailable,,
350201701,2026-05-12T10:13:09+00:00,Unavailable,,
350201712,2026-05-12T10:13:09+00:00,Unavailable,,
350201723,2026-05-12T10:13:09+00:00,Unavailable,,
350201735,2026-05-12T10:13:09+00:00,Unavailable,,
350201746,2026-05-12T10:13:09+00:00,Unavailable,,
350201757,2026-05-12T10:13:09+00:00,Unavailable,,
350201768,2026-05-12T10:13:09+00:00,Unavailable,,
350201779,2026-05-12T10:13:09+00:00,Unavailable,,
350201790,2026-05-12T10:13:09+00:00,Unavailable,,
350201801,2026-05-12T10:13:09+00:00,Unavailable,,
350201812,2026-05-12T10:13:09+00:00,Unavailable,,
350201823,2026-05-12T10:13:09+00:00,Unavailable,,
350201834,2026-05-12T10:13:09+00:00,Unavailable,,
350201845,2026-05-12T10:13:09+00:00,Unavailable,,
350201856,2026-05-12T10:13:09+00:00,Unavailable,,
350201867,2026-05-12T10:13:09+00:00,Unavailable,,
350201879,2026-05-12T10:13:09+00:00,Unavailable,,
350201890,2026-05-12T10:13:09+00:00,Unavailable,,
350201901,2026-05-12T10:13:09+00:00,Unavailable,,
350201912,2026-05-12T10:13:09+00:00,Unavailable,,
350201924,2026-05-12T10:13:09+00:00,Unavailable,,
350201935,2026-05-12T10:13:09+00:00,Unavailable,,
350201947,2026-05-12T10:13:09+00:00,Unavailable,,
350201958,2026-05-12T10:13:09+00:00,Unavailable,,
350201969,2026-05-12T10:13:09+00:00,Unavailable,,
350201980,2026-05-12T10:13:09+00:00,Unavailable,,
350201991,2026-05-12T10:13:09+00:00,Unavailable,,
350202003,2026-05-12T10:13:09+00:00,Unavailable,,
350202018,2026-05-12T10:13:09+00:00,Unavailable,,
350202032,2026-05-12T10:13:09+00:00,Unavailable,,
350202045,2026-05-12T10:13:09+00:00,Unavailable,,
350202056,2026-05-12T10:13:09+00:00,Unavailable,,
350202069,2026-05-12T10:13:09+00:00,Unavailable,,
350202080,2026-05-12T10:13:09+00:00,Unavailable,,
350202091,2026-05-12T10:13:09+00:00,Unavailable,,
350202102,2026-05-12T10:13:09+00:00,Unavailable,,
350202113,2026-05-12T10:13:09+00:00,Unavailable,,
350202124,2026-05-12T10:13:09+00:00,Unavailable,,
350202135,2026-05-12T10:13:09+00:00,Unavailable,,
350202146,2026-05-12T10:13:09+00:00,Unavailable,,
350202157,2026-05-12T10:13:09+00:00,Unavailable,,
350202168,2026-05-12T10:13:09+00:00,Unavailable,,
350202180,2026-05-12T10:13:09+00:00,Unavailable,,
350202191,2026-05-12T10:13:09+00:00,Unavailable,,
350202202,2026-05-12T10:13:09+00:00,Unavailable,,
350202213,2026-05-12T10:13:09+00:00,Unavailable,,
350202224,2026-05-12T10:13:09+00:00,Unavailable,,
350202235,2026-05-12T10:13:09+00:00,Unavailable,,
350202246,2026-05-12T10:13:09+00:00,Unavailable,,
350202257,2026-05-12T10:13:09+00:00,Unavailable,,
350202268,2026-05-12T10:13:09+00:00,Unavailable,,
350202279,2026-05-12T10:13:09+00:00,Unavailable,,
350202290,2026-05-12T10:13:09+00:00,Unavailable,,
350202301,2026-05-12T10:13:09+00:00,Unavailable,,
350202312,2026-05-12T10:13:09+00:00,Unavailable,,
350202323,2026-05-12T10:13:09+00:00,Unavailable,,
350202334,2026-05-12T10:13:09+00:00,Unavailable,,
350202347,2026-05-12T10:13:09+00:00,Unavailable,,
350202361,2026-05-12T10:13:09+00:00,Unavailable,,
350202372,2026-05-12T10:13:09+00:00,Unavailable,,
350202383,2026-05-12T10:13:09+00:00,Unavailable,,
350202394,2026-05-12T10:13:09+00:00,Unavailable,,
350202406,2026-05-12T10:13:09+00:00,Unavailable,,
350202417,2026-05-12T10:13:09+00:00,Unavailable,,
350202429,2026-05-12T10:13:09+00:00,Unavailable,,
350202440,2026-05-12T10:13:09+00:00,Unavailable,,
350202451,2026-05-12T10:13:09+00:00,Unavailable,,
350202462,2026-05-12T10:13:09+00:00,Unavailable,,
350202473,2026-05-12T10:13:09+00:00,Unavailable,,
350202484,2026-05-12T10:13:09+00:00,Unavailable,,
350202495,2026-05-12T10:13:09+00:00,Unavailable,,
350202506,2026-05-12T10:13:09+00:00,Unavailable,,
350202517,2026-05-12T10:13:09+00:00,Unavailable,,
350202528,2026-05-12T10:13:09+00:00,Unavailable,,
350202539,2026-05-12T10:13:09+00:00,Unavailable,,
350202551,2026-05-12T10:13:09+00:00,Unavailable,,
350202562,2026-05-12T10:13:09+00:00,Unavailable,,
350202573,2026-05-12T10:13:09+00:00,Unavailable,,
350202584,2026-05-12T10:13:09+00:00,Unavailable,,
350202595,2026-05-12T10:13:09+00:00,Unavailable,,
350202607,2026-05-12T10:13:09+00:00,Unavailable,,
350202618,2026-05-12T10:13:09+00:00,Unavailable,,
350202631,2026-05-12T10:13:09+00:00,Unavailable,,
350202642,2026-05-12T10:13:09+00:00,Unavailable,,
350202654,2026-05-12T10:13:09+00:00,Unavailable,,
350202665,2026-05-12T10:13:09+00:00,Unavailable,,
350202676,2026-05-12T10:13:09+00:00,Unavailable,,
350202687,2026-05-12T10:13:09+00:00,Unavailable,,
350202698,2026-05-12T10:13:09+00:00,Unavailable,,
350202709,2026-05-12T10:13:09+00:00,Unavailable,,
350202720,2026-05-12T10:13:09+00:00,Unavailable,,
350202731,2026-05-12T10:13:09+00:00,Unavailable,,
350202742,2026-05-12T10:13:09+00:00,Unavailable,,
350202753,2026-05-12T10:13:09+00:00,Unavailable,,
350202764,2026-05-12T10:13:09+00:00,Unavailable,,
350202775,2026-05-12T10:13:09+00:00,Unavailable,,
350202786,2026-05-12T10:13:09+00:00,Unavailable,,
350202797,2026-05-12T10:13:09+00:00,Unavailable,,
350202808,2026-05-12T10:13:09+00:00,Unavailable,,
350202819,2026-05-12T10:13:09+00:00,Unavailable,,
350202830,2026-05-12T10:13:09+00:00,Unavailable,,
350202841,2026-05-12T10:13:09+00:00,Unavailable,,
350202852,2026-05-12T10:13:09+00:00,Unavailable,,
350202863,2026-05-12T10:13:09+00:00,Unavailable,,
350202874,2026-05-12T10:13:09+00:00,Unavailable,,
350202885,2026-05-12T10:13:09+00:00,Unavailable,,
350202896,2026-05-12T10:13:09+00:00,Unavailable,,
350202908,2026-05-12T10:13:09+00:00,Unavailable,,
350202919,2026-05-12T10:13:09+00:00,Unavailable,,
350202930,2026-05-12T10:13:09+00:00,Unavailable,,
350202941,2026-05-12T10:13:09+00:00,Unavailable,,
350202952,2026-05-12T10:13:09+00:00,Unavailable,,
350202963,2026-05-12T10:13:09+00:00,Unavailable,,
350202974,2026-05-12T10:13:09+00:00,Unavailable,,
350202985,2026-05-12T10:13:09+00:00,Unavailable,,
350202996,2026-05-12T10:13:09+00:00,Unavailable,,
350203007,2026-05-12T10:13:09+00:00,Unavailable,,
350203018,2026-05-12T10:13:09+00:00,Unavailable,,
350203029,2026-05-12T10:13:09+00:00,Unavailable,,
350203040,2026-05-12T10:13:09+00:00,Unavailable,,
350203051,2026-05-12T10:13:09+00:00,Unavailable,,
350203062,2026-05-12T10:13:09+00:00,Unavailable,,
350203073,2026-05-12T10:13:09+00:00,Unavailable,,
350203084,2026-05-12T10:13:09+00:00,Unavailable,,
350203095,2026-05-12T10:13:09+00:00,Unavailable,,
350203106,2026-05-12T10:13:09+00:00,Unavailable,,
350203117,2026-05-12T10:13:09+00:00,Unavailable,,
350203128,2026-05-12T10:13:09+00:00,Unavailable,,
350203139,2026-05-12T10:13:09+00:00,Unavailable,,
350203150,2026-05-12T10:13:09+00:00,Unavailable,,
350203162,2026-05-12T10:13:09+00:00,Unavailable,,
350203173,2026-05-12T10:13:09+00:00,Unavailable,,
350203184,2026-05-12T10:13:09+00:00,Unavailable,,
350203195,2026-05-12T10:13:09+00:00,Unavailable,,
350203206,2026-05-12T10:13:09+00:00,Unavailable,,
350203217,2026-05-12T10:13:09+00:00,Unavailable,,
350203228,2026-05-12T10:13:09+00:00,Unavailable,,
350203239,2026-05-12T10:13:09+00:00,Unavailable,,
350203250,2026-05-12T10:13:09+00:00,Unavailable,,
350203261,2026-05-12T10:13:09+00:00,Unavailable,,
350203272,2026-05-12T10:13:09+00:00,Unavailable,,
350203283,2026-05-12T10:13:09+00:00,Unavailable,,
350203294,2026-05-12T10:13:09+00:00,Unavailable,,
350203305,2026-05-12T10:13:09+00:00,Unavailable,,
350203316,2026-05-12T10:13:09+00:00,Unavailable,,
350203327,2026-05-12T10:13:09+00:00,Unavailable,,
350203338,2026-05-12T10:13:09+00:00,Unavailable,,
350203349,2026-05-12T10:13:09+00:00,Unavailable,,
350203360,2026-05-12T10:13:09+00:00,Unavailable,,
350203371,2026-05-12T10:13:09+00:00,Unavailable,,
350203383,2026-05-12T10:13:09+00:00,Unavailable,,
350203394,2026-05-12T10:13:09+00:00,Unavailable,,
350203405,2026-05-12T10:13:09+00:00,Unavailable,,
350203416,2026-05-12T10:13:09+00:00,Unavailable,,
350203427,2026-05-12T10:13:09+00:00,Unavailable,,
350203438,2026-05-12T10:13:09+00:00,Unavailable,,
350203449,2026-05-12T10:13:09+00:00,Unavailable,,
350203460,2026-05-12T10:13:09+00:00,Unavailable,,
350203472,2026-05-12T10:13:09+00:00,Unavailable,,
350203483,2026-05-12T10:13:09+00:00,Unavailable,,
350203494,2026-05-12T10:13:09+00:00,Unavailable,,
350203505,2026-05-12T10:13:09+00:00,Unavailable,,
350203516,2026-05-12T10:13:09+00:00,Unavailable,,
350203527,2026-05-12T10:13:09+00:00,Unavailable,,
350203538,2026-05-12T10:13:09+00:00,Unavailable,,
350203549,2026-05-12T10:13:09+00:00,Unavailable,,
350203560,2026-05-12T10:13:09+00:00,Unavailable,,
350203571,2026-05-12T10:13:09+00:00,Unavailable,,
350203593,2026-05-12T10:13:09+00:00,Unavailable,,
355173402,2026-05-12T10:13:09+00:00,Unavailable,,
350223957,2026-05-12T10:13:19+00:00,Unavailable,,
350223971,2026-05-12T10:13:19+00:00,Unavailable,,
350223985,2026-05-12T10:13:19+00:00,Unavailable,,
350223999,2026-05-12T10:13:19+00:00,Unavailable,,
350224011,2026-05-12T10:13:19+00:00,Unavailable,,
350224022,2026-05-12T10:13:19+00:00,Unavailable,,
350224033,2026-05-12T10:13:19+00:00,Unavailable,,
350224044,2026-05-12T10:13:19+00:00,Unavailable,,
350224055,2026-05-12T10:13:19+00:00,Unavailable,,
350224066,2026-05-12T10:13:19+00:00,Unavailable,,
350224077,2026-05-12T10:13:19+00:00,Unavailable,,
350224088,2026-05-12T10:13:19+00:00,Unavailable,,
350224102,2026-05-12T10:13:19+00:00,Unavailable,,
350224116,2026-05-12T10:13:19+00:00,Unavailable,,
350224130,2026-05-12T10:13:19+00:00,Unavailable,,
350224144,2026-05-12T10:13:19+00:00,Unavailable,,
350224158,2026-05-12T10:13:19+00:00,Unavailable,,
350224172,2026-05-12T10:13:19+00:00,Unavailable,,
350224186,2026-05-12T10:13:19+00:00,Unavailable,,
350224200,2026-05-12T10:13:19+00:00,Unavailable,,
350224214,2026-05-12T10:13:19+00:00,Unavailable,,
350224228,2026-05-12T10:13:19+00:00,Unavailable,,
350224239,2026-05-12T10:13:19+00:00,Unavailable,,
350224250,2026-05-12T10:13:19+00:00,Unavailable,,
350224261,2026-05-12T10:13:19+00:00,Unavailable,,
350224272,2026-05-12T10:13:19+00:00,Unavailable,,
350224283,2026-05-12T10:13:19+00:00,Unavailable,,
350224294,2026-05-12T10:13:19+00:00,Unavailable,,
350224305,2026-05-12T10:13:19+00:00,Unavailable,,
350224317,2026-05-12T10:13:19+00:00,Unavailable,,
350224328,2026-05-12T10:13:19+00:00,Unavailable,,
350224339,2026-05-12T10:13:19+00:00,Unavailable,,
350224350,2026-05-12T10:13:19+00:00,Unavailable,,
350224361,2026-05-12T10:13:19+00:00,Unavailable,,
350224372,2026-05-12T10:13:19+00:00,Unavailable,,
350224386,2026-05-12T10:13:19+00:00,Unavailable,,
350224401,2026-05-12T10:13:19+00:00,Unavailable,,
350224416,2026-05-12T10:13:19+00:00,Unavailable,,
350224433,2026-05-12T10:13:19+00:00,Unavailable,,
350224444,2026-05-12T10:13:19+00:00,Unavailable,,
350224455,2026-05-12T10:13:19+00:00,Unavailable,,
350224466,2026-05-12T10:13:19+00:00,Unavailable,,
350224477,2026-05-12T10:13:19+00:00,Unavailable,,
350224489,2026-05-12T10:13:19+00:00,Unavailable,,
350224500,2026-05-12T10:13:19+00:00,Unavailable,,
350224511,2026-05-12T10:13:19+00:00,Unavailable,,
350224522,2026-05-12T10:13:19+00:00,Unavailable,,
350224533,2026-05-12T10:13:19+00:00,Unavailable,,
350224544,2026-05-12T10:13:19+00:00,Unavailable,,
350224555,2026-05-12T10:13:19+00:00,Unavailable,,
350224566,2026-05-12T10:13:19+00:00,Unavailable,,
350224577,2026-05-12T10:13:19+00:00,Unavailable,,
350224588,2026-05-12T10:13:19+00:00,Unavailable,,
350224599,2026-05-12T10:13:19+00:00,Unavailable,,
350224612,2026-05-12T10:13:19+00:00,Unavailable,,
350224623,2026-05-12T10:13:19+00:00,Unavailable,,
350224634,2026-05-12T10:13:19+00:00,Unavailable,,
350224645,2026-05-12T10:13:19+00:00,Unavailable,,
350224658,2026-05-12T10:13:19+00:00,Unavailable,,
350224669,2026-05-12T10:13:19+00:00,Unavailable,,
350224680,2026-05-12T10:13:19+00:00,Unavailable,,
350224692,2026-05-12T10:13:19+00:00,Unavailable,,
350224703,2026-05-12T10:13:19+00:00,Unavailable,,
350224714,2026-05-12T10:13:19+00:00,Unavailable,,
350224725,2026-05-12T10:13:19+00:00,Unavailable,,
350224738,2026-05-12T10:13:19+00:00,Unavailable,,
350224749,2026-05-12T10:13:19+00:00,Unavailable,,
350224760,2026-05-12T10:13:19+00:00,Unavailable,,
350224771,2026-05-12T10:13:19+00:00,Unavailable,,
350224782,2026-05-12T10:13:19+00:00,Unavailable,,
350224793,2026-05-12T10:13:19+00:00,Unavailable,,
350224804,2026-05-12T10:13:19+00:00,Unavailable,,
350224815,2026-05-12T10:13:19+00:00,Unavailable,,
350224826,2026-05-12T10:13:19+00:00,Unavailable,,
350224837,2026-05-12T10:13:19+00:00,Unavailable,,
350224848,2026-05-12T10:13:19+00:00,Unavailable,,
350224859,2026-05-12T10:13:19+00:00,Unavailable,,
350224873,2026-05-12T10:13:19+00:00,Unavailable,,
350224887,2026-05-12T10:13:19+00:00,Unavailable,,
350224901,2026-05-12T10:13:19+00:00,Unavailable,,
350224915,2026-05-12T10:13:19+00:00,Unavailable,,
350224929,2026-05-12T10:13:19+00:00,Unavailable,,
350224940,2026-05-12T10:13:19+00:00,Unavailable,,
350224951,2026-05-12T10:13:19+00:00,Unavailable,,
350224962,2026-05-12T10:13:19+00:00,Unavailable,,
350224973,2026-05-12T10:13:19+00:00,Unavailable,,
350224985,2026-05-12T10:13:19+00:00,Unavailable,,
350224996,2026-05-12T10:13:19+00:00,Unavailable,,
350225008,2026-05-12T10:13:19+00:00,Unavailable,,
350225019,2026-05-12T10:13:19+00:00,Unavailable,,
350225030,2026-05-12T10:13:19+00:00,Unavailable,,
350225041,2026-05-12T10:13:19+00:00,Unavailable,,
350225053,2026-05-12T10:13:19+00:00,Unavailable,,
350225064,2026-05-12T10:13:19+00:00,Unavailable,,
350225075,2026-05-12T10:13:19+00:00,Unavailable,,
350225086,2026-05-12T10:13:19+00:00,Unavailable,,
350225097,2026-05-12T10:13:19+00:00,Unavailable,,
350225108,2026-05-12T10:13:19+00:00,Unavailable,,
350225119,2026-05-12T10:13:19+00:00,Unavailable,,
350225130,2026-05-12T10:13:19+00:00,Unavailable,,
350225141,2026-05-12T10:13:19+00:00,Unavailable,,
350225163,2026-05-12T10:13:19+00:00,Unavailable,,
350225174,2026-05-12T10:13:19+00:00,Unavailable,,
350225185,2026-05-12T10:13:19+00:00,Unavailable,,
350225196,2026-05-12T10:13:19+00:00,Unavailable,,
350225207,2026-05-12T10:13:19+00:00,Unavailable,,
350225218,2026-05-12T10:13:19+00:00,Unavailable,,
350225229,2026-05-12T10:13:19+00:00,Unavailable,,
350225240,2026-05-12T10:13:19+00:00,Unavailable,,
350225251,2026-05-12T10:13:19+00:00,Unavailable,,
350225262,2026-05-12T10:13:19+00:00,Unavailable,,
350225273,2026-05-12T10:13:19+00:00,Unavailable,,
350225285,2026-05-12T10:13:19+00:00,Unavailable,,
350225296,2026-05-12T10:13:19+00:00,Unavailable,,
350225307,2026-05-12T10:13:19+00:00,Unavailable,,
350225318,2026-05-12T10:13:19+00:00,Unavailable,,
350225329,2026-05-12T10:13:19+00:00,Unavailable,,
350225341,2026-05-12T10:13:19+00:00,Unavailable,,
350225352,2026-05-12T10:13:19+00:00,Unavailable,,
350225363,2026-05-12T10:13:19+00:00,Unavailable,,
350225375,2026-05-12T10:13:19+00:00,Unavailable,,
350225387,2026-05-12T10:13:19+00:00,Unavailable,,
350225401,2026-05-12T10:13:19+00:00,Unavailable,,
350225415,2026-05-12T10:13:19+00:00,Unavailable,,
350225429,2026-05-12T10:13:19+00:00,Unavailable,,
350225443,2026-05-12T10:13:19+00:00,Unavailable,,
350225457,2026-05-12T10:13:19+00:00,Unavailable,,
350225471,2026-05-12T10:13:19+00:00,Unavailable,,
350225485,2026-05-12T10:13:19+00:00,Unavailable,,
350225496,2026-05-12T10:13:19+00:00,Unavailable,,
350225507,2026-05-12T10:13:19+00:00,Unavailable,,
350225518,2026-05-12T10:13:19+00:00,Unavailable,,
350225529,2026-05-12T10:13:19+00:00,Unavailable,,
350225540,2026-05-12T10:13:19+00:00,Unavailable,,
350225551,2026-05-12T10:13:19+00:00,Unavailable,,
350225562,2026-05-12T10:13:19+00:00,Unavailable,,
350225573,2026-05-12T10:13:19+00:00,Unavailable,,
350225584,2026-05-12T10:13:19+00:00,Unavailable,,
350225596,2026-05-12T10:13:19+00:00,Unavailable,,
350225607,2026-05-12T10:13:19+00:00,Unavailable,,
350225618,2026-05-12T10:13:19+00:00,Unavailable,,
350225629,2026-05-12T10:13:19+00:00,Unavailable,,
350225640,2026-05-12T10:13:19+00:00,Unavailable,,
350225651,2026-05-12T10:13:19+00:00,Unavailable,,
350225663,2026-05-12T10:13:19+00:00,Unavailable,,
350225674,2026-05-12T10:13:19+00:00,Unavailable,,
350225688,2026-05-12T10:13:19+00:00,Unavailable,,
350225702,2026-05-12T10:13:19+00:00,Unavailable,,
350225716,2026-05-12T10:13:19+00:00,Unavailable,,
350225730,2026-05-12T10:13:19+00:00,Unavailable,,
350225744,2026-05-12T10:13:19+00:00,Unavailable,,
350225758,2026-05-12T10:13:19+00:00,Unavailable,,
350225786,2026-05-12T10:13:19+00:00,Unavailable,,
350225814,2026-05-12T10:13:19+00:00,Unavailable,,
350225825,2026-05-12T10:13:19+00:00,Unavailable,,
350225836,2026-05-12T10:13:19+00:00,Unavailable,,
350225847,2026-05-12T10:13:19+00:00,Unavailable,,
350225858,2026-05-12T10:13:19+00:00,Unavailable,,
350225869,2026-05-12T10:13:19+00:00,Unavailable,,
350225880,2026-05-12T10:13:19+00:00,Unavailable,,
350225891,2026-05-12T10:13:19+00:00,Unavailable,,
350225902,2026-05-12T10:13:19+00:00,Unavailable,,
350225913,2026-05-12T10:13:19+00:00,Unavailable,,
350225924,2026-05-12T10:13:19+00:00,Unavailable,,
350225935,2026-05-12T10:13:19+00:00,Unavailable,,
350225946,2026-05-12T10:13:19+00:00,Unavailable,,
350225957,2026-05-12T10:13:19+00:00,Unavailable,,
350225968,2026-05-12T10:13:19+00:00,Unavailable,,
350225981,2026-05-12T10:13:19+00:00,Unavailable,,
350225993,2026-05-12T10:13:19+00:00,Unavailable,,
350226004,2026-05-12T10:13:19+00:00,Unavailable,,
350226015,2026-05-12T10:13:19+00:00,Unavailable,,
350226026,2026-05-12T10:13:19+00:00,Unavailable,,
350226037,2026-05-12T10:13:19+00:00,Unavailable,,
350226048,2026-05-12T10:13:19+00:00,Unavailable,,
350226059,2026-05-12T10:13:19+00:00,Unavailable,,
350226070,2026-05-12T10:13:19+00:00,Unavailable,,
350280176,2026-05-12T10:13:19+00:00,Unavailable,,
350280422,2026-05-12T10:13:19+00:00,Unavailable,,
350280510,2026-05-12T10:13:19+00:00,Unavailable,,
350280525,2026-05-12T10:13:19+00:00,Unavailable,,
350280536,2026-05-12T10:13:19+00:00,Unavailable,,
350288650,2026-05-12T10:13:19+00:00,Unavailable,,
350288664,2026-05-12T10:13:19+00:00,Unavailable,,
350288680,2026-05-12T10:13:19+00:00,Unavailable,,
350288691,2026-05-12T10:13:19+00:00,Unavailable,,
350288702,2026-05-12T10:13:19+00:00,Unavailable,,
350288713,2026-05-12T10:13:19+00:00,Unavailable,,
350288724,2026-05-12T10:13:19+00:00,Unavailable,,
350288737,2026-05-12T10:13:19+00:00,Unavailable,,
350288748,2026-05-12T10:13:19+00:00,Unavailable,,
350288759,2026-05-12T10:13:19+00:00,Unavailable,,
350288770,2026-05-12T10:13:19+00:00,Unavailable,,
350288781,2026-05-12T10:13:19+00:00,Unavailable,,
350288792,2026-05-12T10:13:19+00:00,Unavailable,,
350288804,2026-05-12T10:13:19+00:00,Unavailable,,
350288815,2026-05-12T10:13:19+00:00,Unavailable,,
350288826,2026-05-12T10:13:19+00:00,Unavailable,,
350288837,2026-05-12T10:13:19+00:00,Unavailable,,
350288848,2026-05-12T10:13:19+00:00,Unavailable,,
350288859,2026-05-12T10:13:19+00:00,Unavailable,,
350288870,2026-05-12T10:13:19+00:00,Unavailable,,
350288881,2026-05-12T10:13:19+00:00,Unavailable,,
350288892,2026-05-12T10:13:19+00:00,Unavailable,,
350288903,2026-05-12T10:13:19+00:00,Unavailable,,
350288914,2026-05-12T10:13:19+00:00,Unavailable,,
350288925,2026-05-12T10:13:19+00:00,Unavailable,,
350288937,2026-05-12T10:13:19+00:00,Unavailable,,
350288948,2026-05-12T10:13:19+00:00,Unavailable,,
350288959,2026-05-12T10:13:19+00:00,Unavailable,,
350288970,2026-05-12T10:13:19+00:00,Unavailable,,
350288981,2026-05-12T10:13:19+00:00,Unavailable,,
350288992,2026-05-12T10:13:19+00:00,Unavailable,,
350289003,2026-05-12T10:13:19+00:00,Unavailable,,
350289014,2026-05-12T10:13:19+00:00,Unavailable,,
350289048,2026-05-12T10:13:19+00:00,Unavailable,,
350289060,2026-05-12T10:13:19+00:00,Unavailable,,
350289071,2026-05-12T10:13:19+00:00,Unavailable,,
350289082,2026-05-12T10:13:19+00:00,Unavailable,,
350289093,2026-05-12T10:13:19+00:00,Unavailable,,
350289104,2026-05-12T10:13:19+00:00,Unavailable,,
350289115,2026-05-12T10:13:19+00:00,Unavailable,,
350289126,2026-05-12T10:13:19+00:00,Unavailable,,
350289137,2026-05-12T10:13:19+00:00,Unavailable,,
350289148,2026-05-12T10:13:19+00:00,Unavailable,,
350289159,2026-05-12T10:13:19+00:00,Unavailable,,
350289170,2026-05-12T10:13:19+00:00,Unavailable,,
350289181,2026-05-12T10:13:19+00:00,Unavailable,,
350289192,2026-05-12T10:13:19+00:00,Unavailable,,
350289203,2026-05-12T10:13:19+00:00,Unavailable,,
350289214,2026-05-12T10:13:19+00:00,Unavailable,,
350289226,2026-05-12T10:13:19+00:00,Unavailable,,
350289237,2026-05-12T10:13:19+00:00,Unavailable,,
350289248,2026-05-12T10:13:19+00:00,Unavailable,,
350289260,2026-05-12T10:13:19+00:00,Unavailable,,
350289271,2026-05-12T10:13:19+00:00,Unavailable,,
350289282,2026-05-12T10:13:19+00:00,Unavailable,,
350289293,2026-05-12T10:13:19+00:00,Unavailable,,
350289304,2026-05-12T10:13:19+00:00,Unavailable,,
350289315,2026-05-12T10:13:19+00:00,Unavailable,,
350289326,2026-05-12T10:13:19+00:00,Unavailable,,
350289337,2026-05-12T10:13:19+00:00,Unavailable,,
350289348,2026-05-12T10:13:19+00:00,Unavailable,,
350289359,2026-05-12T10:13:19+00:00,Unavailable,,
350289370,2026-05-12T10:13:19+00:00,Unavailable,,
350289381,2026-05-12T10:13:19+00:00,Unavailable,,
350289392,2026-05-12T10:13:19+00:00,Unavailable,,
350289404,2026-05-12T10:13:19+00:00,Unavailable,,
351070164,2026-05-12T10:13:19+00:00,Unavailable,,
351073176,2026-05-12T10:13:19+00:00,Unavailable,,
353250216,2026-05-12T10:13:19+00:00,Unavailable,,
364658017,2026-05-12T10:13:19+00:00,Unavailable,,
350216376,2026-05-12T14:37:52+00:00,Unavailable,,
350216387,2026-05-12T14:37:52+00:00,Unavailable,,
350216398,2026-05-12T14:37:52+00:00,Unavailable,,
350216409,2026-05-12T14:37:52+00:00,Unavailable,,
350216431,2026-05-12T14:37:52+00:00,Unavailable,,
350216442,2026-05-12T14:37:52+00:00,Unavailable,,
350216453,2026-05-12T14:37:52+00:00,Unavailable,,
350216465,2026-05-12T14:37:52+00:00,Unavailable,,
350216476,2026-05-12T14:37:52+00:00,Unavailable,,
350216487,2026-05-12T14:37:52+00:00,Unavailable,,
350216498,2026-05-12T14:37:52+00:00,Unavailable,,
350216509,2026-05-12T14:37:52+00:00,Unavailable,,
350216520,2026-05-12T14:37:52+00:00,Unavailable,,
350216542,2026-05-12T14:37:52+00:00,Unavailable,,
350216553,2026-05-12T14:37:52+00:00,Unavailable,,
350216564,2026-05-12T14:37:52+00:00,Unavailable,,
350216575,2026-05-12T14:37:52+00:00,Unavailable,,
350216586,2026-05-12T14:37:52+00:00,Unavailable,,
350216597,2026-05-12T14:37:52+00:00,Unavailable,,
350216608,2026-05-12T14:37:52+00:00,Unavailable,,
350216619,2026-05-12T14:37:52+00:00,Unavailable,,
350216630,2026-05-12T14:37:52+00:00,Unavailable,,
350216652,2026-05-12T14:37:52+00:00,Unavailable,,
350216663,2026-05-12T14:37:52+00:00,Unavailable,,
350216674,2026-05-12T14:37:52+00:00,Unavailable,,
350216685,2026-05-12T14:37:52+00:00,Unavailable,,
350216696,2026-05-12T14:37:52+00:00,Unavailable,,
350216707,2026-05-12T14:37:52+00:00,Unavailable,,
350216718,2026-05-12T14:37:52+00:00,Unavailable,,
350216729,2026-05-12T14:37:52+00:00,Unavailable,,
350216740,2026-05-12T14:37:52+00:00,Unavailable,,
350216751,2026-05-12T14:37:52+00:00,Unavailable,,
350216762,2026-05-12T14:37:52+00:00,Unavailable,,
350216773,2026-05-12T14:37:52+00:00,Unavailable,,
350216784,2026-05-12T14:37:52+00:00,Unavailable,,
350216795,2026-05-12T14:37:52+00:00,Unavailable,,
350216806,2026-05-12T14:37:52+00:00,Unavailable,,
350216817,2026-05-12T14:37:52+00:00,Unavailable,,
350216828,2026-05-12T14:37:52+00:00,Unavailable,,
350216839,2026-05-12T14:37:52+00:00,Unavailable,,
350216850,2026-05-12T14:37:52+00:00,Unavailable,,
350216861,2026-05-12T14:37:52+00:00,Unavailable,,
350216872,2026-05-12T14:37:52+00:00,Unavailable,,
350216884,2026-05-12T14:37:52+00:00,Unavailable,,
350216895,2026-05-12T14:37:52+00:00,Unavailable,,
350216906,2026-05-12T14:37:52+00:00,Unavailable,,
350216917,2026-05-12T14:37:52+00:00,Unavailable,,
350216928,2026-05-12T14:37:52+00:00,Unavailable,,
350216939,2026-05-12T14:37:52+00:00,Unavailable,,
350216950,2026-05-12T14:37:52+00:00,Unavailable,,
350216961,2026-05-12T14:37:52+00:00,Unavailable,,
350216972,2026-05-12T14:37:52+00:00,Unavailable,,
350216994,2026-05-12T14:37:52+00:00,Unavailable,,
350217005,2026-05-12T14:37:52+00:00,Unavailable,,
350217016,2026-05-12T14:37:52+00:00,Unavailable,,
350217027,2026-05-12T14:37:52+00:00,Unavailable,,
350217049,2026-05-12T14:37:52+00:00,Unavailable,,
350217071,2026-05-12T14:37:52+00:00,Unavailable,,
350217083,2026-05-12T14:37:52+00:00,Unavailable,,
350217105,2026-05-12T14:37:52+00:00,Unavailable,,
350217117,2026-05-12T14:37:52+00:00,Unavailable,,
350217128,2026-05-12T14:37:52+00:00,Unavailable,,
350217150,2026-05-12T14:37:52+00:00,Unavailable,,
350217162,2026-05-12T14:37:52+00:00,Unavailable,,
350217174,2026-05-12T14:37:52+00:00,Unavailable,,
350217185,2026-05-12T14:37:52+00:00,Unavailable,,
350217207,2026-05-12T14:37:52+00:00,Unavailable,,
350217218,2026-05-12T14:37:52+00:00,Unavailable,,
350217240,2026-05-12T14:37:52+00:00,Unavailable,,
350217251,2026-05-12T14:37:52+00:00,Unavailable,,
350217262,2026-05-12T14:37:52+00:00,Unavailable,,
350217273,2026-05-12T14:37:52+00:00,Unavailable,,
350217284,2026-05-12T14:37:52+00:00,Unavailable,,
350217295,2026-05-12T14:37:52+00:00,Unavailable,,
350217306,2026-05-12T14:37:52+00:00,Unavailable,,
350217317,2026-05-12T14:37:52+00:00,Unavailable,,
350217339,2026-05-12T14:37:52+00:00,Unavailable,,
350217353,2026-05-12T14:37:52+00:00,Unavailable,,
350217366,2026-05-12T14:37:52+00:00,Unavailable,,
350217379,2026-05-12T14:37:52+00:00,Unavailable,,
350217393,2026-05-12T14:37:52+00:00,Unavailable,,
350217404,2026-05-12T14:37:52+00:00,Unavailable,,
350217415,2026-05-12T14:37:52+00:00,Unavailable,,
350217426,2026-05-12T14:37:52+00:00,Unavailable,,
350217437,2026-05-12T14:37:52+00:00,Unavailable,,
350217448,2026-05-12T14:37:52+00:00,Unavailable,,
350732033,2026-05-12T14:37:52+00:00,Unavailable,,
350739304,2026-05-12T14:37:52+00:00,Unavailable,,
350740400,2026-05-12T14:37:52+00:00,Unavailable,,
350740938,2026-05-12T14:37:52+00:00,Unavailable,,
350741533,2026-05-12T14:37:52+00:00,Unavailable,,
350741599,2026-05-12T14:37:52+00:00,Unavailable,,
364675943,2026-05-12T14:37:52+00:00,Unavailable,,
364677421,2026-05-12T14:37:52+00:00,Unavailable,,
364677693,2026-05-12T14:37:52+00:00,Unavailable,,
364678079,2026-05-12T14:37:52+00:00,Unavailable,,
350200801,2026-05-12T14:37:57+00:00,Unavailable,,
350200813,2026-05-12T14:37:57+00:00,Unavailable,,
350200824,2026-05-12T14:37:57+00:00,Unavailable,,
350200836,2026-05-12T14:37:57+00:00,Unavailable,,
350200847,2026-05-12T14:37:57+00:00,Unavailable,,
350200858,2026-05-12T14:37:57+00:00,Unavailable,,
350200869,2026-05-12T14:37:57+00:00,Unavailable,,
350200880,2026-05-12T14:37:57+00:00,Unavailable,,
350200891,2026-05-12T14:37:57+00:00,Unavailable,,
350200902,2026-05-12T14:37:57+00:00,Unavailable,,
350200913,2026-05-12T14:37:57+00:00,Unavailable,,
350200924,2026-05-12T14:37:57+00:00,Unavailable,,
350200935,2026-05-12T14:37:57+00:00,Unavailable,,
350200946,2026-05-12T14:37:57+00:00,Unavailable,,
350200957,2026-05-12T14:37:57+00:00,Unavailable,,
350200968,2026-05-12T14:37:57+00:00,Unavailable,,
350200979,2026-05-12T14:37:57+00:00,Unavailable,,
350200990,2026-05-12T14:37:57+00:00,Unavailable,,
350201001,2026-05-12T14:37:57+00:00,Unavailable,,
350201012,2026-05-12T14:37:57+00:00,Unavailable,,
350201023,2026-05-12T14:37:57+00:00,Unavailable,,
350201034,2026-05-12T14:37:57+00:00,Unavailable,,
350201045,2026-05-12T14:37:57+00:00,Unavailable,,
350201058,2026-05-12T14:37:57+00:00,Unavailable,,
350201069,2026-05-12T14:37:57+00:00,Unavailable,,
350201080,2026-05-12T14:37:57+00:00,Unavailable,,
350201091,2026-05-12T14:37:57+00:00,Unavailable,,
350201102,2026-05-12T14:37:57+00:00,Unavailable,,
350201113,2026-05-12T14:37:57+00:00,Unavailable,,
350201124,2026-05-12T14:37:57+00:00,Unavailable,,
350201135,2026-05-12T14:37:57+00:00,Unavailable,,
350201146,2026-05-12T14:37:57+00:00,Unavailable,,
350201157,2026-05-12T14:37:57+00:00,Unavailable,,
350201170,2026-05-12T14:37:57+00:00,Unavailable,,
350201182,2026-05-12T14:37:57+00:00,Unavailable,,
350201193,2026-05-12T14:37:57+00:00,Unavailable,,
350201205,2026-05-12T14:37:57+00:00,Unavailable,,
350201216,2026-05-12T14:37:57+00:00,Unavailable,,
350201227,2026-05-12T14:37:57+00:00,Unavailable,,
350201238,2026-05-12T14:37:57+00:00,Unavailable,,
350201249,2026-05-12T14:37:57+00:00,Unavailable,,
350201260,2026-05-12T14:37:57+00:00,Unavailable,,
350201271,2026-05-12T14:37:57+00:00,Unavailable,,
350201283,2026-05-12T14:37:57+00:00,Unavailable,,
350201294,2026-05-12T14:37:57+00:00,Unavailable,,
350201305,2026-05-12T14:37:57+00:00,Unavailable,,
350201316,2026-05-12T14:37:57+00:00,Unavailable,,
350201327,2026-05-12T14:37:57+00:00,Unavailable,,
350201338,2026-05-12T14:37:57+00:00,Unavailable,,
350201349,2026-05-12T14:37:57+00:00,Unavailable,,
350201360,2026-05-12T14:37:57+00:00,Unavailable,,
350201371,2026-05-12T14:37:57+00:00,Unavailable,,
350201382,2026-05-12T14:37:57+00:00,Unavailable,,
350201393,2026-05-12T14:37:57+00:00,Unavailable,,
350201404,2026-05-12T14:37:57+00:00,Unavailable,,
350201415,2026-05-12T14:37:57+00:00,Unavailable,,
350201426,2026-05-12T14:37:57+00:00,Unavailable,,
350201437,2026-05-12T14:37:57+00:00,Unavailable,,
350201448,2026-05-12T14:37:57+00:00,Unavailable,,
350201459,2026-05-12T14:37:57+00:00,Unavailable,,
350201470,2026-05-12T14:37:57+00:00,Unavailable,,
350201481,2026-05-12T14:37:57+00:00,Unavailable,,
350201492,2026-05-12T14:37:57+00:00,Unavailable,,
350201503,2026-05-12T14:37:57+00:00,Unavailable,,
350201514,2026-05-12T14:37:57+00:00,Unavailable,,
350201525,2026-05-12T14:37:57+00:00,Unavailable,,
350201536,2026-05-12T14:37:57+00:00,Unavailable,,
350201547,2026-05-12T14:37:57+00:00,Unavailable,,
350201558,2026-05-12T14:37:57+00:00,Unavailable,,
350201569,2026-05-12T14:37:57+00:00,Unavailable,,
350201580,2026-05-12T14:37:57+00:00,Unavailable,,
350201591,2026-05-12T14:37:57+00:00,Unavailable,,
350201602,2026-05-12T14:37:57+00:00,Unavailable,,
350201613,2026-05-12T14:37:57+00:00,Unavailable,,
350201624,2026-05-12T14:37:57+00:00,Unavailable,,
350201635,2026-05-12T14:37:57+00:00,Unavailable,,
350201646,2026-05-12T14:37:57+00:00,Unavailable,,
350201657,2026-05-12T14:37:57+00:00,Unavailable,,
350201668,2026-05-12T14:37:57+00:00,Unavailable,,
350201679,2026-05-12T14:37:57+00:00,Unavailable,,
350201690,2026-05-12T14:37:57+00:00,Unavailable,,
350201701,2026-05-12T14:37:57+00:00,Unavailable,,
350201712,2026-05-12T14:37:57+00:00,Unavailable,,
350201723,2026-05-12T14:37:57+00:00,Unavailable,,
350201735,2026-05-12T14:37:57+00:00,Unavailable,,
350201746,2026-05-12T14:37:57+00:00,Unavailable,,
350201757,2026-05-12T14:37:57+00:00,Unavailable,,
350201768,2026-05-12T14:37:57+00:00,Unavailable,,
350201779,2026-05-12T14:37:57+00:00,Unavailable,,
350201790,2026-05-12T14:37:57+00:00,Unavailable,,
350201801,2026-05-12T14:37:57+00:00,Unavailable,,
350201812,2026-05-12T14:37:57+00:00,Unavailable,,
350201823,2026-05-12T14:37:57+00:00,Unavailable,,
350201834,2026-05-12T14:37:57+00:00,Unavailable,,
350201845,2026-05-12T14:37:57+00:00,Unavailable,,
350201856,2026-05-12T14:37:57+00:00,Unavailable,,
350201867,2026-05-12T14:37:57+00:00,Unavailable,,
350201879,2026-05-12T14:37:57+00:00,Unavailable,,
350201890,2026-05-12T14:37:57+00:00,Unavailable,,
350201901,2026-05-12T14:37:57+00:00,Unavailable,,
350201912,2026-05-12T14:37:57+00:00,Unavailable,,
350201924,2026-05-12T14:37:57+00:00,Unavailable,,
350201935,2026-05-12T14:37:57+00:00,Unavailable,,
350201947,2026-05-12T14:37:57+00:00,Unavailable,,
350201958,2026-05-12T14:37:57+00:00,Unavailable,,
350201969,2026-05-12T14:37:57+00:00,Unavailable,,
350201980,2026-05-12T14:37:57+00:00,Unavailable,,
350201991,2026-05-12T14:37:57+00:00,Unavailable,,
350202003,2026-05-12T14:37:57+00:00,Unavailable,,
350202018,2026-05-12T14:37:57+00:00,Unavailable,,
350202032,2026-05-12T14:37:57+00:00,Unavailable,,
350202045,2026-05-12T14:37:57+00:00,Unavailable,,
350202056,2026-05-12T14:37:57+00:00,Unavailable,,
350202069,2026-05-12T14:37:57+00:00,Unavailable,,
350202080,2026-05-12T14:37:57+00:00,Unavailable,,
350202091,2026-05-12T14:37:57+00:00,Unavailable,,
350202102,2026-05-12T14:37:57+00:00,Unavailable,,
350202113,2026-05-12T14:37:57+00:00,Unavailable,,
350202124,2026-05-12T14:37:57+00:00,Unavailable,,
350202135,2026-05-12T14:37:57+00:00,Unavailable,,
350202146,2026-05-12T14:37:57+00:00,Unavailable,,
350202157,2026-05-12T14:37:57+00:00,Unavailable,,
350202168,2026-05-12T14:37:57+00:00,Unavailable,,
350202180,2026-05-12T14:37:57+00:00,Unavailable,,
350202191,2026-05-12T14:37:57+00:00,Unavailable,,
350202202,2026-05-12T14:37:57+00:00,Unavailable,,
350202213,2026-05-12T14:37:57+00:00,Unavailable,,
350202224,2026-05-12T14:37:57+00:00,Unavailable,,
350202235,2026-05-12T14:37:57+00:00,Unavailable,,
350202246,2026-05-12T14:37:57+00:00,Unavailable,,
350202257,2026-05-12T14:37:57+00:00,Unavailable,,
350202268,2026-05-12T14:37:57+00:00,Unavailable,,
350202279,2026-05-12T14:37:57+00:00,Unavailable,,
350202290,2026-05-12T14:37:57+00:00,Unavailable,,
350202301,2026-05-12T14:37:57+00:00,Unavailable,,
350202312,2026-05-12T14:37:57+00:00,Unavailable,,
350202323,2026-05-12T14:37:57+00:00,Unavailable,,
350202334,2026-05-12T14:37:57+00:00,Unavailable,,
350202347,2026-05-12T14:37:57+00:00,Unavailable,,
350202361,2026-05-12T14:37:57+00:00,Unavailable,,
350202372,2026-05-12T14:37:57+00:00,Unavailable,,
350202383,2026-05-12T14:37:57+00:00,Unavailable,,
350202394,2026-05-12T14:37:57+00:00,Unavailable,,
350202406,2026-05-12T14:37:57+00:00,Unavailable,,
350202417,2026-05-12T14:37:57+00:00,Unavailable,,
350202429,2026-05-12T14:37:57+00:00,Unavailable,,
350202440,2026-05-12T14:37:57+00:00,Unavailable,,
350202451,2026-05-12T14:37:57+00:00,Unavailable,,
350202462,2026-05-12T14:37:57+00:00,Unavailable,,
350202473,2026-05-12T14:37:57+00:00,Unavailable,,
350202484,2026-05-12T14:37:57+00:00,Unavailable,,
350202495,2026-05-12T14:37:57+00:00,Unavailable,,
350202506,2026-05-12T14:37:57+00:00,Unavailable,,
350202517,2026-05-12T14:37:57+00:00,Unavailable,,
350202528,2026-05-12T14:37:57+00:00,Unavailable,,
350202539,2026-05-12T14:37:57+00:00,Unavailable,,
350202551,2026-05-12T14:37:57+00:00,Unavailable,,
350202562,2026-05-12T14:37:57+00:00,Unavailable,,
350202573,2026-05-12T14:37:57+00:00,Unavailable,,
350202584,2026-05-12T14:37:57+00:00,Unavailable,,
350202595,2026-05-12T14:37:57+00:00,Unavailable,,
350202607,2026-05-12T14:37:57+00:00,Unavailable,,
350202618,2026-05-12T14:37:57+00:00,Unavailable,,
350202631,2026-05-12T14:37:57+00:00,Unavailable,,
350202642,2026-05-12T14:37:57+00:00,Unavailable,,
350202654,2026-05-12T14:37:57+00:00,Unavailable,,
350202665,2026-05-12T14:37:57+00:00,Unavailable,,
350202676,2026-05-12T14:37:57+00:00,Unavailable,,
350202687,2026-05-12T14:37:57+00:00,Unavailable,,
350202698,2026-05-12T14:37:57+00:00,Unavailable,,
350202709,2026-05-12T14:37:57+00:00,Unavailable,,
350202720,2026-05-12T14:37:57+00:00,Unavailable,,
350202731,2026-05-12T14:37:57+00:00,Unavailable,,
350202742,2026-05-12T14:37:57+00:00,Unavailable,,
350202753,2026-05-12T14:37:57+00:00,Unavailable,,
350202764,2026-05-12T14:37:57+00:00,Unavailable,,
350202775,2026-05-12T14:37:57+00:00,Unavailable,,
350202786,2026-05-12T14:37:57+00:00,Unavailable,,
350202797,2026-05-12T14:37:57+00:00,Unavailable,,
350202808,2026-05-12T14:37:57+00:00,Unavailable,,
350202819,2026-05-12T14:37:57+00:00,Unavailable,,
350202830,2026-05-12T14:37:57+00:00,Unavailable,,
350202841,2026-05-12T14:37:57+00:00,Unavailable,,
350202852,2026-05-12T14:37:57+00:00,Unavailable,,
350202863,2026-05-12T14:37:57+00:00,Unavailable,,
350202874,2026-05-12T14:37:57+00:00,Unavailable,,
350202885,2026-05-12T14:37:57+00:00,Unavailable,,
350202896,2026-05-12T14:37:57+00:00,Unavailable,,
350202908,2026-05-12T14:37:57+00:00,Unavailable,,
350202919,2026-05-12T14:37:57+00:00,Unavailable,,
350202930,2026-05-12T14:37:57+00:00,Unavailable,,
350202941,2026-05-12T14:37:57+00:00,Unavailable,,
350202952,2026-05-12T14:37:57+00:00,Unavailable,,
350202963,2026-05-12T14:37:57+00:00,Unavailable,,
350202974,2026-05-12T14:37:57+00:00,Unavailable,,
350202985,2026-05-12T14:37:57+00:00,Unavailable,,
350202996,2026-05-12T14:37:57+00:00,Unavailable,,
350203007,2026-05-12T14:37:57+00:00,Unavailable,,
350203018,2026-05-12T14:37:57+00:00,Unavailable,,
350203029,2026-05-12T14:37:57+00:00,Unavailable,,
350203040,2026-05-12T14:37:57+00:00,Unavailable,,
350203051,2026-05-12T14:37:57+00:00,Unavailable,,
350203062,2026-05-12T14:37:57+00:00,Unavailable,,
350203073,2026-05-12T14:37:57+00:00,Unavailable,,
350203084,2026-05-12T14:37:57+00:00,Unavailable,,
350203095,2026-05-12T14:37:57+00:00,Unavailable,,
350203106,2026-05-12T14:37:57+00:00,Unavailable,,
350203117,2026-05-12T14:37:57+00:00,Unavailable,,
350203128,2026-05-12T14:37:57+00:00,Unavailable,,
350203139,2026-05-12T14:37:57+00:00,Unavailable,,
350203150,2026-05-12T14:37:57+00:00,Unavailable,,
350203162,2026-05-12T14:37:57+00:00,Unavailable,,
350203173,2026-05-12T14:37:57+00:00,Unavailable,,
350203184,2026-05-12T14:37:57+00:00,Unavailable,,
350203195,2026-05-12T14:37:57+00:00,Unavailable,,
350203206,2026-05-12T14:37:57+00:00,Unavailable,,
350203217,2026-05-12T14:37:57+00:00,Unavailable,,
350203228,2026-05-12T14:37:57+00:00,Unavailable,,
350203239,2026-05-12T14:37:57+00:00,Unavailable,,
350203250,2026-05-12T14:37:57+00:00,Unavailable,,
350203261,2026-05-12T14:37:57+00:00,Unavailable,,
350203272,2026-05-12T14:37:57+00:00,Unavailable,,
350203283,2026-05-12T14:37:57+00:00,Unavailable,,
350203294,2026-05-12T14:37:57+00:00,Unavailable,,
350203305,2026-05-12T14:37:57+00:00,Unavailable,,
350203316,2026-05-12T14:37:57+00:00,Unavailable,,
350203327,2026-05-12T14:37:57+00:00,Unavailable,,
350203338,2026-05-12T14:37:57+00:00,Unavailable,,
350203349,2026-05-12T14:37:57+00:00,Unavailable,,
350203360,2026-05-12T14:37:57+00:00,Unavailable,,
350203371,2026-05-12T14:37:57+00:00,Unavailable,,
350203383,2026-05-12T14:37:57+00:00,Unavailable,,
350203394,2026-05-12T14:37:57+00:00,Unavailable,,
350203405,2026-05-12T14:37:57+00:00,Unavailable,,
350203416,2026-05-12T14:37:57+00:00,Unavailable,,
350203427,2026-05-12T14:37:57+00:00,Unavailable,,
350203438,2026-05-12T14:37:57+00:00,Unavailable,,
350203449,2026-05-12T14:37:57+00:00,Unavailable,,
350203460,2026-05-12T14:37:57+00:00,Unavailable,,
350203472,2026-05-12T14:37:57+00:00,Unavailable,,
350203483,2026-05-12T14:37:57+00:00,Unavailable,,
350203494,2026-05-12T14:37:57+00:00,Unavailable,,
350203505,2026-05-12T14:37:57+00:00,Unavailable,,
350203516,2026-05-12T14:37:57+00:00,Unavailable,,
350203527,2026-05-12T14:37:57+00:00,Unavailable,,
350203538,2026-05-12T14:37:57+00:00,Unavailable,,
350203549,2026-05-12T14:37:57+00:00,Unavailable,,
350203560,2026-05-12T14:37:57+00:00,Unavailable,,
350203571,2026-05-12T14:37:57+00:00,Unavailable,,
350203593,2026-05-12T14:37:57+00:00,Unavailable,,
355173402,2026-05-12T14:37:57+00:00,Unavailable,,
350223957,2026-05-12T14:38:09+00:00,Unavailable,,
350223971,2026-05-12T14:38:09+00:00,Unavailable,,
350223985,2026-05-12T14:38:09+00:00,Unavailable,,
350223999,2026-05-12T14:38:09+00:00,Unavailable,,
350224011,2026-05-12T14:38:09+00:00,Unavailable,,
350224022,2026-05-12T14:38:09+00:00,Unavailable,,
350224033,2026-05-12T14:38:09+00:00,Unavailable,,
350224044,2026-05-12T14:38:09+00:00,Unavailable,,
350224055,2026-05-12T14:38:09+00:00,Unavailable,,
350224066,2026-05-12T14:38:09+00:00,Unavailable,,
350224077,2026-05-12T14:38:09+00:00,Unavailable,,
350224088,2026-05-12T14:38:09+00:00,Unavailable,,
350224102,2026-05-12T14:38:09+00:00,Unavailable,,
350224116,2026-05-12T14:38:09+00:00,Unavailable,,
350224130,2026-05-12T14:38:09+00:00,Unavailable,,
350224144,2026-05-12T14:38:09+00:00,Unavailable,,
350224158,2026-05-12T14:38:09+00:00,Unavailable,,
350224172,2026-05-12T14:38:09+00:00,Unavailable,,
350224186,2026-05-12T14:38:09+00:00,Unavailable,,
350224200,2026-05-12T14:38:09+00:00,Unavailable,,
350224214,2026-05-12T14:38:09+00:00,Unavailable,,
350224228,2026-05-12T14:38:09+00:00,Unavailable,,
350224239,2026-05-12T14:38:09+00:00,Unavailable,,
350224250,2026-05-12T14:38:09+00:00,Unavailable,,
350224261,2026-05-12T14:38:09+00:00,Unavailable,,
350224272,2026-05-12T14:38:09+00:00,Unavailable,,
350224283,2026-05-12T14:38:09+00:00,Unavailable,,
350224294,2026-05-12T14:38:09+00:00,Unavailable,,
350224305,2026-05-12T14:38:09+00:00,Unavailable,,
350224317,2026-05-12T14:38:09+00:00,Unavailable,,
350224328,2026-05-12T14:38:09+00:00,Unavailable,,
350224339,2026-05-12T14:38:09+00:00,Unavailable,,
350224350,2026-05-12T14:38:09+00:00,Unavailable,,
350224361,2026-05-12T14:38:09+00:00,Unavailable,,
350224372,2026-05-12T14:38:09+00:00,Unavailable,,
350224386,2026-05-12T14:38:09+00:00,Unavailable,,
350224401,2026-05-12T14:38:09+00:00,Unavailable,,
350224416,2026-05-12T14:38:09+00:00,Unavailable,,
350224433,2026-05-12T14:38:09+00:00,Unavailable,,
350224444,2026-05-12T14:38:09+00:00,Unavailable,,
350224455,2026-05-12T14:38:09+00:00,Unavailable,,
350224466,2026-05-12T14:38:09+00:00,Unavailable,,
350224477,2026-05-12T14:38:09+00:00,Unavailable,,
350224489,2026-05-12T14:38:09+00:00,Unavailable,,
350224500,2026-05-12T14:38:09+00:00,Unavailable,,
350224511,2026-05-12T14:38:09+00:00,Unavailable,,
350224522,2026-05-12T14:38:09+00:00,Unavailable,,
350224533,2026-05-12T14:38:09+00:00,Unavailable,,
350224544,2026-05-12T14:38:09+00:00,Unavailable,,
350224555,2026-05-12T14:38:09+00:00,Unavailable,,
350224566,2026-05-12T14:38:09+00:00,Unavailable,,
350224577,2026-05-12T14:38:09+00:00,Unavailable,,
350224588,2026-05-12T14:38:09+00:00,Unavailable,,
350224599,2026-05-12T14:38:09+00:00,Unavailable,,
350224612,2026-05-12T14:38:09+00:00,Unavailable,,
350224623,2026-05-12T14:38:09+00:00,Unavailable,,
350224634,2026-05-12T14:38:09+00:00,Unavailable,,
350224645,2026-05-12T14:38:09+00:00,Unavailable,,
350224658,2026-05-12T14:38:09+00:00,Unavailable,,
350224669,2026-05-12T14:38:09+00:00,Unavailable,,
350224680,2026-05-12T14:38:09+00:00,Unavailable,,
350224692,2026-05-12T14:38:09+00:00,Unavailable,,
350224703,2026-05-12T14:38:09+00:00,Unavailable,,
350224714,2026-05-12T14:38:09+00:00,Unavailable,,
350224725,2026-05-12T14:38:09+00:00,Unavailable,,
350224738,2026-05-12T14:38:09+00:00,Unavailable,,
350224749,2026-05-12T14:38:09+00:00,Unavailable,,
350224760,2026-05-12T14:38:09+00:00,Unavailable,,
350224771,2026-05-12T14:38:09+00:00,Unavailable,,
350224782,2026-05-12T14:38:09+00:00,Unavailable,,
350224793,2026-05-12T14:38:09+00:00,Unavailable,,
350224804,2026-05-12T14:38:09+00:00,Unavailable,,
350224815,2026-05-12T14:38:09+00:00,Unavailable,,
350224826,2026-05-12T14:38:09+00:00,Unavailable,,
350224837,2026-05-12T14:38:09+00:00,Unavailable,,
350224848,2026-05-12T14:38:09+00:00,Unavailable,,
350224859,2026-05-12T14:38:09+00:00,Unavailable,,
350224873,2026-05-12T14:38:09+00:00,Unavailable,,
350224887,2026-05-12T14:38:09+00:00,Unavailable,,
350224901,2026-05-12T14:38:09+00:00,Unavailable,,
350224915,2026-05-12T14:38:09+00:00,Unavailable,,
350224929,2026-05-12T14:38:09+00:00,Unavailable,,
350224940,2026-05-12T14:38:09+00:00,Unavailable,,
350224951,2026-05-12T14:38:09+00:00,Unavailable,,
350224962,2026-05-12T14:38:09+00:00,Unavailable,,
350224973,2026-05-12T14:38:09+00:00,Unavailable,,
350224985,2026-05-12T14:38:09+00:00,Unavailable,,
350224996,2026-05-12T14:38:09+00:00,Unavailable,,
350225008,2026-05-12T14:38:09+00:00,Unavailable,,
350225019,2026-05-12T14:38:09+00:00,Unavailable,,
350225030,2026-05-12T14:38:09+00:00,Unavailable,,
350225041,2026-05-12T14:38:09+00:00,Unavailable,,
350225053,2026-05-12T14:38:09+00:00,Unavailable,,
350225064,2026-05-12T14:38:09+00:00,Unavailable,,
350225075,2026-05-12T14:38:09+00:00,Unavailable,,
350225086,2026-05-12T14:38:09+00:00,Unavailable,,
350225097,2026-05-12T14:38:09+00:00,Unavailable,,
350225108,2026-05-12T14:38:09+00:00,Unavailable,,
350225119,2026-05-12T14:38:09+00:00,Unavailable,,
350225130,2026-05-12T14:38:09+00:00,Unavailable,,
350225141,2026-05-12T14:38:09+00:00,Unavailable,,
350225163,2026-05-12T14:38:09+00:00,Unavailable,,
350225174,2026-05-12T14:38:09+00:00,Unavailable,,
350225185,2026-05-12T14:38:09+00:00,Unavailable,,
350225196,2026-05-12T14:38:09+00:00,Unavailable,,
350225207,2026-05-12T14:38:09+00:00,Unavailable,,
350225218,2026-05-12T14:38:09+00:00,Unavailable,,
350225229,2026-05-12T14:38:09+00:00,Unavailable,,
350225240,2026-05-12T14:38:09+00:00,Unavailable,,
350225251,2026-05-12T14:38:09+00:00,Unavailable,,
350225262,2026-05-12T14:38:09+00:00,Unavailable,,
350225273,2026-05-12T14:38:09+00:00,Unavailable,,
350225285,2026-05-12T14:38:09+00:00,Unavailable,,
350225296,2026-05-12T14:38:09+00:00,Unavailable,,
350225307,2026-05-12T14:38:09+00:00,Unavailable,,
350225318,2026-05-12T14:38:09+00:00,Unavailable,,
350225329,2026-05-12T14:38:09+00:00,Unavailable,,
350225341,2026-05-12T14:38:09+00:00,Unavailable,,
350225352,2026-05-12T14:38:09+00:00,Unavailable,,
350225363,2026-05-12T14:38:09+00:00,Unavailable,,
350225375,2026-05-12T14:38:09+00:00,Unavailable,,
350225387,2026-05-12T14:38:09+00:00,Unavailable,,
350225401,2026-05-12T14:38:09+00:00,Unavailable,,
350225415,2026-05-12T14:38:09+00:00,Unavailable,,
350225429,2026-05-12T14:38:09+00:00,Unavailable,,
350225443,2026-05-12T14:38:09+00:00,Unavailable,,
350225457,2026-05-12T14:38:09+00:00,Unavailable,,
350225471,2026-05-12T14:38:09+00:00,Unavailable,,
350225485,2026-05-12T14:38:09+00:00,Unavailable,,
350225496,2026-05-12T14:38:09+00:00,Unavailable,,
350225507,2026-05-12T14:38:09+00:00,Unavailable,,
350225518,2026-05-12T14:38:09+00:00,Unavailable,,
350225529,2026-05-12T14:38:09+00:00,Unavailable,,
350225540,2026-05-12T14:38:09+00:00,Unavailable,,
350225551,2026-05-12T14:38:09+00:00,Unavailable,,
350225562,2026-05-12T14:38:09+00:00,Unavailable,,
350225573,2026-05-12T14:38:09+00:00,Unavailable,,
350225584,2026-05-12T14:38:09+00:00,Unavailable,,
350225596,2026-05-12T14:38:09+00:00,Unavailable,,
350225607,2026-05-12T14:38:09+00:00,Unavailable,,
350225618,2026-05-12T14:38:09+00:00,Unavailable,,
350225629,2026-05-12T14:38:09+00:00,Unavailable,,
350225640,2026-05-12T14:38:09+00:00,Unavailable,,
350225651,2026-05-12T14:38:09+00:00,Unavailable,,
350225663,2026-05-12T14:38:09+00:00,Unavailable,,
350225674,2026-05-12T14:38:09+00:00,Unavailable,,
350225688,2026-05-12T14:38:09+00:00,Unavailable,,
350225702,2026-05-12T14:38:09+00:00,Unavailable,,
350225716,2026-05-12T14:38:09+00:00,Unavailable,,
350225730,2026-05-12T14:38:09+00:00,Unavailable,,
350225744,2026-05-12T14:38:09+00:00,Unavailable,,
350225758,2026-05-12T14:38:09+00:00,Unavailable,,
350225786,2026-05-12T14:38:09+00:00,Unavailable,,
350225814,2026-05-12T14:38:09+00:00,Unavailable,,
350225825,2026-05-12T14:38:09+00:00,Unavailable,,
350225836,2026-05-12T14:38:09+00:00,Unavailable,,
350225847,2026-05-12T14:38:09+00:00,Unavailable,,
350225858,2026-05-12T14:38:09+00:00,Unavailable,,
350225869,2026-05-12T14:38:09+00:00,Unavailable,,
350225880,2026-05-12T14:38:09+00:00,Unavailable,,
350225891,2026-05-12T14:38:09+00:00,Unavailable,,
350225902,2026-05-12T14:38:09+00:00,Unavailable,,
350225913,2026-05-12T14:38:09+00:00,Unavailable,,
350225924,2026-05-12T14:38:09+00:00,Unavailable,,
350225935,2026-05-12T14:38:09+00:00,Unavailable,,
350225946,2026-05-12T14:38:09+00:00,Unavailable,,
350225957,2026-05-12T14:38:09+00:00,Unavailable,,
350225968,2026-05-12T14:38:09+00:00,Unavailable,,
350225981,2026-05-12T14:38:09+00:00,Unavailable,,
350225993,2026-05-12T14:38:09+00:00,Unavailable,,
350226004,2026-05-12T14:38:09+00:00,Unavailable,,
350226015,2026-05-12T14:38:09+00:00,Unavailable,,
350226026,2026-05-12T14:38:09+00:00,Unavailable,,
350226037,2026-05-12T14:38:09+00:00,Unavailable,,
350226048,2026-05-12T14:38:09+00:00,Unavailable,,
350226059,2026-05-12T14:38:09+00:00,Unavailable,,
350226070,2026-05-12T14:38:09+00:00,Unavailable,,
350280176,2026-05-12T14:38:09+00:00,Unavailable,,
350280422,2026-05-12T14:38:09+00:00,Unavailable,,
350280510,2026-05-12T14:38:09+00:00,Unavailable,,
350280525,2026-05-12T14:38:09+00:00,Unavailable,,
350280536,2026-05-12T14:38:09+00:00,Unavailable,,
350288650,2026-05-12T14:38:09+00:00,Unavailable,,
350288664,2026-05-12T14:38:09+00:00,Unavailable,,
350288680,2026-05-12T14:38:09+00:00,Unavailable,,
350288691,2026-05-12T14:38:09+00:00,Unavailable,,
350288702,2026-05-12T14:38:09+00:00,Unavailable,,
350288713,2026-05-12T14:38:09+00:00,Unavailable,,
350288724,2026-05-12T14:38:09+00:00,Unavailable,,
350288737,2026-05-12T14:38:09+00:00,Unavailable,,
350288748,2026-05-12T14:38:09+00:00,Unavailable,,
350288759,2026-05-12T14:38:09+00:00,Unavailable,,
350288770,2026-05-12T14:38:09+00:00,Unavailable,,
350288781,2026-05-12T14:38:09+00:00,Unavailable,,
350288792,2026-05-12T14:38:09+00:00,Unavailable,,
350288804,2026-05-12T14:38:09+00:00,Unavailable,,
350288815,2026-05-12T14:38:09+00:00,Unavailable,,
350288826,2026-05-12T14:38:09+00:00,Unavailable,,
350288837,2026-05-12T14:38:09+00:00,Unavailable,,
350288848,2026-05-12T14:38:09+00:00,Unavailable,,
350288859,2026-05-12T14:38:09+00:00,Unavailable,,
350288870,2026-05-12T14:38:09+00:00,Unavailable,,
350288881,2026-05-12T14:38:09+00:00,Unavailable,,
350288892,2026-05-12T14:38:09+00:00,Unavailable,,
350288903,2026-05-12T14:38:09+00:00,Unavailable,,
350288914,2026-05-12T14:38:09+00:00,Unavailable,,
350288925,2026-05-12T14:38:09+00:00,Unavailable,,
350288937,2026-05-12T14:38:09+00:00,Unavailable,,
350288948,2026-05-12T14:38:09+00:00,Unavailable,,
350288959,2026-05-12T14:38:09+00:00,Unavailable,,
350288970,2026-05-12T14:38:09+00:00,Unavailable,,
350288981,2026-05-12T14:38:09+00:00,Unavailable,,
350288992,2026-05-12T14:38:09+00:00,Unavailable,,
350289003,2026-05-12T14:38:09+00:00,Unavailable,,
350289014,2026-05-12T14:38:09+00:00,Unavailable,,
350289048,2026-05-12T14:38:09+00:00,Unavailable,,
350289060,2026-05-12T14:38:09+00:00,Unavailable,,
350289071,2026-05-12T14:38:09+00:00,Unavailable,,
350289082,2026-05-12T14:38:09+00:00,Unavailable,,
350289093,2026-05-12T14:38:09+00:00,Unavailable,,
350289104,2026-05-12T14:38:09+00:00,Unavailable,,
350289115,2026-05-12T14:38:09+00:00,Unavailable,,
350289126,2026-05-12T14:38:09+00:00,Unavailable,,
350289137,2026-05-12T14:38:09+00:00,Unavailable,,
350289148,2026-05-12T14:38:09+00:00,Unavailable,,
350289159,2026-05-12T14:38:09+00:00,Unavailable,,
350289170,2026-05-12T14:38:09+00:00,Unavailable,,
350289181,2026-05-12T14:38:09+00:00,Unavailable,,
350289192,2026-05-12T14:38:09+00:00,Unavailable,,
350289203,2026-05-12T14:38:09+00:00,Unavailable,,
350289214,2026-05-12T14:38:09+00:00,Unavailable,,
350289226,2026-05-12T14:38:09+00:00,Unavailable,,
350289237,2026-05-12T14:38:09+00:00,Unavailable,,
350289248,2026-05-12T14:38:09+00:00,Unavailable,,
350289260,2026-05-12T14:38:09+00:00,Unavailable,,
350289271,2026-05-12T14:38:09+00:00,Unavailable,,
350289282,2026-05-12T14:38:09+00:00,Unavailable,,
350289293,2026-05-12T14:38:09+00:00,Unavailable,,
350289304,2026-05-12T14:38:09+00:00,Unavailable,,
350289315,2026-05-12T14:38:09+00:00,Unavailable,,
350289326,2026-05-12T14:38:09+00:00,Unavailable,,
350289337,2026-05-12T14:38:09+00:00,Unavailable,,
350289348,2026-05-12T14:38:09+00:00,Unavailable,,
350289359,2026-05-12T14:38:09+00:00,Unavailable,,
350289370,2026-05-12T14:38:09+00:00,Unavailable,,
350289381,2026-05-12T14:38:09+00:00,Unavailable,,
350289392,2026-05-12T14:38:09+00:00,Unavailable,,
350289404,2026-05-12T14:38:09+00:00,Unavailable,,
351070164,2026-05-12T14:38:09+00:00,Unavailable,,
351073176,2026-05-12T14:38:09+00:00,Unavailable,,
353250216,2026-05-12T14:38:09+00:00,Unavailable,,
364658017,2026-05-12T14:38:09+00:00,Unavailable,,
350216376,2026-05-12T16:13:42+00:00,Waitlist,,
350216387,2026-05-12T16:13:42+00:00,Available,,
350216398,2026-05-12T16:13:42+00:00,Waitlist,,
350216409,2026-05-12T16:13:42+00:00,Waitlist,,
350216431,2026-05-12T16:13:42+00:00,Available,,
350216442,2026-05-12T16:13:42+00:00,Waitlist,,
350216453,2026-05-12T16:13:42+00:00,Available,,
350216465,2026-05-12T16:13:42+00:00,Available,,
350216476,2026-05-12T16:13:42+00:00,Available,,
350216487,2026-05-12T16:13:42+00:00,Available,,
350216498,2026-05-12T16:13:42+00:00,Available,,
350216509,2026-05-12T16:13:42+00:00,Waitlist,,
350216520,2026-05-12T16:13:42+00:00,Waitlist,,
350216542,2026-05-12T16:13:42+00:00,Waitlist,,
350216553,2026-05-12T16:13:42+00:00,Available,,
350216564,2026-05-12T16:13:42+00:00,Available,,
350216575,2026-05-12T16:13:42+00:00,Available,,
350216586,2026-05-12T16:13:42+00:00,Waitlist,,
350216597,2026-05-12T16:13:42+00:00,Available,,
350216608,2026-05-12T16:13:42+00:00,Waitlist,,
350216619,2026-05-12T16:13:42+00:00,Waitlist,,
350216630,2026-05-12T16:13:42+00:00,Waitlist,,
350216652,2026-05-12T16:13:42+00:00,Waitlist,,
350216663,2026-05-12T16:13:42+00:00,Available,,
350216674,2026-05-12T16:13:42+00:00,Waitlist,,
350216685,2026-05-12T16:13:42+00:00,Waitlist,,
350216696,2026-05-12T16:13:42+00:00,Available,,
350216707,2026-05-12T16:13:42+00:00,Available,,
350216718,2026-05-12T16:13:42+00:00,Waitlist,,
350216729,2026-05-12T16:13:42+00:00,Available,,
350216740,2026-05-12T16:13:42+00:00,Waitlist,,
350216751,2026-05-12T16:13:42+00:00,Waitlist,,
350216762,2026-05-12T16:13:42+00:00,Waitlist,,
350216773,2026-05-12T16:13:42+00:00,Waitlist,,
350216784,2026-05-12T16:13:42+00:00,Available,,
350216795,2026-05-12T16:13:42+00:00,Available,,
350216806,2026-05-12T16:13:42+00:00,Available,,
350216817,2026-05-12T16:13:42+00:00,Available,,
350216828,2026-05-12T16:13:42+00:00,Available,,
350216839,2026-05-12T16:13:42+00:00,Available,,
350216850,2026-05-12T16:13:42+00:00,Available,,
350216861,2026-05-12T16:13:42+00:00,Available,,
350216872,2026-05-12T16:13:42+00:00,Available,,
350216884,2026-05-12T16:13:42+00:00,Available,,
350216895,2026-05-12T16:13:42+00:00,Available,,
350216906,2026-05-12T16:13:42+00:00,Waitlist,,
350216917,2026-05-12T16:13:42+00:00,Available,,
350216928,2026-05-12T16:13:42+00:00,Waitlist,,
350216939,2026-05-12T16:13:42+00:00,Waitlist,,
350216950,2026-05-12T16:13:42+00:00,Waitlist,,
350216961,2026-05-12T16:13:42+00:00,Waitlist,,
350216972,2026-05-12T16:13:42+00:00,Waitlist,,
350216994,2026-05-12T16:13:42+00:00,Waitlist,,
350217005,2026-05-12T16:13:42+00:00,Waitlist,,
350217016,2026-05-12T16:13:42+00:00,Waitlist,,
350217027,2026-05-12T16:13:42+00:00,Available,,
350217049,2026-05-12T16:13:42+00:00,Waitlist,,
350217071,2026-05-12T16:13:42+00:00,Available,,
350217083,2026-05-12T16:13:42+00:00,Waitlist,,
350217105,2026-05-12T16:13:42+00:00,Available,,
350217117,2026-05-12T16:13:42+00:00,Available,,
350217128,2026-05-12T16:13:42+00:00,Available,,
350217150,2026-05-12T16:13:42+00:00,Available,,
350217162,2026-05-12T16:13:42+00:00,Available,,
350217174,2026-05-12T16:13:42+00:00,Available,,
350217185,2026-05-12T16:13:42+00:00,Available,,
350217207,2026-05-12T16:13:42+00:00,Waitlist,,
350217218,2026-05-12T16:13:42+00:00,Waitlist,,
350217240,2026-05-12T16:13:42+00:00,Waitlist,,
350217251,2026-05-12T16:13:42+00:00,Waitlist,,
350217262,2026-05-12T16:13:42+00:00,Waitlist,,
350217273,2026-05-12T16:13:42+00:00,Waitlist,,
350217284,2026-05-12T16:13:42+00:00,Waitlist,,
350217295,2026-05-12T16:13:42+00:00,Available,,
350217306,2026-05-12T16:13:42+00:00,Available,,
350217317,2026-05-12T16:13:42+00:00,Waitlist,,
350217339,2026-05-12T16:13:42+00:00,Waitlist,,
350217353,2026-05-12T16:13:42+00:00,Available,,
350217366,2026-05-12T16:13:42+00:00,Available,,
350217379,2026-05-12T16:13:42+00:00,Available,,
350217393,2026-05-12T16:13:42+00:00,Available,,
350217404,2026-05-12T16:13:42+00:00,Waitlist,,
350217415,2026-05-12T16:13:42+00:00,Available,,
350217426,2026-05-12T16:13:42+00:00,Available,,
350217437,2026-05-12T16:13:42+00:00,Available,,
350217448,2026-05-12T16:13:42+00:00,Waitlist,,
350732033,2026-05-12T16:13:42+00:00,Available,,
350739304,2026-05-12T16:13:42+00:00,Available,,
350740400,2026-05-12T16:13:42+00:00,Available,,
350740938,2026-05-12T16:13:42+00:00,Available,,
350741533,2026-05-12T16:13:42+00:00,Available,,
350741599,2026-05-12T16:13:42+00:00,Available,,
364675943,2026-05-12T16:13:42+00:00,Available,,
364677421,2026-05-12T16:13:42+00:00,Available,,
364677693,2026-05-12T16:13:42+00:00,Available,,
364678079,2026-05-12T16:13:42+00:00,Available,,
350216376,2026-05-12T16:14:42+00:00,Waitlist,,
350216387,2026-05-12T16:14:42+00:00,Available,,
350216398,2026-05-12T16:14:42+00:00,Waitlist,,
350216409,2026-05-12T16:14:42+00:00,Waitlist,,
350216431,2026-05-12T16:14:42+00:00,Available,,
350216442,2026-05-12T16:14:42+00:00,Waitlist,,
350216453,2026-05-12T16:14:42+00:00,Available,,
350216465,2026-05-12T16:14:42+00:00,Available,,
350216476,2026-05-12T16:14:42+00:00,Available,,
350216487,2026-05-12T16:14:42+00:00,Available,,
350216498,2026-05-12T16:14:42+00:00,Available,,
350216509,2026-05-12T16:14:42+00:00,Waitlist,,
350216520,2026-05-12T16:14:42+00:00,Waitlist,,
350216542,2026-05-12T16:14:42+00:00,Waitlist,,
350216553,2026-05-12T16:14:42+00:00,Available,,
350216564,2026-05-12T16:14:42+00:00,Available,,
350216575,2026-05-12T16:14:42+00:00,Available,,
350216586,2026-05-12T16:14:42+00:00,Waitlist,,
350216597,2026-05-12T16:14:42+00:00,Available,,
350216608,2026-05-12T16:14:42+00:00,Waitlist,,
350216619,2026-05-12T16:14:42+00:00,Waitlist,,
350216630,2026-05-12T16:14:42+00:00,Waitlist,,
350216652,2026-05-12T16:14:42+00:00,Waitlist,,
350216663,2026-05-12T16:14:42+00:00,Available,,
350216674,2026-05-12T16:14:42+00:00,Waitlist,,
350216685,2026-05-12T16:14:42+00:00,Waitlist,,
350216696,2026-05-12T16:14:42+00:00,Available,,
350216707,2026-05-12T16:14:42+00:00,Available,,
350216718,2026-05-12T16:14:42+00:00,Waitlist,,
350216729,2026-05-12T16:14:42+00:00,Available,,
350216740,2026-05-12T16:14:42+00:00,Waitlist,,
350216751,2026-05-12T16:14:42+00:00,Waitlist,,
350216762,2026-05-12T16:14:42+00:00,Waitlist,,
350216773,2026-05-12T16:14:42+00:00,Waitlist,,
350216784,2026-05-12T16:14:42+00:00,Available,,
350216795,2026-05-12T16:14:42+00:00,Available,,
350216806,2026-05-12T16:14:42+00:00,Available,,
350216817,2026-05-12T16:14:42+00:00,Available,,
350216828,2026-05-12T16:14:42+00:00,Available,,
350216839,2026-05-12T16:14:42+00:00,Available,,
350216850,2026-05-12T16:14:42+00:00,Available,,
350216861,2026-05-12T16:14:42+00:00,Available,,
350216872,2026-05-12T16:14:42+00:00,Available,,
350216884,2026-05-12T16:14:42+00:00,Available,,
350216895,2026-05-12T16:14:42+00:00,Available,,
350216906,2026-05-12T16:14:42+00:00,Waitlist,,
350216917,2026-05-12T16:14:42+00:00,Available,,
350216928,2026-05-12T16:14:42+00:00,Waitlist,,
350216939,2026-05-12T16:14:42+00:00,Waitlist,,
350216950,2026-05-12T16:14:42+00:00,Waitlist,,
350216961,2026-05-12T16:14:42+00:00,Waitlist,,
350216972,2026-05-12T16:14:42+00:00,Waitlist,,
350216994,2026-05-12T16:14:42+00:00,Waitlist,,
350217005,2026-05-12T16:14:42+00:00,Waitlist,,
350217016,2026-05-12T16:14:42+00:00,Waitlist,,
350217027,2026-05-12T16:14:42+00:00,Available,,
350217049,2026-05-12T16:14:42+00:00,Waitlist,,
350217071,2026-05-12T16:14:42+00:00,Available,,
350217083,2026-05-12T16:14:42+00:00,Waitlist,,
350217105,2026-05-12T16:14:42+00:00,Available,,
350217117,2026-05-12T16:14:42+00:00,Available,,
350217128,2026-05-12T16:14:42+00:00,Available,,
350217150,2026-05-12T16:14:42+00:00,Available,,
350217162,2026-05-12T16:14:42+00:00,Available,,
350217174,2026-05-12T16:14:42+00:00,Available,,
350217185,2026-05-12T16:14:42+00:00,Available,,
350217207,2026-05-12T16:14:42+00:00,Waitlist,,
350217218,2026-05-12T16:14:42+00:00,Waitlist,,
350217240,2026-05-12T16:14:42+00:00,Waitlist,,
350217251,2026-05-12T16:14:42+00:00,Waitlist,,
350217262,2026-05-12T16:14:42+00:00,Waitlist,,
350217273,2026-05-12T16:14:42+00:00,Waitlist,,
350217284,2026-05-12T16:14:42+00:00,Waitlist,,
350217295,2026-05-12T16:14:42+00:00,Available,,
350217306,2026-05-12T16:14:42+00:00,Available,,
350217317,2026-05-12T16:14:42+00:00,Waitlist,,
350217339,2026-05-12T16:14:42+00:00,Waitlist,,
350217353,2026-05-12T16:14:42+00:00,Available,,
350217366,2026-05-12T16:14:42+00:00,Available,,
350217379,2026-05-12T16:14:42+00:00,Available,,
350217393,2026-05-12T16:14:42+00:00,Available,,
350217404,2026-05-12T16:14:42+00:00,Waitlist,,
350217415,2026-05-12T16:14:42+00:00,Available,,
350217426,2026-05-12T16:14:42+00:00,Available,,
350217437,2026-05-12T16:14:42+00:00,Available,,
350217448,2026-05-12T16:14:42+00:00,Waitlist,,
350732033,2026-05-12T16:14:42+00:00,Available,,
350739304,2026-05-12T16:14:42+00:00,Available,,
350740400,2026-05-12T16:14:42+00:00,Available,,
350740938,2026-05-12T16:14:42+00:00,Available,,
350741533,2026-05-12T16:14:42+00:00,Available,,
350741599,2026-05-12T16:14:42+00:00,Available,,
364675943,2026-05-12T16:14:42+00:00,Available,,
364677421,2026-05-12T16:14:42+00:00,Available,,
364677693,2026-05-12T16:14:42+00:00,Available,,
364678079,2026-05-12T16:14:42+00:00,Available,,
350216376,2026-05-12T16:15:42+00:00,Waitlist,,
350216387,2026-05-12T16:15:42+00:00,Available,,
350216398,2026-05-12T16:15:42+00:00,Waitlist,,
350216409,2026-05-12T16:15:42+00:00,Waitlist,,
350216431,2026-05-12T16:15:42+00:00,Available,,
350216442,2026-05-12T16:15:42+00:00,Waitlist,,
350216453,2026-05-12T16:15:42+00:00,Available,,
350216465,2026-05-12T16:15:42+00:00,Available,,
350216476,2026-05-12T16:15:42+00:00,Available,,
350216487,2026-05-12T16:15:42+00:00,Available,,
350216498,2026-05-12T16:15:42+00:00,Available,,
350216509,2026-05-12T16:15:42+00:00,Waitlist,,
350216520,2026-05-12T16:15:42+00:00,Waitlist,,
350216542,2026-05-12T16:15:42+00:00,Waitlist,,
350216553,2026-05-12T16:15:42+00:00,Available,,
350216564,2026-05-12T16:15:42+00:00,Available,,
350216575,2026-05-12T16:15:42+00:00,Available,,
350216586,2026-05-12T16:15:42+00:00,Waitlist,,
350216597,2026-05-12T16:15:42+00:00,Available,,
350216608,2026-05-12T16:15:42+00:00,Waitlist,,
350216619,2026-05-12T16:15:42+00:00,Waitlist,,
350216630,2026-05-12T16:15:42+00:00,Waitlist,,
350216652,2026-05-12T16:15:42+00:00,Waitlist,,
350216663,2026-05-12T16:15:42+00:00,Available,,
350216674,2026-05-12T16:15:42+00:00,Waitlist,,
350216685,2026-05-12T16:15:42+00:00,Waitlist,,
350216696,2026-05-12T16:15:42+00:00,Available,,
350216707,2026-05-12T16:15:42+00:00,Available,,
350216718,2026-05-12T16:15:42+00:00,Waitlist,,
350216729,2026-05-12T16:15:42+00:00,Available,,
350216740,2026-05-12T16:15:42+00:00,Waitlist,,
350216751,2026-05-12T16:15:42+00:00,Waitlist,,
350216762,2026-05-12T16:15:42+00:00,Waitlist,,
350216773,2026-05-12T16:15:42+00:00,Waitlist,,
350216784,2026-05-12T16:15:42+00:00,Available,,
350216795,2026-05-12T16:15:42+00:00,Available,,
350216806,2026-05-12T16:15:42+00:00,Available,,
350216817,2026-05-12T16:15:42+00:00,Available,,
350216828,2026-05-12T16:15:42+00:00,Available,,
350216839,2026-05-12T16:15:42+00:00,Available,,
350216850,2026-05-12T16:15:42+00:00,Available,,
350216861,2026-05-12T16:15:42+00:00,Available,,
350216872,2026-05-12T16:15:42+00:00,Available,,
350216884,2026-05-12T16:15:42+00:00,Available,,
350216895,2026-05-12T16:15:42+00:00,Available,,
350216906,2026-05-12T16:15:42+00:00,Waitlist,,
350216917,2026-05-12T16:15:42+00:00,Available,,
350216928,2026-05-12T16:15:42+00:00,Waitlist,,
350216939,2026-05-12T16:15:42+00:00,Waitlist,,
350216950,2026-05-12T16:15:42+00:00,Waitlist,,
350216961,2026-05-12T16:15:42+00:00,Waitlist,,
350216972,2026-05-12T16:15:42+00:00,Waitlist,,
350216994,2026-05-12T16:15:42+00:00,Waitlist,,
350217005,2026-05-12T16:15:42+00:00,Waitlist,,
350217016,2026-05-12T16:15:42+00:00,Waitlist,,
350217027,2026-05-12T16:15:42+00:00,Available,,
350217049,2026-05-12T16:15:42+00:00,Waitlist,,
350217071,2026-05-12T16:15:42+00:00,Available,,
350217083,2026-05-12T16:15:42+00:00,Waitlist,,
350217105,2026-05-12T16:15:42+00:00,Available,,
350217117,2026-05-12T16:15:42+00:00,Available,,
350217128,2026-05-12T16:15:42+00:00,Available,,
350217150,2026-05-12T16:15:42+00:00,Available,,
350217162,2026-05-12T16:15:42+00:00,Available,,
350217174,2026-05-12T16:15:42+00:00,Available,,
350217185,2026-05-12T16:15:42+00:00,Available,,
350217207,2026-05-12T16:15:42+00:00,Waitlist,,
350217218,2026-05-12T16:15:42+00:00,Waitlist,,
350217240,2026-05-12T16:15:42+00:00,Waitlist,,
350217251,2026-05-12T16:15:42+00:00,Waitlist,,
350217262,2026-05-12T16:15:42+00:00,Waitlist,,
350217273,2026-05-12T16:15:42+00:00,Waitlist,,
350217284,2026-05-12T16:15:42+00:00,Waitlist,,
350217295,2026-05-12T16:15:42+00:00,Available,,
350217306,2026-05-12T16:15:42+00:00,Available,,
350217317,2026-05-12T16:15:42+00:00,Waitlist,,
350217339,2026-05-12T16:15:42+00:00,Waitlist,,
350217353,2026-05-12T16:15:42+00:00,Available,,
350217366,2026-05-12T16:15:42+00:00,Available,,
350217379,2026-05-12T16:15:42+00:00,Available,,
350217393,2026-05-12T16:15:42+00:00,Available,,
350217404,2026-05-12T16:15:42+00:00,Waitlist,,
350217415,2026-05-12T16:15:42+00:00,Available,,
350217426,2026-05-12T16:15:42+00:00,Available,,
350217437,2026-05-12T16:15:42+00:00,Available,,
350217448,2026-05-12T16:15:42+00:00,Waitlist,,
350732033,2026-05-12T16:15:42+00:00,Available,,
350739304,2026-05-12T16:15:42+00:00,Available,,
350740400,2026-05-12T16:15:42+00:00,Available,,
350740938,2026-05-12T16:15:42+00:00,Available,,
350741533,2026-05-12T16:15:42+00:00,Available,,
350741599,2026-05-12T16:15:42+00:00,Available,,
364675943,2026-05-12T16:15:42+00:00,Available,,
364677421,2026-05-12T16:15:42+00:00,Available,,
364677693,2026-05-12T16:15:42+00:00,Available,,
364678079,2026-05-12T16:15:42+00:00,Available,,
350216376,2026-05-12T17:07:55+00:00,Waitlist,8,5
350216387,2026-05-12T17:07:55+00:00,Available,6,0
350216398,2026-05-12T17:07:55+00:00,Waitlist,8,0
350216409,2026-05-12T17:07:55+00:00,Waitlist,8,22
350216431,2026-05-12T17:07:55+00:00,Available,3,0
350216442,2026-05-12T17:07:55+00:00,Waitlist,7,6
350216453,2026-05-12T17:07:55+00:00,Available,1,0
350216465,2026-05-12T17:07:55+00:00,Available,5,0
350216476,2026-05-12T17:07:55+00:00,Waitlist,8,1
350216487,2026-05-12T17:07:55+00:00,Available,2,0
350216498,2026-05-12T17:07:55+00:00,Available,1,0
350216509,2026-05-12T17:07:55+00:00,Waitlist,8,15
350216520,2026-05-12T17:07:55+00:00,Waitlist,8,7
350216542,2026-05-12T17:07:55+00:00,Waitlist,7,3
350216553,2026-05-12T17:07:55+00:00,Available,5,0
350216564,2026-05-12T17:07:55+00:00,Available,2,0
350216575,2026-05-12T17:07:55+00:00,Available,4,0
350216586,2026-05-12T17:07:55+00:00,Waitlist,6,2
350216597,2026-05-12T17:07:55+00:00,Available,2,0
350216608,2026-05-12T17:07:55+00:00,Waitlist,6,18
350216619,2026-05-12T17:07:55+00:00,Waitlist,6,18
350216630,2026-05-12T17:07:55+00:00,Waitlist,6,12
350216652,2026-05-12T17:07:55+00:00,Waitlist,6,1
350216663,2026-05-12T17:07:55+00:00,Available,3,0
350216674,2026-05-12T17:07:55+00:00,Waitlist,6,2
350216685,2026-05-12T17:07:55+00:00,Waitlist,6,4
350216696,2026-05-12T17:07:55+00:00,Available,4,0
350216707,2026-05-12T17:07:55+00:00,Available,3,0
350216718,2026-05-12T17:07:55+00:00,Waitlist,6,5
350216729,2026-05-12T17:07:55+00:00,Available,5,0
350216740,2026-05-12T17:07:55+00:00,Waitlist,5,3
350216751,2026-05-12T17:07:55+00:00,Waitlist,6,19
350216762,2026-05-12T17:07:55+00:00,Waitlist,6,19
350216773,2026-05-12T17:07:55+00:00,Waitlist,5,14
350216784,2026-05-12T17:07:55+00:00,Available,4,0
350216795,2026-05-12T17:07:55+00:00,Available,5,0
350216806,2026-05-12T17:07:55+00:00,Available,3,0
350216817,2026-05-12T17:07:55+00:00,Waitlist,6,0
350216828,2026-05-12T17:07:55+00:00,Available,3,0
350216839,2026-05-12T17:07:55+00:00,Available,4,0
350216850,2026-05-12T17:07:55+00:00,Available,5,0
350216861,2026-05-12T17:07:55+00:00,Waitlist,6,1
350216872,2026-05-12T17:07:55+00:00,Available,3,0
350216884,2026-05-12T17:07:55+00:00,Available,3,0
350216895,2026-05-12T17:07:55+00:00,Available,8,0
350216906,2026-05-12T17:07:55+00:00,Waitlist,8,10
350216917,2026-05-12T17:07:55+00:00,Available,4,0
350216928,2026-05-12T17:07:55+00:00,Waitlist,7,9
350216939,2026-05-12T17:07:55+00:00,Waitlist,7,5
350216950,2026-05-12T17:07:55+00:00,Waitlist,7,4
350216961,2026-05-12T17:07:55+00:00,Waitlist,8,2
350216972,2026-05-12T17:07:55+00:00,Waitlist,7,2
350216994,2026-05-12T17:07:55+00:00,Waitlist,8,5
350217005,2026-05-12T17:07:55+00:00,Waitlist,8,3
350217016,2026-05-12T17:07:55+00:00,Waitlist,8,5
350217027,2026-05-12T17:07:55+00:00,Waitlist,7,1
350217049,2026-05-12T17:07:55+00:00,Waitlist,8,5
350217071,2026-05-12T17:07:55+00:00,Available,3,0
350217083,2026-05-12T17:07:55+00:00,Waitlist,8,1
350217105,2026-05-12T17:07:55+00:00,Available,3,0
350217117,2026-05-12T17:07:55+00:00,Available,7,0
350217128,2026-05-12T17:07:55+00:00,Available,5,0
350217150,2026-05-12T17:07:55+00:00,Available,7,0
350217162,2026-05-12T17:07:55+00:00,Available,0,0
350217174,2026-05-12T17:07:55+00:00,Available,5,0
350217185,2026-05-12T17:07:55+00:00,Available,5,0
350217207,2026-05-12T17:07:55+00:00,Waitlist,7,4
350217218,2026-05-12T17:07:55+00:00,Waitlist,8,0
350217240,2026-05-12T17:07:55+00:00,Waitlist,11,6
350217251,2026-05-12T17:07:55+00:00,Waitlist,10,12
350217262,2026-05-12T17:07:55+00:00,Waitlist,9,1
350217273,2026-05-12T17:07:55+00:00,Waitlist,10,5
350217284,2026-05-12T17:07:55+00:00,Waitlist,8,2
350217295,2026-05-12T17:07:55+00:00,Available,4,0
350217306,2026-05-12T17:07:55+00:00,Waitlist,8,0
350217317,2026-05-12T17:07:55+00:00,Waitlist,8,1
350217339,2026-05-12T17:07:55+00:00,Waitlist,8,1
350217353,2026-05-12T17:07:55+00:00,Available,6,0
350217366,2026-05-12T17:07:55+00:00,Available,6,0
350217379,2026-05-12T17:07:55+00:00,Available,9,0
350217393,2026-05-12T17:07:55+00:00,Waitlist,5,2
350217404,2026-05-12T17:07:55+00:00,Waitlist,6,2
350217415,2026-05-12T17:07:55+00:00,Available,1,0
350217426,2026-05-12T17:07:55+00:00,Available,5,0
350217437,2026-05-12T17:07:55+00:00,Available,7,0
350217448,2026-05-12T17:07:55+00:00,Waitlist,10,0
350732033,2026-05-12T17:07:55+00:00,Available,2,0
350739304,2026-05-12T17:07:55+00:00,Available,31,0
350740400,2026-05-12T17:07:55+00:00,Available,0,0
350740938,2026-05-12T17:07:55+00:00,Available,3,0
350741533,2026-05-12T17:07:55+00:00,Available,0,0
350741599,2026-05-12T17:07:55+00:00,Available,1,0
364675943,2026-05-12T17:07:55+00:00,Available,6,0
364677421,2026-05-12T17:07:55+00:00,Available,7,0
364677693,2026-05-12T17:07:55+00:00,Available,6,0
364678079,2026-05-12T17:07:55+00:00,Available,5,0
350200801,2026-05-12T17:09:35+00:00,Unavailable,,
350200813,2026-05-12T17:09:35+00:00,Unavailable,,
350200824,2026-05-12T17:09:35+00:00,Unavailable,,
350200836,2026-05-12T17:09:35+00:00,Unavailable,,
350200847,2026-05-12T17:09:35+00:00,Unavailable,,
350200858,2026-05-12T17:09:35+00:00,Unavailable,,
350200869,2026-05-12T17:09:35+00:00,Unavailable,,
350200880,2026-05-12T17:09:35+00:00,Unavailable,,
350200891,2026-05-12T17:09:35+00:00,Unavailable,,
350200902,2026-05-12T17:09:35+00:00,Unavailable,,
350200913,2026-05-12T17:09:35+00:00,Unavailable,,
350200924,2026-05-12T17:09:35+00:00,Unavailable,,
350200935,2026-05-12T17:09:35+00:00,Unavailable,,
350200946,2026-05-12T17:09:35+00:00,Unavailable,,
350200957,2026-05-12T17:09:35+00:00,Unavailable,,
350200968,2026-05-12T17:09:35+00:00,Unavailable,,
350200979,2026-05-12T17:09:35+00:00,Unavailable,,
350200990,2026-05-12T17:09:35+00:00,Unavailable,,
350201001,2026-05-12T17:09:35+00:00,Unavailable,,
350201012,2026-05-12T17:09:35+00:00,Unavailable,,
350201023,2026-05-12T17:09:35+00:00,Unavailable,,
350201034,2026-05-12T17:09:35+00:00,Unavailable,,
350201045,2026-05-12T17:09:35+00:00,Unavailable,,
350201058,2026-05-12T17:09:35+00:00,Unavailable,,
350201069,2026-05-12T17:09:35+00:00,Unavailable,,
350201080,2026-05-12T17:09:35+00:00,Unavailable,,
350201091,2026-05-12T17:09:35+00:00,Unavailable,,
350201102,2026-05-12T17:09:35+00:00,Unavailable,,
350201113,2026-05-12T17:09:35+00:00,Unavailable,,
350201124,2026-05-12T17:09:35+00:00,Unavailable,,
350201135,2026-05-12T17:09:35+00:00,Unavailable,,
350201146,2026-05-12T17:09:35+00:00,Unavailable,,
350201157,2026-05-12T17:09:35+00:00,Unavailable,,
350201170,2026-05-12T17:09:35+00:00,Unavailable,,
350201182,2026-05-12T17:09:35+00:00,Unavailable,,
350201193,2026-05-12T17:09:35+00:00,Unavailable,,
350201205,2026-05-12T17:09:35+00:00,Unavailable,,
350201216,2026-05-12T17:09:35+00:00,Unavailable,,
350201227,2026-05-12T17:09:35+00:00,Unavailable,,
350201238,2026-05-12T17:09:35+00:00,Unavailable,,
350201249,2026-05-12T17:09:35+00:00,Unavailable,,
350201260,2026-05-12T17:09:35+00:00,Unavailable,,
350201271,2026-05-12T17:09:35+00:00,Unavailable,,
350201283,2026-05-12T17:09:35+00:00,Unavailable,,
350201294,2026-05-12T17:09:35+00:00,Unavailable,,
350201305,2026-05-12T17:09:35+00:00,Unavailable,,
350201316,2026-05-12T17:09:35+00:00,Unavailable,,
350201327,2026-05-12T17:09:35+00:00,Unavailable,,
350201338,2026-05-12T17:09:35+00:00,Unavailable,,
350201349,2026-05-12T17:09:35+00:00,Unavailable,,
350201360,2026-05-12T17:09:35+00:00,Unavailable,,
350201371,2026-05-12T17:09:35+00:00,Unavailable,,
350201382,2026-05-12T17:09:35+00:00,Unavailable,,
350201393,2026-05-12T17:09:35+00:00,Unavailable,,
350201404,2026-05-12T17:09:35+00:00,Unavailable,,
350201415,2026-05-12T17:09:35+00:00,Unavailable,,
350201426,2026-05-12T17:09:35+00:00,Unavailable,,
350201437,2026-05-12T17:09:35+00:00,Unavailable,,
350201448,2026-05-12T17:09:35+00:00,Unavailable,,
350201459,2026-05-12T17:09:35+00:00,Unavailable,,
350201470,2026-05-12T17:09:35+00:00,Unavailable,,
350201481,2026-05-12T17:09:35+00:00,Unavailable,,
350201492,2026-05-12T17:09:35+00:00,Unavailable,,
350201503,2026-05-12T17:09:35+00:00,Unavailable,,
350201514,2026-05-12T17:09:35+00:00,Unavailable,,
350201525,2026-05-12T17:09:35+00:00,Unavailable,,
350201536,2026-05-12T17:09:35+00:00,Unavailable,,
350201547,2026-05-12T17:09:35+00:00,Unavailable,,
350201558,2026-05-12T17:09:35+00:00,Unavailable,,
350201569,2026-05-12T17:09:35+00:00,Unavailable,,
350201580,2026-05-12T17:09:35+00:00,Unavailable,,
350201591,2026-05-12T17:09:35+00:00,Unavailable,,
350201602,2026-05-12T17:09:35+00:00,Unavailable,,
350201613,2026-05-12T17:09:35+00:00,Unavailable,,
350201624,2026-05-12T17:09:35+00:00,Unavailable,,
350201635,2026-05-12T17:09:35+00:00,Unavailable,,
350201646,2026-05-12T17:09:35+00:00,Unavailable,,
350201657,2026-05-12T17:09:35+00:00,Unavailable,,
350201668,2026-05-12T17:09:35+00:00,Unavailable,,
350201679,2026-05-12T17:09:35+00:00,Unavailable,,
350201690,2026-05-12T17:09:35+00:00,Unavailable,,
350201701,2026-05-12T17:09:35+00:00,Unavailable,,
350201712,2026-05-12T17:09:35+00:00,Unavailable,,
350201723,2026-05-12T17:09:35+00:00,Unavailable,,
350201735,2026-05-12T17:09:35+00:00,Unavailable,,
350201746,2026-05-12T17:09:35+00:00,Unavailable,,
350201757,2026-05-12T17:09:35+00:00,Unavailable,,
350201768,2026-05-12T17:09:35+00:00,Unavailable,,
350201779,2026-05-12T17:09:35+00:00,Unavailable,,
350201790,2026-05-12T17:09:35+00:00,Unavailable,,
350201801,2026-05-12T17:09:35+00:00,Unavailable,,
350201812,2026-05-12T17:09:35+00:00,Unavailable,,
350201823,2026-05-12T17:09:35+00:00,Unavailable,,
350201834,2026-05-12T17:09:35+00:00,Unavailable,,
350201845,2026-05-12T17:09:35+00:00,Unavailable,,
350201856,2026-05-12T17:09:35+00:00,Unavailable,,
350201867,2026-05-12T17:09:35+00:00,Unavailable,,
350201879,2026-05-12T17:09:35+00:00,Unavailable,,
350201890,2026-05-12T17:09:35+00:00,Unavailable,,
350201901,2026-05-12T17:09:35+00:00,Unavailable,,
350201912,2026-05-12T17:09:35+00:00,Unavailable,,
350201924,2026-05-12T17:09:35+00:00,Unavailable,,
350201935,2026-05-12T17:09:35+00:00,Unavailable,,
350201947,2026-05-12T17:09:35+00:00,Unavailable,,
350201958,2026-05-12T17:09:35+00:00,Unavailable,,
350201969,2026-05-12T17:09:35+00:00,Unavailable,,
350201980,2026-05-12T17:09:35+00:00,Unavailable,,
350201991,2026-05-12T17:09:35+00:00,Unavailable,,
350202003,2026-05-12T17:09:35+00:00,Unavailable,,
350202018,2026-05-12T17:09:35+00:00,Unavailable,,
350202032,2026-05-12T17:09:35+00:00,Unavailable,,
350202045,2026-05-12T17:09:35+00:00,Unavailable,,
350202056,2026-05-12T17:09:35+00:00,Unavailable,,
350202069,2026-05-12T17:09:35+00:00,Unavailable,,
350202080,2026-05-12T17:09:35+00:00,Unavailable,,
350202091,2026-05-12T17:09:35+00:00,Unavailable,,
350202102,2026-05-12T17:09:35+00:00,Unavailable,,
350202113,2026-05-12T17:09:35+00:00,Unavailable,,
350202124,2026-05-12T17:09:35+00:00,Unavailable,,
350202135,2026-05-12T17:09:35+00:00,Unavailable,,
350202146,2026-05-12T17:09:35+00:00,Unavailable,,
350202157,2026-05-12T17:09:35+00:00,Unavailable,,
350202168,2026-05-12T17:09:35+00:00,Unavailable,,
350202180,2026-05-12T17:09:35+00:00,Unavailable,,
350202191,2026-05-12T17:09:35+00:00,Unavailable,,
350202202,2026-05-12T17:09:35+00:00,Unavailable,,
350202213,2026-05-12T17:09:35+00:00,Unavailable,,
350202224,2026-05-12T17:09:35+00:00,Unavailable,,
350202235,2026-05-12T17:09:35+00:00,Unavailable,,
350202246,2026-05-12T17:09:35+00:00,Unavailable,,
350202257,2026-05-12T17:09:35+00:00,Unavailable,,
350202268,2026-05-12T17:09:35+00:00,Unavailable,,
350202279,2026-05-12T17:09:35+00:00,Unavailable,,
350202290,2026-05-12T17:09:35+00:00,Unavailable,,
350202301,2026-05-12T17:09:35+00:00,Unavailable,,
350202312,2026-05-12T17:09:35+00:00,Unavailable,,
350202323,2026-05-12T17:09:35+00:00,Unavailable,,
350202334,2026-05-12T17:09:35+00:00,Unavailable,,
350202347,2026-05-12T17:09:35+00:00,Unavailable,,
350202361,2026-05-12T17:09:35+00:00,Unavailable,,
350202372,2026-05-12T17:09:35+00:00,Unavailable,,
350202383,2026-05-12T17:09:35+00:00,Unavailable,,
350202394,2026-05-12T17:09:35+00:00,Unavailable,,
350202406,2026-05-12T17:09:35+00:00,Unavailable,,
350202417,2026-05-12T17:09:35+00:00,Unavailable,,
350202429,2026-05-12T17:09:35+00:00,Unavailable,,
350202440,2026-05-12T17:09:35+00:00,Unavailable,,
350202451,2026-05-12T17:09:35+00:00,Unavailable,,
350202462,2026-05-12T17:09:35+00:00,Unavailable,,
350202473,2026-05-12T17:09:35+00:00,Unavailable,,
350202484,2026-05-12T17:09:35+00:00,Unavailable,,
350202495,2026-05-12T17:09:35+00:00,Unavailable,,
350202506,2026-05-12T17:09:35+00:00,Unavailable,,
350202517,2026-05-12T17:09:35+00:00,Unavailable,,
350202528,2026-05-12T17:09:35+00:00,Unavailable,,
350202539,2026-05-12T17:09:35+00:00,Unavailable,,
350202551,2026-05-12T17:09:35+00:00,Unavailable,,
350202562,2026-05-12T17:09:35+00:00,Unavailable,,
350202573,2026-05-12T17:09:35+00:00,Unavailable,,
350202584,2026-05-12T17:09:35+00:00,Unavailable,,
350202595,2026-05-12T17:09:35+00:00,Unavailable,,
350202607,2026-05-12T17:09:35+00:00,Unavailable,,
350202618,2026-05-12T17:09:35+00:00,Unavailable,,
350202631,2026-05-12T17:09:35+00:00,Unavailable,,
350202642,2026-05-12T17:09:35+00:00,Unavailable,,
350202654,2026-05-12T17:09:35+00:00,Unavailable,,
350202665,2026-05-12T17:09:35+00:00,Unavailable,,
350202676,2026-05-12T17:09:35+00:00,Unavailable,,
350202687,2026-05-12T17:09:35+00:00,Unavailable,,
350202698,2026-05-12T17:09:35+00:00,Unavailable,,
350202709,2026-05-12T17:09:35+00:00,Unavailable,,
350202720,2026-05-12T17:09:35+00:00,Unavailable,,
350202731,2026-05-12T17:09:35+00:00,Unavailable,,
350202742,2026-05-12T17:09:35+00:00,Unavailable,,
350202753,2026-05-12T17:09:35+00:00,Unavailable,,
350202764,2026-05-12T17:09:35+00:00,Unavailable,,
350202775,2026-05-12T17:09:35+00:00,Unavailable,,
350202786,2026-05-12T17:09:35+00:00,Unavailable,,
350202797,2026-05-12T17:09:35+00:00,Unavailable,,
350202808,2026-05-12T17:09:35+00:00,Unavailable,,
350202819,2026-05-12T17:09:35+00:00,Unavailable,,
350202830,2026-05-12T17:09:35+00:00,Unavailable,,
350202841,2026-05-12T17:09:35+00:00,Unavailable,,
350202852,2026-05-12T17:09:35+00:00,Unavailable,,
350202863,2026-05-12T17:09:35+00:00,Unavailable,,
350202874,2026-05-12T17:09:35+00:00,Unavailable,,
350202885,2026-05-12T17:09:35+00:00,Unavailable,,
350202896,2026-05-12T17:09:35+00:00,Unavailable,,
350202908,2026-05-12T17:09:35+00:00,Unavailable,,
350202919,2026-05-12T17:09:35+00:00,Unavailable,,
350202930,2026-05-12T17:09:35+00:00,Unavailable,,
350202941,2026-05-12T17:09:35+00:00,Unavailable,,
350202952,2026-05-12T17:09:35+00:00,Unavailable,,
350202963,2026-05-12T17:09:35+00:00,Unavailable,,
350202974,2026-05-12T17:09:35+00:00,Unavailable,,
350202985,2026-05-12T17:09:35+00:00,Unavailable,,
350202996,2026-05-12T17:09:35+00:00,Unavailable,,
350203007,2026-05-12T17:09:35+00:00,Unavailable,,
350203018,2026-05-12T17:09:35+00:00,Unavailable,,
350203029,2026-05-12T17:09:35+00:00,Unavailable,,
350203040,2026-05-12T17:09:35+00:00,Unavailable,,
350203051,2026-05-12T17:09:35+00:00,Unavailable,,
350203062,2026-05-12T17:09:35+00:00,Unavailable,,
350203073,2026-05-12T17:09:35+00:00,Unavailable,,
350203084,2026-05-12T17:09:35+00:00,Unavailable,,
350203095,2026-05-12T17:09:35+00:00,Unavailable,,
350203106,2026-05-12T17:09:35+00:00,Unavailable,,
350203117,2026-05-12T17:09:35+00:00,Unavailable,,
350203128,2026-05-12T17:09:35+00:00,Unavailable,,
350203139,2026-05-12T17:09:35+00:00,Unavailable,,
350203150,2026-05-12T17:09:35+00:00,Unavailable,,
350203162,2026-05-12T17:09:35+00:00,Unavailable,,
350203173,2026-05-12T17:09:35+00:00,Unavailable,,
350203184,2026-05-12T17:09:35+00:00,Unavailable,,
350203195,2026-05-12T17:09:35+00:00,Unavailable,,
350203206,2026-05-12T17:09:35+00:00,Unavailable,,
350203217,2026-05-12T17:09:35+00:00,Unavailable,,
350203228,2026-05-12T17:09:35+00:00,Unavailable,,
350203239,2026-05-12T17:09:35+00:00,Unavailable,,
350203250,2026-05-12T17:09:35+00:00,Unavailable,,
350203261,2026-05-12T17:09:35+00:00,Unavailable,,
350203272,2026-05-12T17:09:35+00:00,Unavailable,,
350203283,2026-05-12T17:09:35+00:00,Unavailable,,
350203294,2026-05-12T17:09:35+00:00,Unavailable,,
350203305,2026-05-12T17:09:35+00:00,Unavailable,,
350203316,2026-05-12T17:09:35+00:00,Unavailable,,
350203327,2026-05-12T17:09:35+00:00,Unavailable,,
350203338,2026-05-12T17:09:35+00:00,Unavailable,,
350203349,2026-05-12T17:09:35+00:00,Unavailable,,
350203360,2026-05-12T17:09:35+00:00,Unavailable,,
350203371,2026-05-12T17:09:35+00:00,Unavailable,,
350203383,2026-05-12T17:09:35+00:00,Unavailable,,
350203394,2026-05-12T17:09:35+00:00,Unavailable,,
350203405,2026-05-12T17:09:35+00:00,Unavailable,,
350203416,2026-05-12T17:09:35+00:00,Unavailable,,
350203427,2026-05-12T17:09:35+00:00,Unavailable,,
350203438,2026-05-12T17:09:35+00:00,Unavailable,,
350203449,2026-05-12T17:09:35+00:00,Unavailable,,
350203460,2026-05-12T17:09:35+00:00,Unavailable,,
350203472,2026-05-12T17:09:35+00:00,Unavailable,,
350203483,2026-05-12T17:09:35+00:00,Unavailable,,
350203494,2026-05-12T17:09:35+00:00,Unavailable,,
350203505,2026-05-12T17:09:35+00:00,Unavailable,,
350203516,2026-05-12T17:09:35+00:00,Unavailable,,
350203527,2026-05-12T17:09:35+00:00,Unavailable,,
350203538,2026-05-12T17:09:35+00:00,Unavailable,,
350203549,2026-05-12T17:09:35+00:00,Unavailable,,
350203560,2026-05-12T17:09:35+00:00,Unavailable,,
350203571,2026-05-12T17:09:35+00:00,Unavailable,,
350203593,2026-05-12T17:09:35+00:00,Unavailable,,
355173402,2026-05-12T17:09:35+00:00,Unavailable,,
350223957,2026-05-12T17:09:45+00:00,Unavailable,,
350223971,2026-05-12T17:09:45+00:00,Unavailable,,
350223985,2026-05-12T17:09:45+00:00,Unavailable,,
350223999,2026-05-12T17:09:45+00:00,Unavailable,,
350224011,2026-05-12T17:09:45+00:00,Unavailable,,
350224022,2026-05-12T17:09:45+00:00,Unavailable,,
350224033,2026-05-12T17:09:45+00:00,Unavailable,,
350224044,2026-05-12T17:09:45+00:00,Unavailable,,
350224055,2026-05-12T17:09:45+00:00,Unavailable,,
350224066,2026-05-12T17:09:45+00:00,Unavailable,,
350224077,2026-05-12T17:09:45+00:00,Unavailable,,
350224088,2026-05-12T17:09:45+00:00,Unavailable,,
350224102,2026-05-12T17:09:45+00:00,Unavailable,,
350224116,2026-05-12T17:09:45+00:00,Unavailable,,
350224130,2026-05-12T17:09:45+00:00,Unavailable,,
350224144,2026-05-12T17:09:45+00:00,Unavailable,,
350224158,2026-05-12T17:09:45+00:00,Unavailable,,
350224172,2026-05-12T17:09:45+00:00,Unavailable,,
350224186,2026-05-12T17:09:45+00:00,Unavailable,,
350224200,2026-05-12T17:09:45+00:00,Unavailable,,
350224214,2026-05-12T17:09:45+00:00,Unavailable,,
350224228,2026-05-12T17:09:45+00:00,Unavailable,,
350224239,2026-05-12T17:09:45+00:00,Unavailable,,
350224250,2026-05-12T17:09:45+00:00,Unavailable,,
350224261,2026-05-12T17:09:45+00:00,Unavailable,,
350224272,2026-05-12T17:09:45+00:00,Unavailable,,
350224283,2026-05-12T17:09:45+00:00,Unavailable,,
350224294,2026-05-12T17:09:45+00:00,Unavailable,,
350224305,2026-05-12T17:09:45+00:00,Unavailable,,
350224317,2026-05-12T17:09:45+00:00,Unavailable,,
350224328,2026-05-12T17:09:45+00:00,Unavailable,,
350224339,2026-05-12T17:09:45+00:00,Unavailable,,
350224350,2026-05-12T17:09:45+00:00,Unavailable,,
350224361,2026-05-12T17:09:45+00:00,Unavailable,,
350224372,2026-05-12T17:09:45+00:00,Unavailable,,
350224386,2026-05-12T17:09:45+00:00,Unavailable,,
350224401,2026-05-12T17:09:45+00:00,Unavailable,,
350224416,2026-05-12T17:09:45+00:00,Unavailable,,
350224433,2026-05-12T17:09:45+00:00,Unavailable,,
350224444,2026-05-12T17:09:45+00:00,Unavailable,,
350224455,2026-05-12T17:09:45+00:00,Unavailable,,
350224466,2026-05-12T17:09:45+00:00,Unavailable,,
350224477,2026-05-12T17:09:45+00:00,Unavailable,,
350224489,2026-05-12T17:09:45+00:00,Unavailable,,
350224500,2026-05-12T17:09:45+00:00,Unavailable,,
350224511,2026-05-12T17:09:45+00:00,Unavailable,,
350224522,2026-05-12T17:09:45+00:00,Unavailable,,
350224533,2026-05-12T17:09:45+00:00,Unavailable,,
350224544,2026-05-12T17:09:45+00:00,Unavailable,,
350224555,2026-05-12T17:09:45+00:00,Unavailable,,
350224566,2026-05-12T17:09:45+00:00,Unavailable,,
350224577,2026-05-12T17:09:45+00:00,Unavailable,,
350224588,2026-05-12T17:09:45+00:00,Unavailable,,
350224599,2026-05-12T17:09:45+00:00,Unavailable,,
350224612,2026-05-12T17:09:45+00:00,Unavailable,,
350224623,2026-05-12T17:09:45+00:00,Unavailable,,
350224634,2026-05-12T17:09:45+00:00,Unavailable,,
350224645,2026-05-12T17:09:45+00:00,Unavailable,,
350224658,2026-05-12T17:09:45+00:00,Unavailable,,
350224669,2026-05-12T17:09:45+00:00,Unavailable,,
350224680,2026-05-12T17:09:45+00:00,Unavailable,,
350224692,2026-05-12T17:09:45+00:00,Unavailable,,
350224703,2026-05-12T17:09:45+00:00,Unavailable,,
350224714,2026-05-12T17:09:45+00:00,Unavailable,,
350224725,2026-05-12T17:09:45+00:00,Unavailable,,
350224738,2026-05-12T17:09:45+00:00,Unavailable,,
350224749,2026-05-12T17:09:45+00:00,Unavailable,,
350224760,2026-05-12T17:09:45+00:00,Unavailable,,
350224771,2026-05-12T17:09:45+00:00,Unavailable,,
350224782,2026-05-12T17:09:45+00:00,Unavailable,,
350224793,2026-05-12T17:09:45+00:00,Unavailable,,
350224804,2026-05-12T17:09:45+00:00,Unavailable,,
350224815,2026-05-12T17:09:45+00:00,Unavailable,,
350224826,2026-05-12T17:09:45+00:00,Unavailable,,
350224837,2026-05-12T17:09:45+00:00,Unavailable,,
350224848,2026-05-12T17:09:45+00:00,Unavailable,,
350224859,2026-05-12T17:09:45+00:00,Unavailable,,
350224873,2026-05-12T17:09:45+00:00,Unavailable,,
350224887,2026-05-12T17:09:45+00:00,Unavailable,,
350224901,2026-05-12T17:09:45+00:00,Unavailable,,
350224915,2026-05-12T17:09:45+00:00,Unavailable,,
350224929,2026-05-12T17:09:45+00:00,Unavailable,,
350224940,2026-05-12T17:09:45+00:00,Unavailable,,
350224951,2026-05-12T17:09:45+00:00,Unavailable,,
350224962,2026-05-12T17:09:45+00:00,Unavailable,,
350224973,2026-05-12T17:09:45+00:00,Unavailable,,
350224985,2026-05-12T17:09:45+00:00,Unavailable,,
350224996,2026-05-12T17:09:45+00:00,Unavailable,,
350225008,2026-05-12T17:09:45+00:00,Unavailable,,
350225019,2026-05-12T17:09:45+00:00,Unavailable,,
350225030,2026-05-12T17:09:45+00:00,Unavailable,,
350225041,2026-05-12T17:09:45+00:00,Unavailable,,
350225053,2026-05-12T17:09:45+00:00,Unavailable,,
350225064,2026-05-12T17:09:45+00:00,Unavailable,,
350225075,2026-05-12T17:09:45+00:00,Unavailable,,
350225086,2026-05-12T17:09:45+00:00,Unavailable,,
350225097,2026-05-12T17:09:45+00:00,Unavailable,,
350225108,2026-05-12T17:09:45+00:00,Unavailable,,
350225119,2026-05-12T17:09:45+00:00,Unavailable,,
350225130,2026-05-12T17:09:45+00:00,Unavailable,,
350225141,2026-05-12T17:09:45+00:00,Unavailable,,
350225163,2026-05-12T17:09:45+00:00,Unavailable,,
350225174,2026-05-12T17:09:45+00:00,Unavailable,,
350225185,2026-05-12T17:09:45+00:00,Unavailable,,
350225196,2026-05-12T17:09:45+00:00,Unavailable,,
350225207,2026-05-12T17:09:45+00:00,Unavailable,,
350225218,2026-05-12T17:09:45+00:00,Unavailable,,
350225229,2026-05-12T17:09:45+00:00,Unavailable,,
350225240,2026-05-12T17:09:45+00:00,Unavailable,,
350225251,2026-05-12T17:09:45+00:00,Unavailable,,
350225262,2026-05-12T17:09:45+00:00,Unavailable,,
350225273,2026-05-12T17:09:45+00:00,Unavailable,,
350225285,2026-05-12T17:09:45+00:00,Unavailable,,
350225296,2026-05-12T17:09:45+00:00,Unavailable,,
350225307,2026-05-12T17:09:45+00:00,Unavailable,,
350225318,2026-05-12T17:09:45+00:00,Unavailable,,
350225329,2026-05-12T17:09:45+00:00,Unavailable,,
350225341,2026-05-12T17:09:45+00:00,Unavailable,,
350225352,2026-05-12T17:09:45+00:00,Unavailable,,
350225363,2026-05-12T17:09:45+00:00,Unavailable,,
350225375,2026-05-12T17:09:45+00:00,Unavailable,,
350225387,2026-05-12T17:09:45+00:00,Unavailable,,
350225401,2026-05-12T17:09:45+00:00,Unavailable,,
350225415,2026-05-12T17:09:45+00:00,Unavailable,,
350225429,2026-05-12T17:09:45+00:00,Unavailable,,
350225443,2026-05-12T17:09:45+00:00,Unavailable,,
350225457,2026-05-12T17:09:45+00:00,Unavailable,,
350225471,2026-05-12T17:09:45+00:00,Unavailable,,
350225485,2026-05-12T17:09:45+00:00,Unavailable,,
350225496,2026-05-12T17:09:45+00:00,Unavailable,,
350225507,2026-05-12T17:09:45+00:00,Unavailable,,
350225518,2026-05-12T17:09:45+00:00,Unavailable,,
350225529,2026-05-12T17:09:45+00:00,Unavailable,,
350225540,2026-05-12T17:09:45+00:00,Unavailable,,
350225551,2026-05-12T17:09:45+00:00,Unavailable,,
350225562,2026-05-12T17:09:45+00:00,Unavailable,,
350225573,2026-05-12T17:09:45+00:00,Unavailable,,
350225584,2026-05-12T17:09:45+00:00,Unavailable,,
350225596,2026-05-12T17:09:45+00:00,Unavailable,,
350225607,2026-05-12T17:09:45+00:00,Unavailable,,
350225618,2026-05-12T17:09:45+00:00,Unavailable,,
350225629,2026-05-12T17:09:45+00:00,Unavailable,,
350225640,2026-05-12T17:09:45+00:00,Unavailable,,
350225651,2026-05-12T17:09:45+00:00,Unavailable,,
350225663,2026-05-12T17:09:45+00:00,Unavailable,,
350225674,2026-05-12T17:09:45+00:00,Unavailable,,
350225688,2026-05-12T17:09:45+00:00,Unavailable,,
350225702,2026-05-12T17:09:45+00:00,Unavailable,,
350225716,2026-05-12T17:09:45+00:00,Unavailable,,
350225730,2026-05-12T17:09:45+00:00,Unavailable,,
350225744,2026-05-12T17:09:45+00:00,Unavailable,,
350225758,2026-05-12T17:09:45+00:00,Unavailable,,
350225786,2026-05-12T17:09:45+00:00,Unavailable,,
350225814,2026-05-12T17:09:45+00:00,Unavailable,,
350225825,2026-05-12T17:09:45+00:00,Unavailable,,
350225836,2026-05-12T17:09:45+00:00,Unavailable,,
350225847,2026-05-12T17:09:45+00:00,Unavailable,,
350225858,2026-05-12T17:09:45+00:00,Unavailable,,
350225869,2026-05-12T17:09:45+00:00,Unavailable,,
350225880,2026-05-12T17:09:45+00:00,Unavailable,,
350225891,2026-05-12T17:09:45+00:00,Unavailable,,
350225902,2026-05-12T17:09:45+00:00,Unavailable,,
350225913,2026-05-12T17:09:45+00:00,Unavailable,,
350225924,2026-05-12T17:09:45+00:00,Unavailable,,
350225935,2026-05-12T17:09:45+00:00,Unavailable,,
350225946,2026-05-12T17:09:45+00:00,Unavailable,,
350225957,2026-05-12T17:09:45+00:00,Unavailable,,
350225968,2026-05-12T17:09:45+00:00,Unavailable,,
350225981,2026-05-12T17:09:45+00:00,Unavailable,,
350225993,2026-05-12T17:09:45+00:00,Unavailable,,
350226004,2026-05-12T17:09:45+00:00,Unavailable,,
350226015,2026-05-12T17:09:45+00:00,Unavailable,,
350226026,2026-05-12T17:09:45+00:00,Unavailable,,
350226037,2026-05-12T17:09:45+00:00,Unavailable,,
350226048,2026-05-12T17:09:45+00:00,Unavailable,,
350226059,2026-05-12T17:09:45+00:00,Unavailable,,
350226070,2026-05-12T17:09:45+00:00,Unavailable,,
350280176,2026-05-12T17:09:45+00:00,Unavailable,,
350280422,2026-05-12T17:09:45+00:00,Unavailable,,
350280510,2026-05-12T17:09:45+00:00,Unavailable,,
350280525,2026-05-12T17:09:45+00:00,Unavailable,,
350280536,2026-05-12T17:09:45+00:00,Unavailable,,
350288650,2026-05-12T17:09:45+00:00,Unavailable,,
350288664,2026-05-12T17:09:45+00:00,Unavailable,,
350288680,2026-05-12T17:09:45+00:00,Unavailable,,
350288691,2026-05-12T17:09:45+00:00,Unavailable,,
350288702,2026-05-12T17:09:45+00:00,Unavailable,,
350288713,2026-05-12T17:09:45+00:00,Unavailable,,
350288724,2026-05-12T17:09:45+00:00,Unavailable,,
350288737,2026-05-12T17:09:45+00:00,Unavailable,,
350288748,2026-05-12T17:09:45+00:00,Unavailable,,
350288759,2026-05-12T17:09:45+00:00,Unavailable,,
350288770,2026-05-12T17:09:45+00:00,Unavailable,,
350288781,2026-05-12T17:09:45+00:00,Unavailable,,
350288792,2026-05-12T17:09:45+00:00,Unavailable,,
350288804,2026-05-12T17:09:45+00:00,Unavailable,,
350288815,2026-05-12T17:09:45+00:00,Unavailable,,
350288826,2026-05-12T17:09:45+00:00,Unavailable,,
350288837,2026-05-12T17:09:45+00:00,Unavailable,,
350288848,2026-05-12T17:09:45+00:00,Unavailable,,
350288859,2026-05-12T17:09:45+00:00,Unavailable,,
350288870,2026-05-12T17:09:45+00:00,Unavailable,,
350288881,2026-05-12T17:09:45+00:00,Unavailable,,
350288892,2026-05-12T17:09:45+00:00,Unavailable,,
350288903,2026-05-12T17:09:45+00:00,Unavailable,,
350288914,2026-05-12T17:09:45+00:00,Unavailable,,
350288925,2026-05-12T17:09:45+00:00,Unavailable,,
350288937,2026-05-12T17:09:45+00:00,Unavailable,,
350288948,2026-05-12T17:09:45+00:00,Unavailable,,
350288959,2026-05-12T17:09:45+00:00,Unavailable,,
350288970,2026-05-12T17:09:45+00:00,Unavailable,,
350288981,2026-05-12T17:09:45+00:00,Unavailable,,
350288992,2026-05-12T17:09:45+00:00,Unavailable,,
350289003,2026-05-12T17:09:45+00:00,Unavailable,,
350289014,2026-05-12T17:09:45+00:00,Unavailable,,
350289048,2026-05-12T17:09:45+00:00,Unavailable,,
350289060,2026-05-12T17:09:45+00:00,Unavailable,,
350289071,2026-05-12T17:09:45+00:00,Unavailable,,
350289082,2026-05-12T17:09:45+00:00,Unavailable,,
350289093,2026-05-12T17:09:45+00:00,Unavailable,,
350289104,2026-05-12T17:09:45+00:00,Unavailable,,
350289115,2026-05-12T17:09:45+00:00,Unavailable,,
350289126,2026-05-12T17:09:45+00:00,Unavailable,,
350289137,2026-05-12T17:09:45+00:00,Unavailable,,
350289148,2026-05-12T17:09:45+00:00,Unavailable,,
350289159,2026-05-12T17:09:45+00:00,Unavailable,,
350289170,2026-05-12T17:09:45+00:00,Unavailable,,
350289181,2026-05-12T17:09:45+00:00,Unavailable,,
350289192,2026-05-12T17:09:45+00:00,Unavailable,,
350289203,2026-05-12T17:09:45+00:00,Unavailable,,
350289214,2026-05-12T17:09:45+00:00,Unavailable,,
350289226,2026-05-12T17:09:45+00:00,Unavailable,,
350289237,2026-05-12T17:09:45+00:00,Unavailable,,
350289248,2026-05-12T17:09:45+00:00,Unavailable,,
350289260,2026-05-12T17:09:45+00:00,Unavailable,,
350289271,2026-05-12T17:09:45+00:00,Unavailable,,
350289282,2026-05-12T17:09:45+00:00,Unavailable,,
350289293,2026-05-12T17:09:45+00:00,Unavailable,,
350289304,2026-05-12T17:09:45+00:00,Unavailable,,
350289315,2026-05-12T17:09:45+00:00,Unavailable,,
350289326,2026-05-12T17:09:45+00:00,Unavailable,,
350289337,2026-05-12T17:09:45+00:00,Unavailable,,
350289348,2026-05-12T17:09:45+00:00,Unavailable,,
350289359,2026-05-12T17:09:45+00:00,Unavailable,,
350289370,2026-05-12T17:09:45+00:00,Unavailable,,
350289381,2026-05-12T17:09:45+00:00,Unavailable,,
350289392,2026-05-12T17:09:45+00:00,Unavailable,,
350289404,2026-05-12T17:09:45+00:00,Unavailable,,
351070164,2026-05-12T17:09:45+00:00,Unavailable,,
351073176,2026-05-12T17:09:45+00:00,Unavailable,,
353250216,2026-05-12T17:09:45+00:00,Unavailable,,
364658017,2026-05-12T17:09:45+00:00,Unavailable,,
367658325,2026-05-12T17:09:45+00:00,Unavailable,,
350216376,2026-05-12T17:36:26+00:00,Waitlist,,
350216387,2026-05-12T17:36:26+00:00,Available,,
350216398,2026-05-12T17:36:26+00:00,Waitlist,,
350216409,2026-05-12T17:36:26+00:00,Waitlist,,
350216431,2026-05-12T17:36:26+00:00,Available,,
350216442,2026-05-12T17:36:26+00:00,Waitlist,,
350216453,2026-05-12T17:36:26+00:00,Available,,
350216465,2026-05-12T17:36:26+00:00,Available,,
350216476,2026-05-12T17:36:26+00:00,Waitlist,,
350216487,2026-05-12T17:36:26+00:00,Available,,
350216498,2026-05-12T17:36:26+00:00,Available,,
350216509,2026-05-12T17:36:26+00:00,Waitlist,,
350216520,2026-05-12T17:36:26+00:00,Waitlist,,
350216542,2026-05-12T17:36:26+00:00,Waitlist,,
350216553,2026-05-12T17:36:26+00:00,Available,,
350216564,2026-05-12T17:36:26+00:00,Available,,
350216575,2026-05-12T17:36:26+00:00,Available,,
350216586,2026-05-12T17:36:26+00:00,Waitlist,,
350216597,2026-05-12T17:36:26+00:00,Available,,
350216608,2026-05-12T17:36:26+00:00,Waitlist,,
350216619,2026-05-12T17:36:26+00:00,Waitlist,,
350216630,2026-05-12T17:36:26+00:00,Waitlist,,
350216652,2026-05-12T17:36:26+00:00,Waitlist,,
350216663,2026-05-12T17:36:26+00:00,Available,,
350216674,2026-05-12T17:36:26+00:00,Waitlist,,
350216685,2026-05-12T17:36:26+00:00,Waitlist,,
350216696,2026-05-12T17:36:26+00:00,Available,,
350216707,2026-05-12T17:36:26+00:00,Available,,
350216718,2026-05-12T17:36:26+00:00,Waitlist,,
350216729,2026-05-12T17:36:26+00:00,Available,,
350216740,2026-05-12T17:36:26+00:00,Waitlist,,
350216751,2026-05-12T17:36:26+00:00,Waitlist,,
350216762,2026-05-12T17:36:26+00:00,Waitlist,,
350216773,2026-05-12T17:36:26+00:00,Waitlist,,
350216784,2026-05-12T17:36:26+00:00,Available,,
350216795,2026-05-12T17:36:26+00:00,Available,,
350216806,2026-05-12T17:36:26+00:00,Available,,
350216817,2026-05-12T17:36:26+00:00,Waitlist,,
350216828,2026-05-12T17:36:26+00:00,Available,,
350216839,2026-05-12T17:36:26+00:00,Available,,
350216850,2026-05-12T17:36:26+00:00,Available,,
350216861,2026-05-12T17:36:26+00:00,Waitlist,,
350216872,2026-05-12T17:36:26+00:00,Available,,
350216884,2026-05-12T17:36:26+00:00,Available,,
350216895,2026-05-12T17:36:26+00:00,Available,,
350216906,2026-05-12T17:36:26+00:00,Waitlist,,
350216917,2026-05-12T17:36:26+00:00,Available,,
350216928,2026-05-12T17:36:26+00:00,Waitlist,,
350216939,2026-05-12T17:36:26+00:00,Waitlist,,
350216950,2026-05-12T17:36:26+00:00,Waitlist,,
350216961,2026-05-12T17:36:26+00:00,Waitlist,,
350216972,2026-05-12T17:36:26+00:00,Waitlist,,
350216994,2026-05-12T17:36:26+00:00,Waitlist,,
350217005,2026-05-12T17:36:26+00:00,Waitlist,,
350217016,2026-05-12T17:36:26+00:00,Waitlist,,
350217027,2026-05-12T17:36:26+00:00,Waitlist,,
350217049,2026-05-12T17:36:26+00:00,Waitlist,,
350217071,2026-05-12T17:36:26+00:00,Available,,
350217083,2026-05-12T17:36:26+00:00,Waitlist,,
350217105,2026-05-12T17:36:26+00:00,Available,,
350217117,2026-05-12T17:36:26+00:00,Available,,
350217128,2026-05-12T17:36:26+00:00,Available,,
350217150,2026-05-12T17:36:26+00:00,Available,,
350217162,2026-05-12T17:36:26+00:00,Available,,
350217174,2026-05-12T17:36:26+00:00,Available,,
350217185,2026-05-12T17:36:26+00:00,Available,,
350217207,2026-05-12T17:36:26+00:00,Waitlist,,
350217218,2026-05-12T17:36:26+00:00,Waitlist,,
350217240,2026-05-12T17:36:26+00:00,Waitlist,,
350217251,2026-05-12T17:36:26+00:00,Waitlist,,
350217262,2026-05-12T17:36:26+00:00,Waitlist,,
350217273,2026-05-12T17:36:26+00:00,Waitlist,,
350217284,2026-05-12T17:36:26+00:00,Waitlist,,
350217295,2026-05-12T17:36:26+00:00,Available,,
350217306,2026-05-12T17:36:26+00:00,Waitlist,,
350217317,2026-05-12T17:36:26+00:00,Waitlist,,
350217339,2026-05-12T17:36:26+00:00,Waitlist,,
350217353,2026-05-12T17:36:26+00:00,Available,,
350217366,2026-05-12T17:36:26+00:00,Available,,
350217379,2026-05-12T17:36:26+00:00,Waitlist,,
350217393,2026-05-12T17:36:26+00:00,Waitlist,,
350217404,2026-05-12T17:36:26+00:00,Waitlist,,
350217415,2026-05-12T17:36:26+00:00,Available,,
350217426,2026-05-12T17:36:26+00:00,Available,,
350217437,2026-05-12T17:36:26+00:00,Available,,
350217448,2026-05-12T17:36:26+00:00,Waitlist,,
350732033,2026-05-12T17:36:26+00:00,Available,,
350739304,2026-05-12T17:36:26+00:00,Available,,
350740400,2026-05-12T17:36:26+00:00,Available,,
350740938,2026-05-12T17:36:26+00:00,Available,,
350741533,2026-05-12T17:36:26+00:00,Available,,
350741599,2026-05-12T17:36:26+00:00,Available,,
364675943,2026-05-12T17:36:26+00:00,Available,,
364677421,2026-05-12T17:36:26+00:00,Available,,
364677693,2026-05-12T17:36:26+00:00,Available,,
364678079,2026-05-12T17:36:26+00:00,Available,,
350216376,2026-05-12T17:37:26+00:00,Waitlist,,
350216387,2026-05-12T17:37:26+00:00,Available,,
350216398,2026-05-12T17:37:26+00:00,Waitlist,,
350216409,2026-05-12T17:37:26+00:00,Waitlist,,
350216431,2026-05-12T17:37:26+00:00,Available,,
350216442,2026-05-12T17:37:26+00:00,Waitlist,,
350216453,2026-05-12T17:37:26+00:00,Available,,
350216465,2026-05-12T17:37:26+00:00,Available,,
350216476,2026-05-12T17:37:26+00:00,Waitlist,,
350216487,2026-05-12T17:37:26+00:00,Available,,
350216498,2026-05-12T17:37:26+00:00,Available,,
350216509,2026-05-12T17:37:26+00:00,Waitlist,,
350216520,2026-05-12T17:37:26+00:00,Waitlist,,
350216542,2026-05-12T17:37:26+00:00,Waitlist,,
350216553,2026-05-12T17:37:26+00:00,Available,,
350216564,2026-05-12T17:37:26+00:00,Available,,
350216575,2026-05-12T17:37:26+00:00,Available,,
350216586,2026-05-12T17:37:26+00:00,Waitlist,,
350216597,2026-05-12T17:37:26+00:00,Available,,
350216608,2026-05-12T17:37:26+00:00,Waitlist,,
350216619,2026-05-12T17:37:26+00:00,Waitlist,,
350216630,2026-05-12T17:37:26+00:00,Waitlist,,
350216652,2026-05-12T17:37:26+00:00,Waitlist,,
350216663,2026-05-12T17:37:26+00:00,Available,,
350216674,2026-05-12T17:37:26+00:00,Waitlist,,
350216685,2026-05-12T17:37:26+00:00,Waitlist,,
350216696,2026-05-12T17:37:26+00:00,Available,,
350216707,2026-05-12T17:37:26+00:00,Available,,
350216718,2026-05-12T17:37:26+00:00,Waitlist,,
350216729,2026-05-12T17:37:26+00:00,Available,,
350216740,2026-05-12T17:37:26+00:00,Waitlist,,
350216751,2026-05-12T17:37:26+00:00,Waitlist,,
350216762,2026-05-12T17:37:26+00:00,Waitlist,,
350216773,2026-05-12T17:37:26+00:00,Waitlist,,
350216784,2026-05-12T17:37:26+00:00,Available,,
350216795,2026-05-12T17:37:26+00:00,Available,,
350216806,2026-05-12T17:37:26+00:00,Available,,
350216817,2026-05-12T17:37:26+00:00,Waitlist,,
350216828,2026-05-12T17:37:26+00:00,Available,,
350216839,2026-05-12T17:37:26+00:00,Available,,
350216850,2026-05-12T17:37:26+00:00,Available,,
350216861,2026-05-12T17:37:26+00:00,Waitlist,,
350216872,2026-05-12T17:37:26+00:00,Available,,
350216884,2026-05-12T17:37:26+00:00,Available,,
350216895,2026-05-12T17:37:26+00:00,Available,,
350216906,2026-05-12T17:37:26+00:00,Waitlist,,
350216917,2026-05-12T17:37:26+00:00,Available,,
350216928,2026-05-12T17:37:26+00:00,Waitlist,,
350216939,2026-05-12T17:37:26+00:00,Waitlist,,
350216950,2026-05-12T17:37:26+00:00,Waitlist,,
350216961,2026-05-12T17:37:26+00:00,Waitlist,,
350216972,2026-05-12T17:37:26+00:00,Waitlist,,
350216994,2026-05-12T17:37:26+00:00,Waitlist,,
350217005,2026-05-12T17:37:26+00:00,Waitlist,,
350217016,2026-05-12T17:37:26+00:00,Waitlist,,
350217027,2026-05-12T17:37:26+00:00,Waitlist,,
350217049,2026-05-12T17:37:26+00:00,Waitlist,,
350217071,2026-05-12T17:37:26+00:00,Available,,
350217083,2026-05-12T17:37:26+00:00,Waitlist,,
350217105,2026-05-12T17:37:26+00:00,Available,,
350217117,2026-05-12T17:37:26+00:00,Available,,
350217128,2026-05-12T17:37:26+00:00,Available,,
350217150,2026-05-12T17:37:26+00:00,Available,,
350217162,2026-05-12T17:37:26+00:00,Available,,
350217174,2026-05-12T17:37:26+00:00,Available,,
350217185,2026-05-12T17:37:26+00:00,Available,,
350217207,2026-05-12T17:37:26+00:00,Waitlist,,
350217218,2026-05-12T17:37:26+00:00,Waitlist,,
350217240,2026-05-12T17:37:26+00:00,Waitlist,,
350217251,2026-05-12T17:37:26+00:00,Waitlist,,
350217262,2026-05-12T17:37:26+00:00,Waitlist,,
350217273,2026-05-12T17:37:26+00:00,Waitlist,,
350217284,2026-05-12T17:37:26+00:00,Waitlist,,
350217295,2026-05-12T17:37:26+00:00,Available,,
350217306,2026-05-12T17:37:26+00:00,Waitlist,,
350217317,2026-05-12T17:37:26+00:00,Waitlist,,
350217339,2026-05-12T17:37:26+00:00,Waitlist,,
350217353,2026-05-12T17:37:26+00:00,Available,,
350217366,2026-05-12T17:37:26+00:00,Available,,
350217379,2026-05-12T17:37:26+00:00,Waitlist,,
350217393,2026-05-12T17:37:26+00:00,Waitlist,,
350217404,2026-05-12T17:37:26+00:00,Waitlist,,
350217415,2026-05-12T17:37:26+00:00,Available,,
350217426,2026-05-12T17:37:26+00:00,Available,,
350217437,2026-05-12T17:37:26+00:00,Available,,
350217448,2026-05-12T17:37:26+00:00,Waitlist,,
350732033,2026-05-12T17:37:26+00:00,Available,,
350739304,2026-05-12T17:37:26+00:00,Available,,
350740400,2026-05-12T17:37:26+00:00,Available,,
350740938,2026-05-12T17:37:26+00:00,Available,,
350741533,2026-05-12T17:37:26+00:00,Available,,
350741599,2026-05-12T17:37:26+00:00,Available,,
364675943,2026-05-12T17:37:26+00:00,Available,,
364677421,2026-05-12T17:37:26+00:00,Available,,
364677693,2026-05-12T17:37:26+00:00,Available,,
364678079,2026-05-12T17:37:26+00:00,Available,,
350216376,2026-05-12T17:38:27+00:00,Waitlist,,
350216387,2026-05-12T17:38:27+00:00,Available,,
350216398,2026-05-12T17:38:27+00:00,Waitlist,,
350216409,2026-05-12T17:38:27+00:00,Waitlist,,
350216431,2026-05-12T17:38:27+00:00,Available,,
350216442,2026-05-12T17:38:27+00:00,Waitlist,,
350216453,2026-05-12T17:38:27+00:00,Available,,
350216465,2026-05-12T17:38:27+00:00,Available,,
350216476,2026-05-12T17:38:27+00:00,Waitlist,,
350216487,2026-05-12T17:38:27+00:00,Available,,
350216498,2026-05-12T17:38:27+00:00,Available,,
350216509,2026-05-12T17:38:27+00:00,Waitlist,,
350216520,2026-05-12T17:38:27+00:00,Waitlist,,
350216542,2026-05-12T17:38:27+00:00,Waitlist,,
350216553,2026-05-12T17:38:27+00:00,Available,,
350216564,2026-05-12T17:38:27+00:00,Available,,
350216575,2026-05-12T17:38:27+00:00,Available,,
350216586,2026-05-12T17:38:27+00:00,Waitlist,,
350216597,2026-05-12T17:38:27+00:00,Available,,
350216608,2026-05-12T17:38:27+00:00,Waitlist,,
350216619,2026-05-12T17:38:27+00:00,Waitlist,,
350216630,2026-05-12T17:38:27+00:00,Waitlist,,
350216652,2026-05-12T17:38:27+00:00,Waitlist,,
350216663,2026-05-12T17:38:27+00:00,Available,,
350216674,2026-05-12T17:38:27+00:00,Waitlist,,
350216685,2026-05-12T17:38:27+00:00,Waitlist,,
350216696,2026-05-12T17:38:27+00:00,Available,,
350216707,2026-05-12T17:38:27+00:00,Available,,
350216718,2026-05-12T17:38:27+00:00,Waitlist,,
350216729,2026-05-12T17:38:27+00:00,Available,,
350216740,2026-05-12T17:38:27+00:00,Waitlist,,
350216751,2026-05-12T17:38:27+00:00,Waitlist,,
350216762,2026-05-12T17:38:27+00:00,Waitlist,,
350216773,2026-05-12T17:38:27+00:00,Waitlist,,
350216784,2026-05-12T17:38:27+00:00,Available,,
350216795,2026-05-12T17:38:27+00:00,Available,,
350216806,2026-05-12T17:38:27+00:00,Available,,
350216817,2026-05-12T17:38:27+00:00,Waitlist,,
350216828,2026-05-12T17:38:27+00:00,Available,,
350216839,2026-05-12T17:38:27+00:00,Available,,
350216850,2026-05-12T17:38:27+00:00,Available,,
350216861,2026-05-12T17:38:27+00:00,Waitlist,,
350216872,2026-05-12T17:38:27+00:00,Available,,
350216884,2026-05-12T17:38:27+00:00,Available,,
350216895,2026-05-12T17:38:27+00:00,Available,,
350216906,2026-05-12T17:38:27+00:00,Waitlist,,
350216917,2026-05-12T17:38:27+00:00,Available,,
350216928,2026-05-12T17:38:27+00:00,Waitlist,,
350216939,2026-05-12T17:38:27+00:00,Waitlist,,
350216950,2026-05-12T17:38:27+00:00,Waitlist,,
350216961,2026-05-12T17:38:27+00:00,Waitlist,,
350216972,2026-05-12T17:38:27+00:00,Waitlist,,
350216994,2026-05-12T17:38:27+00:00,Waitlist,,
350217005,2026-05-12T17:38:27+00:00,Waitlist,,
350217016,2026-05-12T17:38:27+00:00,Waitlist,,
350217027,2026-05-12T17:38:27+00:00,Waitlist,,
350217049,2026-05-12T17:38:27+00:00,Waitlist,,
350217071,2026-05-12T17:38:27+00:00,Available,,
350217083,2026-05-12T17:38:27+00:00,Waitlist,,
350217105,2026-05-12T17:38:27+00:00,Available,,
350217117,2026-05-12T17:38:27+00:00,Available,,
350217128,2026-05-12T17:38:27+00:00,Available,,
350217150,2026-05-12T17:38:27+00:00,Available,,
350217162,2026-05-12T17:38:27+00:00,Available,,
350217174,2026-05-12T17:38:27+00:00,Available,,
350217185,2026-05-12T17:38:27+00:00,Available,,
350217207,2026-05-12T17:38:27+00:00,Waitlist,,
350217218,2026-05-12T17:38:27+00:00,Waitlist,,
350217240,2026-05-12T17:38:27+00:00,Waitlist,,
350217251,2026-05-12T17:38:27+00:00,Waitlist,,
350217262,2026-05-12T17:38:27+00:00,Waitlist,,
350217273,2026-05-12T17:38:27+00:00,Waitlist,,
350217284,2026-05-12T17:38:27+00:00,Waitlist,,
350217295,2026-05-12T17:38:27+00:00,Available,,
350217306,2026-05-12T17:38:27+00:00,Waitlist,,
350217317,2026-05-12T17:38:27+00:00,Waitlist,,
350217339,2026-05-12T17:38:27+00:00,Waitlist,,
350217353,2026-05-12T17:38:27+00:00,Available,,
350217366,2026-05-12T17:38:27+00:00,Available,,
350217379,2026-05-12T17:38:27+00:00,Waitlist,,
350217393,2026-05-12T17:38:27+00:00,Waitlist,,
350217404,2026-05-12T17:38:27+00:00,Waitlist,,
350217415,2026-05-12T17:38:27+00:00,Available,,
350217426,2026-05-12T17:38:27+00:00,Available,,
350217437,2026-05-12T17:38:27+00:00,Available,,
350217448,2026-05-12T17:38:27+00:00,Waitlist,,
350732033,2026-05-12T17:38:27+00:00,Available,,
350739304,2026-05-12T17:38:27+00:00,Available,,
350740400,2026-05-12T17:38:27+00:00,Available,,
350740938,2026-05-12T17:38:27+00:00,Available,,
350741533,2026-05-12T17:38:27+00:00,Available,,
350741599,2026-05-12T17:38:27+00:00,Available,,
364675943,2026-05-12T17:38:27+00:00,Available,,
364677421,2026-05-12T17:38:27+00:00,Available,,
364677693,2026-05-12T17:38:27+00:00,Available,,
364678079,2026-05-12T17:38:27+00:00,Available,,
350216376,2026-05-12T17:39:26+00:00,Waitlist,,
350216387,2026-05-12T17:39:26+00:00,Available,,
350216398,2026-05-12T17:39:26+00:00,Waitlist,,
350216409,2026-05-12T17:39:26+00:00,Waitlist,,
350216431,2026-05-12T17:39:26+00:00,Available,,
350216442,2026-05-12T17:39:26+00:00,Waitlist,,
350216453,2026-05-12T17:39:26+00:00,Available,,
350216465,2026-05-12T17:39:26+00:00,Available,,
350216476,2026-05-12T17:39:26+00:00,Waitlist,,
350216487,2026-05-12T17:39:26+00:00,Available,,
350216498,2026-05-12T17:39:26+00:00,Available,,
350216509,2026-05-12T17:39:26+00:00,Waitlist,,
350216520,2026-05-12T17:39:26+00:00,Waitlist,,
350216542,2026-05-12T17:39:26+00:00,Waitlist,,
350216553,2026-05-12T17:39:26+00:00,Available,,
350216564,2026-05-12T17:39:26+00:00,Available,,
350216575,2026-05-12T17:39:26+00:00,Available,,
350216586,2026-05-12T17:39:26+00:00,Waitlist,,
350216597,2026-05-12T17:39:26+00:00,Available,,
350216608,2026-05-12T17:39:26+00:00,Waitlist,,
350216619,2026-05-12T17:39:26+00:00,Waitlist,,
350216630,2026-05-12T17:39:26+00:00,Waitlist,,
350216652,2026-05-12T17:39:26+00:00,Waitlist,,
350216663,2026-05-12T17:39:26+00:00,Available,,
350216674,2026-05-12T17:39:26+00:00,Waitlist,,
350216685,2026-05-12T17:39:26+00:00,Waitlist,,
350216696,2026-05-12T17:39:26+00:00,Available,,
350216707,2026-05-12T17:39:26+00:00,Available,,
350216718,2026-05-12T17:39:26+00:00,Waitlist,,
350216729,2026-05-12T17:39:26+00:00,Available,,
350216740,2026-05-12T17:39:26+00:00,Waitlist,,
350216751,2026-05-12T17:39:26+00:00,Waitlist,,
350216762,2026-05-12T17:39:26+00:00,Waitlist,,
350216773,2026-05-12T17:39:26+00:00,Waitlist,,
350216784,2026-05-12T17:39:26+00:00,Available,,
350216795,2026-05-12T17:39:26+00:00,Available,,
350216806,2026-05-12T17:39:26+00:00,Available,,
350216817,2026-05-12T17:39:26+00:00,Waitlist,,
350216828,2026-05-12T17:39:26+00:00,Available,,
350216839,2026-05-12T17:39:26+00:00,Available,,
350216850,2026-05-12T17:39:26+00:00,Available,,
350216861,2026-05-12T17:39:26+00:00,Waitlist,,
350216872,2026-05-12T17:39:26+00:00,Available,,
350216884,2026-05-12T17:39:26+00:00,Available,,
350216895,2026-05-12T17:39:26+00:00,Available,,
350216906,2026-05-12T17:39:26+00:00,Waitlist,,
350216917,2026-05-12T17:39:26+00:00,Available,,
350216928,2026-05-12T17:39:26+00:00,Waitlist,,
350216939,2026-05-12T17:39:26+00:00,Waitlist,,
350216950,2026-05-12T17:39:26+00:00,Waitlist,,
350216961,2026-05-12T17:39:26+00:00,Waitlist,,
350216972,2026-05-12T17:39:26+00:00,Waitlist,,
350216994,2026-05-12T17:39:26+00:00,Waitlist,,
350217005,2026-05-12T17:39:26+00:00,Waitlist,,
350217016,2026-05-12T17:39:26+00:00,Waitlist,,
350217027,2026-05-12T17:39:26+00:00,Waitlist,,
350217049,2026-05-12T17:39:26+00:00,Waitlist,,
350217071,2026-05-12T17:39:26+00:00,Available,,
350217083,2026-05-12T17:39:26+00:00,Waitlist,,
350217105,2026-05-12T17:39:26+00:00,Available,,
350217117,2026-05-12T17:39:26+00:00,Available,,
350217128,2026-05-12T17:39:26+00:00,Available,,
350217150,2026-05-12T17:39:26+00:00,Available,,
350217162,2026-05-12T17:39:26+00:00,Available,,
350217174,2026-05-12T17:39:26+00:00,Available,,
350217185,2026-05-12T17:39:26+00:00,Available,,
350217207,2026-05-12T17:39:26+00:00,Waitlist,,
350217218,2026-05-12T17:39:26+00:00,Waitlist,,
350217240,2026-05-12T17:39:26+00:00,Waitlist,,
350217251,2026-05-12T17:39:26+00:00,Waitlist,,
350217262,2026-05-12T17:39:26+00:00,Waitlist,,
350217273,2026-05-12T17:39:26+00:00,Waitlist,,
350217284,2026-05-12T17:39:26+00:00,Waitlist,,
350217295,2026-05-12T17:39:26+00:00,Available,,
350217306,2026-05-12T17:39:26+00:00,Waitlist,,
350217317,2026-05-12T17:39:26+00:00,Waitlist,,
350217339,2026-05-12T17:39:26+00:00,Waitlist,,
350217353,2026-05-12T17:39:26+00:00,Available,,
350217366,2026-05-12T17:39:26+00:00,Available,,
350217379,2026-05-12T17:39:26+00:00,Waitlist,,
350217393,2026-05-12T17:39:26+00:00,Waitlist,,
350217404,2026-05-12T17:39:26+00:00,Waitlist,,
350217415,2026-05-12T17:39:26+00:00,Available,,
350217426,2026-05-12T17:39:26+00:00,Available,,
350217437,2026-05-12T17:39:26+00:00,Available,,
350217448,2026-05-12T17:39:26+00:00,Waitlist,,
350732033,2026-05-12T17:39:26+00:00,Available,,
350739304,2026-05-12T17:39:26+00:00,Available,,
350740400,2026-05-12T17:39:26+00:00,Available,,
350740938,2026-05-12T17:39:26+00:00,Available,,
350741533,2026-05-12T17:39:26+00:00,Available,,
350741599,2026-05-12T17:39:26+00:00,Available,,
364675943,2026-05-12T17:39:26+00:00,Available,,
364677421,2026-05-12T17:39:26+00:00,Available,,
364677693,2026-05-12T17:39:26+00:00,Available,,
364678079,2026-05-12T17:39:26+00:00,Available,,
350216376,2026-05-12T17:40:26+00:00,Waitlist,,
350216387,2026-05-12T17:40:26+00:00,Available,,
350216398,2026-05-12T17:40:26+00:00,Waitlist,,
350216409,2026-05-12T17:40:26+00:00,Waitlist,,
350216431,2026-05-12T17:40:26+00:00,Available,,
350216442,2026-05-12T17:40:26+00:00,Waitlist,,
350216453,2026-05-12T17:40:26+00:00,Available,,
350216465,2026-05-12T17:40:26+00:00,Available,,
350216476,2026-05-12T17:40:26+00:00,Waitlist,,
350216487,2026-05-12T17:40:26+00:00,Available,,
350216498,2026-05-12T17:40:26+00:00,Available,,
350216509,2026-05-12T17:40:26+00:00,Waitlist,,
350216520,2026-05-12T17:40:26+00:00,Waitlist,,
350216542,2026-05-12T17:40:26+00:00,Waitlist,,
350216553,2026-05-12T17:40:26+00:00,Available,,
350216564,2026-05-12T17:40:26+00:00,Available,,
350216575,2026-05-12T17:40:26+00:00,Available,,
350216586,2026-05-12T17:40:26+00:00,Waitlist,,
350216597,2026-05-12T17:40:26+00:00,Available,,
350216608,2026-05-12T17:40:26+00:00,Waitlist,,
350216619,2026-05-12T17:40:26+00:00,Waitlist,,
350216630,2026-05-12T17:40:26+00:00,Waitlist,,
350216652,2026-05-12T17:40:26+00:00,Waitlist,,
350216663,2026-05-12T17:40:26+00:00,Available,,
350216674,2026-05-12T17:40:26+00:00,Waitlist,,
350216685,2026-05-12T17:40:26+00:00,Waitlist,,
350216696,2026-05-12T17:40:26+00:00,Available,,
350216707,2026-05-12T17:40:26+00:00,Available,,
350216718,2026-05-12T17:40:26+00:00,Waitlist,,
350216729,2026-05-12T17:40:26+00:00,Available,,
350216740,2026-05-12T17:40:26+00:00,Waitlist,,
350216751,2026-05-12T17:40:26+00:00,Waitlist,,
350216762,2026-05-12T17:40:26+00:00,Waitlist,,
350216773,2026-05-12T17:40:26+00:00,Waitlist,,
350216784,2026-05-12T17:40:26+00:00,Available,,
350216795,2026-05-12T17:40:26+00:00,Available,,
350216806,2026-05-12T17:40:26+00:00,Available,,
350216817,2026-05-12T17:40:26+00:00,Waitlist,,
350216828,2026-05-12T17:40:26+00:00,Available,,
350216839,2026-05-12T17:40:26+00:00,Available,,
350216850,2026-05-12T17:40:26+00:00,Available,,
350216861,2026-05-12T17:40:26+00:00,Waitlist,,
350216872,2026-05-12T17:40:26+00:00,Available,,
350216884,2026-05-12T17:40:26+00:00,Available,,
350216895,2026-05-12T17:40:26+00:00,Available,,
350216906,2026-05-12T17:40:26+00:00,Waitlist,,
350216917,2026-05-12T17:40:26+00:00,Available,,
350216928,2026-05-12T17:40:26+00:00,Waitlist,,
350216939,2026-05-12T17:40:26+00:00,Waitlist,,
350216950,2026-05-12T17:40:26+00:00,Waitlist,,
350216961,2026-05-12T17:40:26+00:00,Waitlist,,
350216972,2026-05-12T17:40:26+00:00,Waitlist,,
350216994,2026-05-12T17:40:26+00:00,Waitlist,,
350217005,2026-05-12T17:40:26+00:00,Waitlist,,
350217016,2026-05-12T17:40:26+00:00,Waitlist,,
350217027,2026-05-12T17:40:26+00:00,Waitlist,,
350217049,2026-05-12T17:40:26+00:00,Waitlist,,
350217071,2026-05-12T17:40:26+00:00,Available,,
350217083,2026-05-12T17:40:26+00:00,Waitlist,,
350217105,2026-05-12T17:40:26+00:00,Available,,
350217117,2026-05-12T17:40:26+00:00,Available,,
350217128,2026-05-12T17:40:26+00:00,Available,,
350217150,2026-05-12T17:40:26+00:00,Available,,
350217162,2026-05-12T17:40:26+00:00,Available,,
350217174,2026-05-12T17:40:26+00:00,Available,,
350217185,2026-05-12T17:40:26+00:00,Available,,
350217207,2026-05-12T17:40:26+00:00,Waitlist,,
350217218,2026-05-12T17:40:26+00:00,Waitlist,,
350217240,2026-05-12T17:40:26+00:00,Waitlist,,
350217251,2026-05-12T17:40:26+00:00,Waitlist,,
350217262,2026-05-12T17:40:26+00:00,Waitlist,,
350217273,2026-05-12T17:40:26+00:00,Waitlist,,
350217284,2026-05-12T17:40:26+00:00,Waitlist,,
350217295,2026-05-12T17:40:26+00:00,Available,,
350217306,2026-05-12T17:40:26+00:00,Waitlist,,
350217317,2026-05-12T17:40:26+00:00,Waitlist,,
350217339,2026-05-12T17:40:26+00:00,Waitlist,,
350217353,2026-05-12T17:40:26+00:00,Available,,
350217366,2026-05-12T17:40:26+00:00,Available,,
350217379,2026-05-12T17:40:26+00:00,Waitlist,,
350217393,2026-05-12T17:40:26+00:00,Waitlist,,
350217404,2026-05-12T17:40:26+00:00,Waitlist,,
350217415,2026-05-12T17:40:26+00:00,Available,,
350217426,2026-05-12T17:40:26+00:00,Available,,
350217437,2026-05-12T17:40:26+00:00,Available,,
350217448,2026-05-12T17:40:26+00:00,Waitlist,,
350732033,2026-05-12T17:40:26+00:00,Available,,
350739304,2026-05-12T17:40:26+00:00,Available,,
350740400,2026-05-12T17:40:26+00:00,Available,,
350740938,2026-05-12T17:40:26+00:00,Available,,
350741533,2026-05-12T17:40:26+00:00,Available,,
350741599,2026-05-12T17:40:26+00:00,Available,,
364675943,2026-05-12T17:40:26+00:00,Available,,
364677421,2026-05-12T17:40:26+00:00,Available,,
364677693,2026-05-12T17:40:26+00:00,Available,,
364678079,2026-05-12T17:40:26+00:00,Available,,
350216376,2026-05-12T17:41:26+00:00,Waitlist,,
350216387,2026-05-12T17:41:26+00:00,Available,,
350216398,2026-05-12T17:41:26+00:00,Waitlist,,
350216409,2026-05-12T17:41:26+00:00,Waitlist,,
350216431,2026-05-12T17:41:26+00:00,Available,,
350216442,2026-05-12T17:41:26+00:00,Waitlist,,
350216453,2026-05-12T17:41:26+00:00,Available,,
350216465,2026-05-12T17:41:26+00:00,Available,,
350216476,2026-05-12T17:41:26+00:00,Waitlist,,
350216487,2026-05-12T17:41:26+00:00,Available,,
350216498,2026-05-12T17:41:26+00:00,Available,,
350216509,2026-05-12T17:41:26+00:00,Waitlist,,
350216520,2026-05-12T17:41:26+00:00,Waitlist,,
350216542,2026-05-12T17:41:26+00:00,Waitlist,,
350216553,2026-05-12T17:41:26+00:00,Available,,
350216564,2026-05-12T17:41:26+00:00,Available,,
350216575,2026-05-12T17:41:26+00:00,Available,,
350216586,2026-05-12T17:41:26+00:00,Waitlist,,
350216597,2026-05-12T17:41:26+00:00,Available,,
350216608,2026-05-12T17:41:26+00:00,Waitlist,,
350216619,2026-05-12T17:41:26+00:00,Waitlist,,
350216630,2026-05-12T17:41:26+00:00,Waitlist,,
350216652,2026-05-12T17:41:26+00:00,Waitlist,,
350216663,2026-05-12T17:41:26+00:00,Available,,
350216674,2026-05-12T17:41:26+00:00,Waitlist,,
350216685,2026-05-12T17:41:26+00:00,Waitlist,,
350216696,2026-05-12T17:41:26+00:00,Available,,
350216707,2026-05-12T17:41:26+00:00,Available,,
350216718,2026-05-12T17:41:26+00:00,Waitlist,,
350216729,2026-05-12T17:41:26+00:00,Available,,
350216740,2026-05-12T17:41:26+00:00,Waitlist,,
350216751,2026-05-12T17:41:26+00:00,Waitlist,,
350216762,2026-05-12T17:41:26+00:00,Waitlist,,
350216773,2026-05-12T17:41:26+00:00,Waitlist,,
350216784,2026-05-12T17:41:26+00:00,Available,,
350216795,2026-05-12T17:41:26+00:00,Available,,
350216806,2026-05-12T17:41:26+00:00,Available,,
350216817,2026-05-12T17:41:26+00:00,Waitlist,,
350216828,2026-05-12T17:41:26+00:00,Available,,
350216839,2026-05-12T17:41:26+00:00,Available,,
350216850,2026-05-12T17:41:26+00:00,Available,,
350216861,2026-05-12T17:41:26+00:00,Waitlist,,
350216872,2026-05-12T17:41:26+00:00,Available,,
350216884,2026-05-12T17:41:26+00:00,Available,,
350216895,2026-05-12T17:41:26+00:00,Available,,
350216906,2026-05-12T17:41:26+00:00,Waitlist,,
350216917,2026-05-12T17:41:26+00:00,Available,,
350216928,2026-05-12T17:41:26+00:00,Waitlist,,
350216939,2026-05-12T17:41:26+00:00,Waitlist,,
350216950,2026-05-12T17:41:26+00:00,Waitlist,,
350216961,2026-05-12T17:41:26+00:00,Waitlist,,
350216972,2026-05-12T17:41:26+00:00,Waitlist,,
350216994,2026-05-12T17:41:26+00:00,Waitlist,,
350217005,2026-05-12T17:41:26+00:00,Waitlist,,
350217016,2026-05-12T17:41:26+00:00,Waitlist,,
350217027,2026-05-12T17:41:26+00:00,Waitlist,,
350217049,2026-05-12T17:41:26+00:00,Waitlist,,
350217071,2026-05-12T17:41:26+00:00,Available,,
350217083,2026-05-12T17:41:26+00:00,Waitlist,,
350217105,2026-05-12T17:41:26+00:00,Available,,
350217117,2026-05-12T17:41:26+00:00,Available,,
350217128,2026-05-12T17:41:26+00:00,Available,,
350217150,2026-05-12T17:41:26+00:00,Available,,
350217162,2026-05-12T17:41:26+00:00,Available,,
350217174,2026-05-12T17:41:26+00:00,Available,,
350217185,2026-05-12T17:41:26+00:00,Available,,
350217207,2026-05-12T17:41:26+00:00,Waitlist,,
350217218,2026-05-12T17:41:26+00:00,Waitlist,,
350217240,2026-05-12T17:41:26+00:00,Waitlist,,
350217251,2026-05-12T17:41:26+00:00,Waitlist,,
350217262,2026-05-12T17:41:26+00:00,Waitlist,,
350217273,2026-05-12T17:41:26+00:00,Waitlist,,
350217284,2026-05-12T17:41:26+00:00,Waitlist,,
350217295,2026-05-12T17:41:26+00:00,Available,,
350217306,2026-05-12T17:41:26+00:00,Waitlist,,
350217317,2026-05-12T17:41:26+00:00,Waitlist,,
350217339,2026-05-12T17:41:26+00:00,Waitlist,,
350217353,2026-05-12T17:41:26+00:00,Available,,
350217366,2026-05-12T17:41:26+00:00,Available,,
350217379,2026-05-12T17:41:26+00:00,Waitlist,,
350217393,2026-05-12T17:41:26+00:00,Waitlist,,
350217404,2026-05-12T17:41:26+00:00,Waitlist,,
350217415,2026-05-12T17:41:26+00:00,Available,,
350217426,2026-05-12T17:41:26+00:00,Available,,
350217437,2026-05-12T17:41:26+00:00,Available,,
350217448,2026-05-12T17:41:26+00:00,Waitlist,,
350732033,2026-05-12T17:41:26+00:00,Available,,
350739304,2026-05-12T17:41:26+00:00,Available,,
350740400,2026-05-12T17:41:26+00:00,Available,,
350740938,2026-05-12T17:41:26+00:00,Available,,
350741533,2026-05-12T17:41:26+00:00,Available,,
350741599,2026-05-12T17:41:26+00:00,Available,,
364675943,2026-05-12T17:41:26+00:00,Available,,
364677421,2026-05-12T17:41:26+00:00,Available,,
364677693,2026-05-12T17:41:26+00:00,Available,,
364678079,2026-05-12T17:41:26+00:00,Available,,
350216376,2026-05-12T17:42:26+00:00,Waitlist,,
350216387,2026-05-12T17:42:26+00:00,Available,,
350216398,2026-05-12T17:42:26+00:00,Waitlist,,
350216409,2026-05-12T17:42:26+00:00,Waitlist,,
350216431,2026-05-12T17:42:26+00:00,Available,,
350216442,2026-05-12T17:42:26+00:00,Waitlist,,
350216453,2026-05-12T17:42:26+00:00,Available,,
350216465,2026-05-12T17:42:26+00:00,Available,,
350216476,2026-05-12T17:42:26+00:00,Waitlist,,
350216487,2026-05-12T17:42:26+00:00,Available,,
350216498,2026-05-12T17:42:26+00:00,Available,,
350216509,2026-05-12T17:42:26+00:00,Waitlist,,
350216520,2026-05-12T17:42:26+00:00,Waitlist,,
350216542,2026-05-12T17:42:26+00:00,Waitlist,,
350216553,2026-05-12T17:42:26+00:00,Available,,
350216564,2026-05-12T17:42:26+00:00,Available,,
350216575,2026-05-12T17:42:26+00:00,Available,,
350216586,2026-05-12T17:42:26+00:00,Waitlist,,
350216597,2026-05-12T17:42:26+00:00,Available,,
350216608,2026-05-12T17:42:26+00:00,Waitlist,,
350216619,2026-05-12T17:42:26+00:00,Waitlist,,
350216630,2026-05-12T17:42:26+00:00,Waitlist,,
350216652,2026-05-12T17:42:26+00:00,Waitlist,,
350216663,2026-05-12T17:42:26+00:00,Available,,
350216674,2026-05-12T17:42:26+00:00,Waitlist,,
350216685,2026-05-12T17:42:26+00:00,Waitlist,,
350216696,2026-05-12T17:42:26+00:00,Available,,
350216707,2026-05-12T17:42:26+00:00,Available,,
350216718,2026-05-12T17:42:26+00:00,Waitlist,,
350216729,2026-05-12T17:42:26+00:00,Available,,
350216740,2026-05-12T17:42:26+00:00,Waitlist,,
350216751,2026-05-12T17:42:26+00:00,Waitlist,,
350216762,2026-05-12T17:42:26+00:00,Waitlist,,
350216773,2026-05-12T17:42:26+00:00,Waitlist,,
350216784,2026-05-12T17:42:26+00:00,Available,,
350216795,2026-05-12T17:42:26+00:00,Available,,
350216806,2026-05-12T17:42:26+00:00,Available,,
350216817,2026-05-12T17:42:26+00:00,Waitlist,,
350216828,2026-05-12T17:42:26+00:00,Available,,
350216839,2026-05-12T17:42:26+00:00,Available,,
350216850,2026-05-12T17:42:26+00:00,Available,,
350216861,2026-05-12T17:42:26+00:00,Waitlist,,
350216872,2026-05-12T17:42:26+00:00,Available,,
350216884,2026-05-12T17:42:26+00:00,Available,,
350216895,2026-05-12T17:42:26+00:00,Available,,
350216906,2026-05-12T17:42:26+00:00,Waitlist,,
350216917,2026-05-12T17:42:26+00:00,Available,,
350216928,2026-05-12T17:42:26+00:00,Waitlist,,
350216939,2026-05-12T17:42:26+00:00,Waitlist,,
350216950,2026-05-12T17:42:26+00:00,Waitlist,,
350216961,2026-05-12T17:42:26+00:00,Waitlist,,
350216972,2026-05-12T17:42:26+00:00,Waitlist,,
350216994,2026-05-12T17:42:26+00:00,Waitlist,,
350217005,2026-05-12T17:42:26+00:00,Waitlist,,
350217016,2026-05-12T17:42:26+00:00,Waitlist,,
350217027,2026-05-12T17:42:26+00:00,Waitlist,,
350217049,2026-05-12T17:42:26+00:00,Waitlist,,
350217071,2026-05-12T17:42:26+00:00,Available,,
350217083,2026-05-12T17:42:26+00:00,Waitlist,,
350217105,2026-05-12T17:42:26+00:00,Available,,
350217117,2026-05-12T17:42:26+00:00,Available,,
350217128,2026-05-12T17:42:26+00:00,Available,,
350217150,2026-05-12T17:42:26+00:00,Available,,
350217162,2026-05-12T17:42:26+00:00,Available,,
350217174,2026-05-12T17:42:26+00:00,Available,,
350217185,2026-05-12T17:42:26+00:00,Available,,
350217207,2026-05-12T17:42:26+00:00,Waitlist,,
350217218,2026-05-12T17:42:26+00:00,Waitlist,,
350217240,2026-05-12T17:42:26+00:00,Waitlist,,
350217251,2026-05-12T17:42:26+00:00,Waitlist,,
350217262,2026-05-12T17:42:26+00:00,Waitlist,,
350217273,2026-05-12T17:42:26+00:00,Waitlist,,
350217284,2026-05-12T17:42:26+00:00,Waitlist,,
350217295,2026-05-12T17:42:26+00:00,Available,,
350217306,2026-05-12T17:42:26+00:00,Waitlist,,
350217317,2026-05-12T17:42:26+00:00,Waitlist,,
350217339,2026-05-12T17:42:26+00:00,Waitlist,,
350217353,2026-05-12T17:42:26+00:00,Available,,
350217366,2026-05-12T17:42:26+00:00,Available,,
350217379,2026-05-12T17:42:26+00:00,Waitlist,,
350217393,2026-05-12T17:42:26+00:00,Waitlist,,
350217404,2026-05-12T17:42:26+00:00,Waitlist,,
350217415,2026-05-12T17:42:26+00:00,Available,,
350217426,2026-05-12T17:42:26+00:00,Available,,
350217437,2026-05-12T17:42:26+00:00,Available,,
350217448,2026-05-12T17:42:26+00:00,Waitlist,,
350732033,2026-05-12T17:42:26+00:00,Available,,
350739304,2026-05-12T17:42:26+00:00,Available,,
350740400,2026-05-12T17:42:26+00:00,Available,,
350740938,2026-05-12T17:42:26+00:00,Available,,
350741533,2026-05-12T17:42:26+00:00,Available,,
350741599,2026-05-12T17:42:26+00:00,Available,,
364675943,2026-05-12T17:42:26+00:00,Available,,
364677421,2026-05-12T17:42:26+00:00,Available,,
364677693,2026-05-12T17:42:26+00:00,Available,,
364678079,2026-05-12T17:42:26+00:00,Available,,
350216376,2026-05-12T17:43:26+00:00,Waitlist,,
350216387,2026-05-12T17:43:26+00:00,Available,,
350216398,2026-05-12T17:43:26+00:00,Waitlist,,
350216409,2026-05-12T17:43:26+00:00,Waitlist,,
350216431,2026-05-12T17:43:26+00:00,Available,,
350216442,2026-05-12T17:43:26+00:00,Waitlist,,
350216453,2026-05-12T17:43:26+00:00,Available,,
350216465,2026-05-12T17:43:26+00:00,Available,,
350216476,2026-05-12T17:43:26+00:00,Waitlist,,
350216487,2026-05-12T17:43:26+00:00,Available,,
350216498,2026-05-12T17:43:26+00:00,Available,,
350216509,2026-05-12T17:43:26+00:00,Waitlist,,
350216520,2026-05-12T17:43:26+00:00,Waitlist,,
350216542,2026-05-12T17:43:26+00:00,Waitlist,,
350216553,2026-05-12T17:43:26+00:00,Available,,
350216564,2026-05-12T17:43:26+00:00,Available,,
350216575,2026-05-12T17:43:26+00:00,Available,,
350216586,2026-05-12T17:43:26+00:00,Waitlist,,
350216597,2026-05-12T17:43:26+00:00,Available,,
350216608,2026-05-12T17:43:26+00:00,Waitlist,,
350216619,2026-05-12T17:43:26+00:00,Waitlist,,
350216630,2026-05-12T17:43:26+00:00,Waitlist,,
350216652,2026-05-12T17:43:26+00:00,Waitlist,,
350216663,2026-05-12T17:43:26+00:00,Available,,
350216674,2026-05-12T17:43:26+00:00,Waitlist,,
350216685,2026-05-12T17:43:26+00:00,Waitlist,,
350216696,2026-05-12T17:43:26+00:00,Available,,
350216707,2026-05-12T17:43:26+00:00,Available,,
350216718,2026-05-12T17:43:26+00:00,Waitlist,,
350216729,2026-05-12T17:43:26+00:00,Available,,
350216740,2026-05-12T17:43:26+00:00,Waitlist,,
350216751,2026-05-12T17:43:26+00:00,Waitlist,,
350216762,2026-05-12T17:43:26+00:00,Waitlist,,
350216773,2026-05-12T17:43:26+00:00,Waitlist,,
350216784,2026-05-12T17:43:26+00:00,Available,,
350216795,2026-05-12T17:43:26+00:00,Available,,
350216806,2026-05-12T17:43:26+00:00,Available,,
350216817,2026-05-12T17:43:26+00:00,Waitlist,,
350216828,2026-05-12T17:43:26+00:00,Available,,
350216839,2026-05-12T17:43:26+00:00,Available,,
350216850,2026-05-12T17:43:26+00:00,Available,,
350216861,2026-05-12T17:43:26+00:00,Waitlist,,
350216872,2026-05-12T17:43:26+00:00,Available,,
350216884,2026-05-12T17:43:26+00:00,Available,,
350216895,2026-05-12T17:43:26+00:00,Available,,
350216906,2026-05-12T17:43:26+00:00,Waitlist,,
350216917,2026-05-12T17:43:26+00:00,Available,,
350216928,2026-05-12T17:43:26+00:00,Waitlist,,
350216939,2026-05-12T17:43:26+00:00,Waitlist,,
350216950,2026-05-12T17:43:26+00:00,Waitlist,,
350216961,2026-05-12T17:43:26+00:00,Waitlist,,
350216972,2026-05-12T17:43:26+00:00,Waitlist,,
350216994,2026-05-12T17:43:26+00:00,Waitlist,,
350217005,2026-05-12T17:43:26+00:00,Waitlist,,
350217016,2026-05-12T17:43:26+00:00,Waitlist,,
350217027,2026-05-12T17:43:26+00:00,Waitlist,,
350217049,2026-05-12T17:43:26+00:00,Waitlist,,
350217071,2026-05-12T17:43:26+00:00,Available,,
350217083,2026-05-12T17:43:26+00:00,Waitlist,,
350217105,2026-05-12T17:43:26+00:00,Available,,
350217117,2026-05-12T17:43:26+00:00,Available,,
350217128,2026-05-12T17:43:26+00:00,Available,,
350217150,2026-05-12T17:43:26+00:00,Available,,
350217162,2026-05-12T17:43:26+00:00,Available,,
350217174,2026-05-12T17:43:26+00:00,Available,,
350217185,2026-05-12T17:43:26+00:00,Available,,
350217207,2026-05-12T17:43:26+00:00,Waitlist,,
350217218,2026-05-12T17:43:26+00:00,Waitlist,,
350217240,2026-05-12T17:43:26+00:00,Waitlist,,
350217251,2026-05-12T17:43:26+00:00,Waitlist,,
350217262,2026-05-12T17:43:26+00:00,Waitlist,,
350217273,2026-05-12T17:43:26+00:00,Waitlist,,
350217284,2026-05-12T17:43:26+00:00,Waitlist,,
350217295,2026-05-12T17:43:26+00:00,Available,,
350217306,2026-05-12T17:43:26+00:00,Waitlist,,
350217317,2026-05-12T17:43:26+00:00,Waitlist,,
350217339,2026-05-12T17:43:26+00:00,Waitlist,,
350217353,2026-05-12T17:43:26+00:00,Available,,
350217366,2026-05-12T17:43:26+00:00,Available,,
350217379,2026-05-12T17:43:26+00:00,Waitlist,,
350217393,2026-05-12T17:43:26+00:00,Waitlist,,
350217404,2026-05-12T17:43:26+00:00,Waitlist,,
350217415,2026-05-12T17:43:26+00:00,Available,,
350217426,2026-05-12T17:43:26+00:00,Available,,
350217437,2026-05-12T17:43:26+00:00,Available,,
350217448,2026-05-12T17:43:26+00:00,Waitlist,,
350732033,2026-05-12T17:43:26+00:00,Available,,
350739304,2026-05-12T17:43:26+00:00,Available,,
350740400,2026-05-12T17:43:26+00:00,Available,,
350740938,2026-05-12T17:43:26+00:00,Available,,
350741533,2026-05-12T17:43:26+00:00,Available,,
350741599,2026-05-12T17:43:26+00:00,Available,,
364675943,2026-05-12T17:43:26+00:00,Available,,
364677421,2026-05-12T17:43:26+00:00,Available,,
364677693,2026-05-12T17:43:26+00:00,Available,,
364678079,2026-05-12T17:43:26+00:00,Available,,
